text,actual_intent,predicted_intent,confidence,correct
"Can you grow 302,694 by 39.68 percent",percent_increase,percentage,0.47568604,False
"I want to calculate what is the root of 1,286,426?",square_root,square_root,0.89950365,True
"Figure out what is the mean in this list: 8,531, 10,391, -9,194, 2,827, 12,728, -8,769, -1,656, -15,883 please",statistics,statistics,0.93268913,True
"Work out what value of x satisfies 3x - 709 = -1,060 for me",equation,equation,0.9997454,True
"I'd like to know calculate the EMI on 6,088,718 at 18.31% for 15 years?",emi,emi,0.638736,True
"Can you what remains after reducing 420,193 by 60.11% please",percent_decrease,percent_decrease,0.848838,True
"Tell me work out 72.24% of 687,752 for me",percentage,percentage,0.99133646,True
"Turn 13,203.92 degrees F into Celsius exactly",unit_conversion,trigonometry,0.92807674,False
"Can you CAGR from 1,940,785 to 6,930,638 over 6 years",cagr,cagr,0.98600245,True
"I need you to simple interest on 3,213,211 at 8.9% for 13 years for me",simple_interest,simple_interest,0.99923587,True
"Figure out what is the natural log of 989,861.37 please",logarithm,logarithm,0.49501678,True
"I need you to calculate CAGR if 1,693,298 grows to 2,344,669 in 4 years",cagr,cagr,0.99968386,True
"Tell me what is 1,549,225 divided by 2,405 if possible",division,division,0.99692327,True
Can you determine x from 2x + 77 = -871?,equation,equation,0.9999479,True
"I want to calculate subtract 12,126 from 1,953,533 please",subtraction,subtraction,0.9962167,True
Please find the factorial for 13?,factorial,factorial,0.9980774,True
"Figure out add 10.46% to 1,062,147 please",percent_increase,percent_increase,0.9983083,True
"How many feet are 64,520.87 meters if possible",unit_conversion,unit_conversion,0.9974917,True
"Figure out simple interest on 4,435,690 at 4.37% for 16 years if possible",simple_interest,simple_interest,0.99945456,True
"I'd like to know how much simple interest does 1,266,832 earn at 10.19% for 17 years exactly",simple_interest,simple_interest,0.99699223,True
"Tell me calculate 1,512,620 + 19,968?",addition,addition,0.9978041,True
"I want to calculate calculate 304,568 / 1,853 if possible",division,division,0.99593914,True
I'd like to know work out the following expression: 619 * 7 + 390?,generic_expression,generic_expression,0.9880872,True
"Work out add 1,450,581 to 15,729",addition,addition,0.9963496,True
"I'd like to know how much simple interest does 6,170,702 earn at 4.18% for 21 years?",simple_interest,simple_interest,0.997823,True
"Can you what monthly payment would I have for 1,367,923 at 1.86% over 20 years?",emi,emi,0.99740905,True
I need you to evaluate cos at 342.9 degrees please,trigonometry,trigonometry,0.99957436,True
"Could you calculate the standard deviation of -12,708, -13,170, 3,690, 11,505, 13,589, -18,385, 249, -425, -19,253, 807, 6,256, -7,119?",statistics,statistics,0.99692935,True
"I'd like to know subtract 15,188 from 1,063,693?",subtraction,subtraction,0.99748,True
Could you work out the following expression: 3486 - (614 / 10)?,generic_expression,generic_expression,0.98977554,True
"I'd like to know compound interest on 6,865,442 at 6.4% for 1 years?",compound_interest,compound_interest,0.99880695,True
"I'd like to know increase 436,276 by 94.5%",percent_increase,percent_increase,0.9996946,True
Work out evaluate factorial(17)?,factorial,factorial,0.9931718,True
"Figure out take 3,599 away from 1,196,557 exactly",subtraction,subtraction,0.9989685,True
"Please calculate log10(1,000) exactly",logarithm,logarithm,0.999622,True
"Help me work out 13.78% of 1,868,641 for me",percentage,percentage,0.99529785,True
I need you to find the factorial for 11?,factorial,factorial,0.9826797,True
"Tell me subtract 74.58% from 1,374,908 if possible",percent_decrease,percent_decrease,0.9977416,True
Figure out what does 3075^4 + 349 come to exactly,generic_expression,power,0.75038594,False
I'd like to know what does 54 * 23 + 51 come to if possible,generic_expression,multiplication,0.4717096,False
"Can you divide 1,766,600 by 440",division,division,0.9997904,True
"Convert 26,264.3 pounds into kilograms for me",unit_conversion,unit_conversion,0.91641235,True
"I want to calculate calculate 53,364 * 6,899 for me",multiplication,multiplication,0.9945194,True
Figure out give me the value of 3878^4 + 915 if possible,generic_expression,power,0.7837548,False
"I want to calculate calculate SI for 4,645,419 with rate 5.62% and time 13 years?",simple_interest,simple_interest,0.99840575,True
"Help me what is 1,784,496 minus 21,799 if possible",subtraction,subtraction,0.99517304,True
"I'd like to know CAGR from 933,657 to 1,427,848 over 9 years?",cagr,cagr,0.97975975,True
"I'd like to know calculate 1,276,439 * 5,458 for me",multiplication,multiplication,0.997422,True
Work out what does 18 factorial equal,factorial,factorial,0.93119216,True
"Can you find the quotient of 56,722 and 1,406 exactly",division,division,0.9989957,True
"Can you calculate log10(10,000)",logarithm,logarithm,0.9994862,True
Work out raise 326 to the 2th power?,power,power,0.99957925,True
"Figure out how much compound interest does 211,494 earn at 12.46% for 10 years",compound_interest,compound_interest,0.99727863,True
Tell me evaluate this expression: 374 - (826 / 25) for me,generic_expression,generic_expression,0.9993272,True
Could you evaluate 738^5?,power,power,0.9999174,True
"Figure out what is 234,238 minus 15,435 exactly",subtraction,subtraction,0.99564916,True
Can you calculate 10!,factorial,factorial,0.34290075,True
"I want to calculate calculate 933,278 / 1,522 please",division,division,0.9965958,True
"I'd like to know subtract 44.74% from 913,894 please",percent_decrease,percent_decrease,0.99797076,True
"Tell me what is 1,826,598 divided by 2,426 for me",division,division,0.9968913,True
Figure out factorial of 12,factorial,factorial,0.9943499,True
"Please solve 93x + 492 = -37,452",equation,equation,0.99966025,True
"I want to calculate calculate 352,611 - 10,879 exactly",subtraction,subtraction,0.9872541,True
"I need you to what monthly payment would I have for 4,911,211 at 2.83% over 20 years exactly",emi,emi,0.99717426,True
"I'd like to know CAGR from 364,435 to 849,231 over 2 years please",cagr,cagr,0.9891556,True
"Work out how much simple interest does 6,177,708 earn at 11.58% for 4 years?",simple_interest,simple_interest,0.99750817,True
"Please calculate 920,721 * 986",multiplication,multiplication,0.9990482,True
"Please what value of x satisfies 17x + 472 = 8,377?",equation,equation,0.9997112,True
"Help me what remains after reducing 1,334,124 by 65.33% exactly",percent_decrease,percent_decrease,0.8228123,True
"Please what is the natural log of 1,000 please",logarithm,logarithm,0.8237483,True
"Could you increase 324,436 by 73.07%?",percent_increase,percent_increase,0.9994717,True
"Could you what value of x satisfies 4x + 423 = -1,497 for me",equation,equation,0.99984837,True
"Can you calculate the EMI on 1,756,013 at 2.48% for 18 years please",emi,emi,0.6441789,True
"I need you to calculate 749,016 / 152",division,division,0.99863017,True
"I'd like to know calculate CI for 951,538 with rate 19.53% and time 23 years exactly",compound_interest,compound_interest,0.99703693,True
"I'd like to know evaluate ln(937,066.16)",logarithm,logarithm,0.98392695,True
Help me raise 14 to the 10th power please,power,power,0.99998736,True
"I'd like to know what is 1,880,039 divided by 491",division,division,0.99822766,True
"How many miles are 13,556.77 km exactly",unit_conversion,unit_conversion,0.9930229,True
"I need you to find x where 57x - 69 equals 15,948 for me",equation,addition,0.4027418,False
"Work out how much simple interest does 7,113,576 earn at 6.06% for 7 years?",simple_interest,simple_interest,0.9976822,True
"Can you monthly EMI for a loan of 7,285,323 at 21.07% over 19 years",emi,emi,0.99999475,True
"Please simple interest on 165,234 at 17.56% for 1 years",simple_interest,simple_interest,0.99960643,True
"I'd like to know increase 1,524,369 by 90.05% exactly",percent_increase,percent_increase,0.99949765,True
"I need you to find the total of 392,280 and 6,448 please",addition,addition,0.99931335,True
"I need you to how much compound interest does 5,400,976 earn at 7.03% for 19 years for me",compound_interest,compound_interest,0.9965693,True
"Could you what is 18,876 minus 3,034 for me",subtraction,subtraction,0.9977944,True
"Could you compound interest on 7,539,765 at 14.69% for 20 years",compound_interest,compound_interest,0.99876034,True
"I'd like to know what is 1,104,598 minus 20,928",subtraction,subtraction,0.99575883,True
Tell me evaluate 361^4 exactly,power,power,0.99986804,True
I want to calculate what does log10(100) + 373 come to please,generic_expression,logarithm,0.9305231,False
"I need you to what is 819,612 plus 3,363 if possible",addition,addition,0.99671644,True
"Please what is 1,928,028 divided by 1,952?",division,division,0.99897814,True
"Could you calculate sqrt(17,476,174) for me",square_root,square_root,0.99456066,True
Please raise 207 to the 11th power exactly,power,power,0.99978703,True
"Please CAGR from 103,656 to 128,708 over 10 years exactly",cagr,cagr,0.9760468,True
"Please calculate the EMI on 7,837,086 at 18.63% for 8 years",emi,emi,0.6631845,True
Figure out calculate 2!,factorial,factorial,0.8565574,True
"I need you to add 1,188,369 to 20,233 please",addition,addition,0.99460346,True
I'd like to know calculate 8! if possible,factorial,power,0.65796745,False
"I'd like to know what remains after reducing 1,348,605 by 61.28% exactly",percent_decrease,percent_decrease,0.8089916,True
Tell me evaluate factorial(19) please,factorial,factorial,0.9903285,True
"Help me work out the median from these numbers 19,907, 8,272, -2,672, 5,153, 6,197, 14,545, -10,898, 5,586?",statistics,statistics,0.9267677,True
I need you to determine x from 4x + 761 = -539 if possible,equation,equation,0.9999348,True
"Help me add 71.83% to 1,734,906 please",percent_increase,percent_increase,0.9987835,True
"Help me determine x from 11x - 780 = 4,258?",equation,equation,0.9997788,True
"Help me find the base 10 log of 10,000?",logarithm,logarithm,0.9578442,True
"Turn 13,399.17 degrees F into Celsius for me",unit_conversion,trigonometry,0.9591763,False
"Turn 31,525.6 degrees F into Celsius exactly",unit_conversion,trigonometry,0.9334746,False
"Could you calculate 1,423,855 * 19,209 exactly",multiplication,multiplication,0.9977603,True
"Work out grow 397,723 by 94.85 percent please",percent_increase,percentage,0.48459417,False
"Could you grow 1,038,768 by 38.21 percent",percent_increase,percentage,0.42975917,False
"Help me find the product of 1,298,604 and 2,754",multiplication,multiplication,0.9988538,True
"Can you what is 1,500,720 times 9,684 exactly",multiplication,multiplication,0.9927825,True
"Tell me calculate SI for 5,204,620 with rate 8.91% and time 24 years?",simple_interest,simple_interest,0.9989951,True
"Help me work out the mean from these numbers 10,370, 18,749, -1,603, 11,061, 14,187, 9,985 if possible",statistics,statistics,0.6264132,True
"Work out determine x from 97x - 6 = 20,849 please",equation,equation,0.99984694,True
"I want to calculate what is 748,886 divided by 2,214",division,division,0.9960517,True
"Turn 87,779.79 degrees F into Celsius exactly",unit_conversion,trigonometry,0.9527898,False
Can you find cosine for an angle of 71.52 degrees?,trigonometry,trigonometry,0.9997501,True
"Work out find the compound annual growth rate from 308,207 to 1,080,801 over 11 years",cagr,cagr,0.9956071,True
I want to calculate give me the value of sqrt(23) + 786 if possible,generic_expression,square_root,0.65713966,False
Figure out what is tan(341.52) exactly,trigonometry,percentage,0.38262787,False
"Figure out what is the root of 1,562,500",square_root,square_root,0.94871926,True
Figure out what does 15 factorial equal if possible,factorial,factorial,0.8618366,True
"Can you what remains after reducing 570,141 by 16.19%",percent_decrease,percent_decrease,0.88036925,True
Please evaluate ln(100),logarithm,logarithm,0.9719183,True
"How many feet are 88,612.62 meters",unit_conversion,unit_conversion,0.99811685,True
"Could you what amount is 28.84% of 923,363 if possible",percentage,percentage,0.99985707,True
Please calculate 17!?,factorial,trigonometry,0.3641715,False
"I'd like to know add 274,747 to 18,832 please",addition,addition,0.99432445,True
"Work out find the square root of 3,668,687",square_root,square_root,0.99986625,True
"Please what value of x satisfies 27x + 922 = 3,163",equation,equation,0.99978167,True
"I'd like to know calculate 1,617,921 * 20,612?",multiplication,multiplication,0.9957534,True
"Could you what is 1,959,815 minus 14,721 for me",subtraction,subtraction,0.99704593,True
"Work out simple interest on 5,816,656 at 4.7% for 8 years if possible",simple_interest,simple_interest,0.99960464,True
"I'd like to know calculate sqrt(10,569,001) exactly",square_root,square_root,0.9800938,True
Figure out calculate 0! exactly,factorial,factorial,0.9791716,True
Tell me factorial of 3?,factorial,factorial,0.9992126,True
"Can you increase 1,534,974 by 95.84% please",percent_increase,percent_increase,0.9995203,True
"I'd like to know what is the root of 10,349,089?",square_root,square_root,0.9802397,True
"Work out add 1,074,908 to 17,023 if possible",addition,addition,0.9945523,True
"Help me calculate SI for 1,518,381 with rate 11.85% and time 8 years for me",simple_interest,simple_interest,0.99797064,True
Tell me find the base 10 log of 100 if possible,logarithm,logarithm,0.9523134,True
"Work out grow 390,324 by 58.14 percent if possible",percent_increase,percentage,0.47808117,False
"Tell me calculate CAGR if 1,189,244 grows to 1,876,589 in 14 years if possible",cagr,cagr,0.99978286,True
"Help me take 14,413 away from 1,971,879 exactly",subtraction,subtraction,0.99937385,True
Please factorial of 3?,factorial,factorial,0.99933463,True
Please evaluate this expression: sin(246)?,generic_expression,generic_expression,0.9998932,True
"Turn 87,115.21 degrees F into Celsius?",unit_conversion,trigonometry,0.9490404,False
"I'd like to know tell me 8.11 percent of 307,761",percentage,percentage,0.98626363,True
I want to calculate evaluate this expression: 126 - (484 / 3) if possible,generic_expression,generic_expression,0.99979955,True
"I'd like to know calculate 1,066,568 * 19,785",multiplication,multiplication,0.99784875,True
"Help me what is 2,922,007 divided by 1,133 please",division,division,0.99853957,True
"I want to calculate find the product of 1,620,356 and 13,825 please",multiplication,multiplication,0.9972717,True
"Work out CAGR from 917,962 to 3,975,545 over 5 years for me",cagr,cagr,0.9921016,True
"Help me find the square root of 18,139,081 please",square_root,square_root,0.9997919,True
"Convert 79,576.53 Celsius to Fahrenheit",unit_conversion,unit_conversion,0.9712378,True
"I want to calculate increase 632,576 by 35.15% if possible",percent_increase,percent_increase,0.9996706,True
"Can you how much simple interest does 6,371,625 earn at 9.81% for 7 years exactly",simple_interest,simple_interest,0.99737084,True
"I want to calculate calculate CAGR if 337,085 grows to 506,915 in 5 years exactly",cagr,cagr,0.99932206,True
"Could you solve 74x + 540 = -5,528 for me",equation,equation,0.99961424,True
"Could you decrease 161,110 by 20.19% for me",percent_decrease,percent_decrease,0.9992536,True
"Figure out determine x from 29x + 21 = -9,636 please",equation,equation,0.99983835,True
"Can you what monthly payment would I have for 613,689 at 18.35% over 22 years please",emi,emi,0.99782383,True
"I want to calculate how much simple interest does 7,792,948 earn at 18.65% for 8 years if possible",simple_interest,simple_interest,0.9980788,True
Help me evaluate cos at 9.88 degrees please,trigonometry,trigonometry,0.99982697,True
Could you evaluate sin at 253.51 degrees?,trigonometry,trigonometry,0.9990728,True
"Work out what value of x satisfies 99x + 755 = -7,165?",equation,equation,0.99951124,True
"Please what does 1,086,120 become after a 14.29% increase",percent_increase,percent_increase,0.99914217,True
"Tell me work out the standard deviation from these numbers 19,829, 19,128, 2,780, -18,484, 12,661, 17,993, -19,060, 8,461, -1,484, 6,806 for me",statistics,statistics,0.9960288,True
I'd like to know what does 18 factorial equal please,factorial,factorial,0.9507345,True
"Tell me calculate 1,679,448 * 13,950 if possible",multiplication,multiplication,0.99828315,True
"Figure out calculate SI for 7,696,747 with rate 20.92% and time 11 years exactly",simple_interest,simple_interest,0.99869776,True
Help me evaluate 948^4,power,power,0.9999769,True
"Can you what is 1,681,606 times 18,470 please",multiplication,multiplication,0.99467814,True
"I'd like to know calculate the variance of -4,616, -1,599, -13,587, 7,619, 14,309, 11,676, -11,091, -12,950?",statistics,statistics,0.76864195,True
"Help me calculate the EMI on 5,591,546 at 5.44% for 16 years for me",emi,emi,0.6667514,True
"Help me what is 298,943 plus 15,042",addition,addition,0.9961481,True
"Tell me what is the natural log of 10,000?",logarithm,logarithm,0.7946728,True
"I need you to what is 932,293 divided by 2,208",division,division,0.998769,True
"Tell me find the product of 848,475 and 2,147 if possible",multiplication,multiplication,0.99773175,True
"Could you tell me 34.52 percent of 1,311,422?",percentage,percentage,0.99166906,True
"I want to calculate simple interest on 6,681,411 at 5.5% for 17 years?",simple_interest,simple_interest,0.99965155,True
"Please calculate the variance of 19,783, -17,419, 6,723, 1,196, -14,223, -11,267, -14,213, -3,376?",statistics,statistics,0.6867687,True
"Work out calculate 9.68 percent of 843,918?",percentage,percentage,0.99618727,True
"I want to calculate calculate 320,730 - 9,044?",subtraction,subtraction,0.99092054,True
"I'd like to know what is 9,367 times 21,783?",multiplication,multiplication,0.9940999,True
Please factorial of 14,factorial,factorial,0.9985678,True
"Tell me simple interest on 7,406,484 at 13.17% for 9 years",simple_interest,simple_interest,0.9995704,True
"Could you simple interest on 5,392,711 at 7.14% for 8 years",simple_interest,simple_interest,0.9995029,True
"Work out monthly EMI for a loan of 2,890,514 at 20.23% over 10 years if possible",emi,emi,0.9999919,True
"I want to calculate find the standard deviation for 14,708, -15,344, -8,768, 5,734, -2,186, 16,378 if possible",statistics,statistics,0.99833137,True
"I need you to monthly EMI for a loan of 2,345,914 at 13.87% over 6 years if possible",emi,emi,0.99998975,True
"Can you calculate 1,462,505 * 21,875 for me",multiplication,multiplication,0.99777824,True
"Please calculate CI for 1,380,523 with rate 3.05% and time 21 years please",compound_interest,compound_interest,0.9983109,True
"Help me calculate CI for 7,676,374 with rate 19% and time 18 years please",compound_interest,compound_interest,0.9991553,True
"Tell me subtract 7,535 from 1,220,350 for me",subtraction,subtraction,0.9970806,True
"How many miles are 50,890.26 km",unit_conversion,unit_conversion,0.99684453,True
I want to calculate give me the value of sqrt(4538) + 263 for me,generic_expression,square_root,0.7181084,False
"Could you calculate 1,570,805 + 19,645 exactly",addition,addition,0.9978708,True
"Help me calculate 87,543 / 585 for me",division,division,0.99781203,True
"Could you increase 1,311,932 by 61.42% if possible",percent_increase,percent_increase,0.9996063,True
"I need you to calculate CI for 1,571,078 with rate 11.2% and time 13 years if possible",compound_interest,compound_interest,0.99743503,True
"I want to calculate what is 1,037,553 minus 609",subtraction,subtraction,0.9912247,True
"Tell me what is 248,852 minus 1,121?",subtraction,subtraction,0.99777126,True
"I need you to calculate 1,501,712 * 19,719 if possible",multiplication,multiplication,0.99800044,True
Could you calculate 10!,factorial,trigonometry,0.25389403,False
"Work out find x where 34x + 974 equals 14,642 if possible",equation,addition,0.27208856,False
Please calculate the sine of 159.01 degrees exactly,trigonometry,trigonometry,0.99977916,True
"Please evaluate the square root of 17,447,329 please",square_root,square_root,0.9996767,True
Tell me calculate log10(10) exactly,logarithm,logarithm,0.99845743,True
"I want to calculate find the quotient of 1,052,827 and 762 if possible",division,division,0.9976427,True
"Help me take 9,970 away from 892,772 for me",subtraction,subtraction,0.9990958,True
Could you what is the natural log of 100 please,logarithm,logarithm,0.7735194,True
I need you to what does log10(10) + 469 come to please,generic_expression,logarithm,0.9642556,False
"Help me add 75.02% to 1,563,432",percent_increase,percent_increase,0.9989567,True
"Could you what is 1,820,083 minus 7,088?",subtraction,subtraction,0.9964522,True
"Help me what is 1,610,700 plus 21,406?",addition,addition,0.9945457,True
Figure out calculate 324 to the power of 5,power,power,0.9999976,True
Tell me find sine for an angle of 274.92 degrees for me,trigonometry,trigonometry,0.9998272,True
"Tell me what is 567,764 plus 19,352",addition,addition,0.99539316,True
"Figure out what amount is 55.47% of 1,352,237",percentage,percentage,0.9999721,True
"Tell me multiply 721,884 by 17,492 exactly",multiplication,multiplication,0.99915755,True
"Help me what amount is 24.67% of 1,587,005 please",percentage,percentage,0.9999685,True
"Work out divide 1,950,943 by 1,633 for me",division,division,0.99955314,True
"I want to calculate divide 673,340 by 1,197 if possible",division,division,0.99884546,True
Help me what does (3913 + 686) * 2 come to,generic_expression,multiplication,0.60252196,False
Help me evaluate factorial(7) exactly,factorial,factorial,0.99869496,True
"Please increase 154,204 by 61.93% if possible",percent_increase,percent_increase,0.9995053,True
"I want to calculate what is 471,573 divided by 1,359?",division,division,0.99829465,True
Work out find sine for an angle of 108.84 degrees for me,trigonometry,trigonometry,0.9997738,True
"Figure out decrease 885,376 by 75.36% for me",percent_decrease,percent_decrease,0.999313,True
"Work out calculate the EMI on 7,753,386 at 18.83% for 11 years",emi,emi,0.6303606,True
"I'd like to know what is 1,087,597 times 9,227 exactly",multiplication,multiplication,0.99074346,True
"Figure out simple interest on 2,258,924 at 13.54% for 3 years please",simple_interest,simple_interest,0.9992455,True
"Could you calculate sqrt(14,304,524)?",square_root,square_root,0.9935375,True
"Please find the quotient of 3,890,204 and 1,996",division,division,0.99890566,True
"Please tell me 59.42 percent of 1,279,895",percentage,percentage,0.99334705,True
"I'd like to know what monthly payment would I have for 258,047 at 7.76% over 6 years",emi,emi,0.9986726,True
"Tell me reduce 383,921 by 48.96 percent please",percent_decrease,percent_decrease,0.99495393,True
"Could you monthly EMI for a loan of 1,571,978 at 9.91% over 21 years?",emi,emi,0.9999906,True
"I'd like to know what is the mean in this list: 14,909, -4,946, -19,403, -11,333, 856, 5,280, -12,723, 8,544",statistics,statistics,0.78856415,True
"Tell me how much simple interest does 6,853,546 earn at 21.12% for 14 years?",simple_interest,simple_interest,0.99745125,True
"Figure out what value of x satisfies 38x - 22 = -14,310 please",equation,equation,0.99969494,True
"Please find the compound annual growth rate from 1,037,286 to 3,777,238 over 7 years if possible",cagr,cagr,0.9978327,True
"Can you what does 1,842,012 become after a 37.06% increase?",percent_increase,percent_increase,0.9988122,True
"I want to calculate evaluate the square root of 2,354,945 for me",square_root,square_root,0.99942964,True
"Could you what monthly payment would I have for 2,008,221 at 15.81% over 1 years if possible",emi,emi,0.9963821,True
"Figure out monthly EMI for a loan of 6,204,716 at 2.04% over 10 years if possible",emi,emi,0.99999475,True
"Convert 98,579.71 Celsius to Fahrenheit for me",unit_conversion,unit_conversion,0.95461774,True
"Help me decrease 752,904 by 97.21% for me",percent_decrease,percent_decrease,0.9993691,True
"Could you evaluate the square root of 21,673,855 please",square_root,square_root,0.9998349,True
"Can you what value of x satisfies 56x + 191 = 11,111 please",equation,equation,0.99974436,True
"Work out divide 1,939,255 by 1,379",division,division,0.99972254,True
"I want to calculate calculate the EMI on 4,764,837 at 21.63% for 5 years",emi,emi,0.55055296,True
"I want to calculate calculate log10(768,604.43)?",logarithm,logarithm,0.99866676,True
"Work out monthly EMI for a loan of 1,516,203 at 7.64% over 17 years exactly",emi,emi,0.99998426,True
"I want to calculate what remains after reducing 688,265 by 88.7% exactly",percent_decrease,percent_decrease,0.710452,True
Tell me factorial of 9 if possible,factorial,factorial,0.9967108,True
"Figure out find the quotient of 1,522,149 and 2,354 exactly",division,division,0.9975051,True
"How many miles are 90,452.98 km",unit_conversion,unit_conversion,0.9967828,True
"Work out what value of x satisfies 41x - 487 = -6,678 exactly",equation,equation,0.99934536,True
"Tell me compound interest on 7,039,451 at 8.32% for 10 years?",compound_interest,compound_interest,0.9992168,True
"Help me what is the maximum in this list: 9,589, 14,134, 16,857, -1,916, 913, -18,562, -3,779, -17,361, 1,291, 10,640, 15,067, -13,277 exactly",statistics,statistics,0.87545955,True
"I need you to what is the root of 9,798,615 please",square_root,square_root,0.98483396,True
"Please find the product of 463,623 and 20,063?",multiplication,multiplication,0.9989478,True
"Please subtract 13.09% from 226,434",percent_decrease,percent_decrease,0.99740785,True
"Work out monthly EMI for a loan of 7,645,208 at 5.33% over 2 years for me",emi,emi,0.99999523,True
"Please what is 1,189,304 plus 21,577 exactly",addition,addition,0.9948148,True
"Can you what remains after reducing 159,419 by 17.88%",percent_decrease,percent_decrease,0.8789735,True
Figure out raise 519 to the 10th power for me,power,power,0.9999603,True
"I need you to what is the mode in this list: 400, -686, -1,464, 10,216, -13,154, -17,527 if possible",statistics,statistics,0.97637504,True
"Work out evaluate the square root of 15,781,395",square_root,square_root,0.9999062,True
"I need you to what value of x satisfies 70x + 22 = 2,752?",equation,equation,0.99981016,True
"Could you calculate CI for 4,096,736 with rate 7.19% and time 10 years for me",compound_interest,compound_interest,0.99805814,True
"I need you to find x where 31x - 451 equals 12,755 exactly",equation,addition,0.4014207,False
"Work out monthly EMI for a loan of 4,636,678 at 3.99% over 24 years for me",emi,emi,0.99999475,True
"Could you how much simple interest does 6,881,135 earn at 16.29% for 7 years?",simple_interest,simple_interest,0.9981414,True
"Figure out CAGR from 833,073 to 3,012,706 over 5 years please",cagr,cagr,0.9850144,True
"Figure out take 17,148 away from 784,276 exactly",subtraction,subtraction,0.9988588,True
"I want to calculate what remains after reducing 1,651,811 by 80.59% if possible",percent_decrease,percent_decrease,0.6790097,True
Please work out the following expression: 4669^5 + 249,generic_expression,generic_expression,0.96823263,True
"Help me calculate the median of -16,496, 15,288, 18,716, 8,371, 6,595, -19,380, -18,112, 488, -2,715, -5,275 for me",statistics,statistics,0.9126892,True
"Tell me calculate 91.17 percent of 864,788",percentage,percentage,0.99539137,True
"Can you find the quotient of 699,537 and 1,920 for me",division,division,0.9987526,True
"Help me find the product of 940,663 and 5,243 please",multiplication,multiplication,0.99827766,True
"Tell me subtract 7,381 from 947,300?",subtraction,subtraction,0.9965469,True
"Help me monthly EMI for a loan of 1,504,881 at 3.8% over 6 years for me",emi,emi,0.99999607,True
"How many miles are 13,885.06 km",unit_conversion,unit_conversion,0.9940165,True
"Tell me what is the average in this list: -16,170, -14,528, -15,303, -18,066, -8,423, 7,781, 13,556, -18,180, 16,705, 5,331, 13,841, -18,729 exactly",statistics,statistics,0.9818158,True
Figure out evaluate cos at 10.67 degrees exactly,trigonometry,trigonometry,0.9994615,True
"Please find x where 27x + 343 equals -12,509 exactly",equation,addition,0.24594271,False
"I want to calculate add 56.09% to 1,571,476 exactly",percent_increase,percent_increase,0.9983891,True
"I'd like to know what is 399,483 times 17,086 please",multiplication,multiplication,0.99474394,True
"Help me calculate the EMI on 4,869,627 at 12.76% for 6 years for me",emi,emi,0.6714125,True
Can you what is tan(254.22),trigonometry,percentage,0.5067177,False
Could you evaluate factorial(6) for me,factorial,factorial,0.9953004,True
"I need you to how much simple interest does 1,105,126 earn at 13.46% for 22 years?",simple_interest,simple_interest,0.9973212,True
"Help me find the total of 1,545,762 and 13,572",addition,addition,0.99924064,True
Figure out raise 741 to the 12th power if possible,power,power,0.9999454,True
"Tell me what is 1,909,780 divided by 685?",division,division,0.99798703,True
Please raise 941 to the 8th power,power,power,0.99997497,True
"I want to calculate find the square root of 6,869,730?",square_root,square_root,0.9997856,True
"Can you calculate the EMI on 6,706,921 at 15.92% for 3 years please",emi,emi,0.66074276,True
"Tell me what is the standard deviation in this list: 10,934, -11,257, -11,607, -5,771, 2,207, -14,482 if possible",statistics,statistics,0.9928324,True
"Can you take 15,298 away from 368,891 exactly",subtraction,subtraction,0.9991424,True
"I'd like to know what is 1,468,657 times 18,781 exactly",multiplication,multiplication,0.9926575,True
"Can you what remains after reducing 154,874 by 4.2% exactly",percent_decrease,percent_decrease,0.861986,True
Figure out calculate 323 to the power of 4,power,power,0.999995,True
"I'd like to know what is 1,080,708 times 11,904 exactly",multiplication,multiplication,0.9889542,True
"I want to calculate subtract 33 from 1,438,567?",subtraction,subtraction,0.99468213,True
Work out find sine for an angle of 87.15 degrees for me,trigonometry,trigonometry,0.9998097,True
"Help me calculate the mean of -5,904, 18,888, 11,173, 9,450, 12,011, 7,323 if possible",statistics,statistics,0.8036268,True
"Tell me what is the natural log of 179,974.16 if possible",logarithm,logarithm,0.47637624,True
"Please calculate SI for 3,412,471 with rate 5.75% and time 7 years?",simple_interest,simple_interest,0.998418,True
"Help me CAGR from 1,470,247 to 2,743,845 over 20 years exactly",cagr,cagr,0.98954856,True
I'd like to know evaluate 642^8 if possible,power,power,0.9999907,True
"I need you to calculate 1,122,371 - 6,459?",subtraction,subtraction,0.99666935,True
"Work out work out the minimum from these numbers -18,804, -10,540, -15,455, -11,637, 14,322, 13,651",statistics,statistics,0.9845367,True
"Please grow 199,486 by 4.02 percent exactly",percent_increase,percent_increase,0.31080207,True
"Turn 80,801.98 degrees F into Celsius for me",unit_conversion,trigonometry,0.95062286,False
Figure out calculate 505 to the power of 3 if possible,power,power,0.9999913,True
"Can you subtract 72.63% from 801,316 exactly",percent_decrease,percent_decrease,0.99728763,True
"Tell me find the minimum for -9,219, 5,803, 3,187, 2,208, 10,684, 7,566, 16,284, -4,165, -10,790, 11,173, 8,906, 11,335 if possible",statistics,statistics,0.99825853,True
I want to calculate find tangent for an angle of 169.09 degrees?,trigonometry,trigonometry,0.99984825,True
Can you evaluate 412^2,power,power,0.99993515,True
Can you what does sin(233) come to please,generic_expression,addition,0.23361775,False
I'd like to know work out the following expression: sin(208),generic_expression,generic_expression,0.99053955,True
"Work out calculate 342,323 - 21,178 for me",subtraction,subtraction,0.9924029,True
Tell me evaluate cos at 315.92 degrees?,trigonometry,trigonometry,0.9994098,True
"Help me calculate CAGR if 946,342 grows to 2,302,278 in 16 years exactly",cagr,cagr,0.99950206,True
"Figure out subtract 10.69% from 1,030,381 please",percent_decrease,percent_decrease,0.9963102,True
"Can you calculate the mean of 19,536, -17,553, 6,901, -11,806, -3,512, -3,407, 19,161, -19,844, -11,452, 5,012, -7,590, -15,076",statistics,statistics,0.9246802,True
"Figure out calculate 1,221,200 / 1,995 please",division,division,0.99790984,True
"Help me how much simple interest does 5,053,449 earn at 19.38% for 24 years if possible",simple_interest,simple_interest,0.9977743,True
"I'd like to know calculate SI for 7,799,376 with rate 16.27% and time 9 years please",simple_interest,simple_interest,0.99798214,True
Work out factorial of 10?,factorial,factorial,0.9940963,True
"Tell me what monthly payment would I have for 7,648,179 at 6.96% over 25 years please",emi,emi,0.9976261,True
"Figure out how much compound interest does 1,071,834 earn at 5.48% for 20 years exactly",compound_interest,compound_interest,0.99521744,True
I want to calculate evaluate this expression: 2080 - (256 / 3) please,generic_expression,generic_expression,0.9997054,True
"Convert 48,899.89 miles into km please",unit_conversion,unit_conversion,0.96960336,True
Help me what is cos(300.1) please,trigonometry,percentage,0.32836002,False
"Please subtract 47.01% from 460,124 if possible",percent_decrease,percent_decrease,0.9983181,True
"Convert 81,047.98 pounds into kilograms",unit_conversion,unit_conversion,0.9479939,True
"Please add 765,376 to 20,955 please",addition,addition,0.9911657,True
"How many pounds is 49,689.4 kg please",unit_conversion,unit_conversion,0.9956838,True
"Figure out what is the root of 9,641,025?",square_root,square_root,0.97810876,True
"How many feet are 47,175.07 meters",unit_conversion,unit_conversion,0.99833137,True
Could you give me the value of sqrt(1403) + 584 exactly,generic_expression,square_root,0.78843176,False
"I need you to work out the average from these numbers -10,704, 787, 468, 16,237, 19,491, 6,785, 17,811, 11,329, -3,750, -16,343 for me",statistics,statistics,0.9882379,True
"Please find the quotient of 319,633 and 83 exactly",division,division,0.999164,True
"Can you find the product of 1,191,505 and 15,460 if possible",multiplication,multiplication,0.9986216,True
"Please increase 1,333,672 by 35.45% if possible",percent_increase,percent_increase,0.99965894,True
"I want to calculate add 841,008 to 21,278 if possible",addition,addition,0.9860525,True
"Help me find the square root of 1,306,449?",square_root,square_root,0.9998599,True
I need you to calculate the cosine of 136.46 degrees if possible,trigonometry,trigonometry,0.9998833,True
"Tell me find x where 22x + 194 equals 8,026 exactly",equation,addition,0.22570886,False
"Please compound interest on 5,160,146 at 2.73% for 16 years for me",compound_interest,compound_interest,0.99886286,True
I need you to calculate the sine of 313.58 degrees for me,trigonometry,trigonometry,0.9998826,True
"Could you grow 744,792 by 59.01 percent?",percent_increase,percentage,0.28977904,False
"I'd like to know take 14,712 away from 1,511,117",subtraction,subtraction,0.99938977,True
"Work out work out the mode from these numbers -14,090, -18,955, -11,881",statistics,statistics,0.9937126,True
"I need you to add 13.61% to 1,301,254 if possible",percent_increase,percent_increase,0.99883324,True
I'd like to know calculate the tangent of 152.72 degrees exactly,trigonometry,trigonometry,0.99983954,True
"I need you to what is 4,333,428 divided by 2,046?",division,division,0.99690264,True
"Convert 64,865.65 feet into meters",unit_conversion,unit_conversion,0.9926771,True
"Could you calculate the EMI on 4,799,360 at 5.97% for 23 years for me",emi,emi,0.66785604,True
"Work out calculate CI for 3,118,451 with rate 20.23% and time 23 years",compound_interest,compound_interest,0.99936074,True
"Help me what is 834,549 plus 14,785 for me",addition,addition,0.99600106,True
Can you evaluate ln(100) please,logarithm,logarithm,0.9434527,True
"Help me find the total of 1,528,206 and 16,154 exactly",addition,addition,0.998836,True
"Work out find x where 23x - 113 equals -4,598",equation,statistics,0.32431933,False
"I want to calculate determine x from 4x - 325 = -2,121 for me",equation,equation,0.9997279,True
"I'd like to know calculate CI for 1,166,403 with rate 4.63% and time 16 years",compound_interest,compound_interest,0.99852353,True
"I'd like to know take 7,781 away from 1,097,086 please",subtraction,subtraction,0.9993575,True
"How many miles are 11,873.76 km?",unit_conversion,unit_conversion,0.9895214,True
"Please increase 609,373 by 84.72% if possible",percent_increase,percent_increase,0.99960715,True
"I want to calculate how much simple interest does 6,983,634 earn at 1.83% for 2 years if possible",simple_interest,simple_interest,0.99833703,True
"Can you what is 772,657 minus 13,121 if possible",subtraction,subtraction,0.9984975,True
"Tell me add 47.19% to 1,537,830 for me",percent_increase,percent_increase,0.99679154,True
"Help me simple interest on 5,492,787 at 7.2% for 22 years?",simple_interest,simple_interest,0.9995988,True
"I need you to what is the natural log of 100,000 for me",logarithm,logarithm,0.9331334,True
"I need you to calculate sqrt(10,975,907) exactly",square_root,square_root,0.9846985,True
I need you to calculate the tangent of 325.45 degrees for me,trigonometry,trigonometry,0.9999331,True
"Work out find the base 10 log of 100,000 please",logarithm,logarithm,0.9573963,True
"I want to calculate work out the mode from these numbers -7,885, 498, -13,382, -5,838, -1,441, 16,975, 15,704, -19,127, 8,402, 15,064, -13,594, -14,659 for me",statistics,statistics,0.9954514,True
"I'd like to know what amount is 45.91% of 161,562",percentage,percentage,0.9997898,True
"Tell me calculate 44.97 percent of 1,980,994 exactly",percentage,percentage,0.99438536,True
"I need you to decrease 1,841,028 by 87.93%?",percent_decrease,percent_decrease,0.99950397,True
"Please reduce 1,323,386 by 30.74 percent if possible",percent_decrease,percent_decrease,0.9959709,True
"I need you to calculate 1,592,128 + 12,319 exactly",addition,addition,0.99744874,True
"Could you find the total of 110,011 and 13,038 if possible",addition,addition,0.9992741,True
"Please calculate 1,974,354 + 1,568",addition,addition,0.9983292,True
"I need you to calculate SI for 1,479,061 with rate 7.72% and time 7 years?",simple_interest,simple_interest,0.99879324,True
Can you evaluate 2^3 please,power,power,0.99995005,True
"I need you to monthly EMI for a loan of 2,587,934 at 21.93% over 11 years if possible",emi,emi,0.99998856,True
"Help me what amount is 47.27% of 1,023,571",percentage,percentage,0.99994373,True
Tell me what is 19 power 10 for me,power,power,0.999603,True
"Figure out calculate 28.1 percent of 1,938,026 for me",percentage,percentage,0.9934097,True
Could you calculate 364 to the power of 4 exactly,power,power,0.99997103,True
"How many feet are 59,668.79 meters exactly",unit_conversion,unit_conversion,0.9966754,True
Can you calculate 291 to the power of 8 for me,power,power,0.99998915,True
"Work out what is 203,732 minus 24,605 exactly",subtraction,subtraction,0.9943942,True
Help me find the base 10 log of 100 exactly,logarithm,logarithm,0.8981772,True
"Can you reduce 79,475 by 33.86 percent if possible",percent_decrease,percent_decrease,0.9966403,True
"I want to calculate what value of x satisfies 73x + 895 = -19,837 please",equation,equation,0.9994141,True
Can you what does 2668 * 8 + 314 come to,generic_expression,multiplication,0.65410626,False
"Work out what does 1,929,720 become after a 32.65% increase",percent_increase,percent_increase,0.9987086,True
"Help me find the compound annual growth rate from 647,555 to 2,179,301 over 6 years please",cagr,cagr,0.9956927,True
Work out what does log10(10) + 134 come to please,generic_expression,logarithm,0.9606165,False
I'd like to know evaluate cos at 132.32 degrees exactly,trigonometry,trigonometry,0.999033,True
Can you calculate 707 to the power of 10,power,power,0.9999982,True
I need you to evaluate factorial(13) if possible,factorial,factorial,0.8962178,True
"Work out decrease 65,102 by 62.71%",percent_decrease,percent_decrease,0.9997397,True
"Tell me what remains after reducing 1,603,968 by 5.37% for me",percent_decrease,percent_decrease,0.84456587,True
"Tell me what amount is 21.02% of 13,918 exactly",percentage,percentage,0.9998246,True
"Figure out what is 455,425 divided by 1,827?",division,division,0.9984548,True
"Can you calculate 1,048,080 - 5,725 exactly",subtraction,subtraction,0.99636203,True
Can you what value of x satisfies 21x - 642 = -453 exactly,equation,equation,0.99982136,True
"Could you multiply 1,628,031 by 21,313 exactly",multiplication,multiplication,0.9988644,True
I want to calculate what is 733 power 12 for me,power,power,0.99951863,True
"I want to calculate evaluate ln(851,176.26)",logarithm,logarithm,0.9545377,True
Work out calculate 16! if possible,factorial,factorial,0.285682,True
"Figure out monthly EMI for a loan of 4,496,529 at 12.3% over 23 years if possible",emi,emi,0.99999464,True
"Figure out calculate SI for 5,781,432 with rate 7.87% and time 25 years exactly",simple_interest,simple_interest,0.99783486,True
Help me evaluate factorial(13),factorial,factorial,0.9913483,True
"Figure out how much simple interest does 6,932,785 earn at 16.76% for 8 years please",simple_interest,simple_interest,0.99663216,True
I'd like to know evaluate 374^10 exactly,power,power,0.9999422,True
"Figure out how much compound interest does 4,246,071 earn at 11.64% for 11 years",compound_interest,compound_interest,0.9963044,True
"Please calculate 1,560,053 - 7,327?",subtraction,subtraction,0.9980635,True
"Could you divide 519,564 by 1,587 please",division,division,0.9996165,True
"Figure out evaluate ln(10,000)",logarithm,logarithm,0.97534806,True
"Please what remains after reducing 1,560,349 by 0.88% exactly",percent_decrease,percent_decrease,0.85976195,True
"Figure out what value of x satisfies 96x - 957 = -40,893 please",equation,equation,0.99929464,True
"Please CAGR from 1,841,283 to 4,056,095 over 10 years please",cagr,cagr,0.98530304,True
I'd like to know evaluate sin at 127.62 degrees exactly,trigonometry,trigonometry,0.9989712,True
"Figure out find the quotient of 1,263,338 and 630",division,division,0.9992205,True
Work out evaluate tan at 109.14 degrees exactly,trigonometry,trigonometry,0.9994222,True
"Work out find the average for -5,810, 19,940, 9,834, -16,683, -17,928, -7,710, -13,900, -13,839, -6,972, -17,021, -10,119, 3,091?",statistics,statistics,0.99732924,True
I need you to evaluate tan at 296.2 degrees please,trigonometry,trigonometry,0.9995881,True
"Help me take 24,351 away from 224,026",subtraction,subtraction,0.9994771,True
Tell me what does 7 factorial equal if possible,factorial,factorial,0.92088455,True
Could you evaluate this expression: log10(100) + 164 please,generic_expression,generic_expression,0.99776804,True
"I'd like to know calculate log10(100,000) for me",logarithm,logarithm,0.9973193,True
"I need you to calculate 1,626,048 * 924 please",multiplication,multiplication,0.9987496,True
Help me evaluate sin at 30.85 degrees exactly,trigonometry,trigonometry,0.99950993,True
"I want to calculate calculate 938,161 / 336 if possible",division,division,0.9930601,True
"Please calculate CI for 255,898 with rate 7.8% and time 15 years please",compound_interest,compound_interest,0.99806935,True
"Help me calculate CAGR if 1,094,603 grows to 3,074,808 in 7 years?",cagr,cagr,0.999582,True
"Help me what remains after reducing 639,221 by 74.84% exactly",percent_decrease,percent_decrease,0.84015584,True
"Tell me calculate 1,939,356 + 6,560?",addition,addition,0.99761754,True
Can you raise 850 to the 4th power please,power,power,0.9999685,True
"I want to calculate calculate 509,700 * 914 if possible",multiplication,multiplication,0.9942669,True
"Can you tell me 33.27 percent of 1,050,040 if possible",percentage,percentage,0.9912751,True
"Could you decrease 875,120 by 27.92% for me",percent_decrease,percent_decrease,0.999228,True
"Convert 28,268.91 pounds into kilograms please",unit_conversion,unit_conversion,0.89643437,True
Tell me evaluate this expression: log10(10) + 111 for me,generic_expression,generic_expression,0.9968272,True
"I'd like to know subtract 87.95% from 815,020 for me",percent_decrease,percent_decrease,0.9960121,True
"Can you what amount is 75.06% of 529,240 please",percentage,percentage,0.9999267,True
"Tell me calculate CAGR if 448,796 grows to 1,543,366 in 17 years for me",cagr,cagr,0.99961555,True
Please raise 935 to the 8th power please,power,power,0.9999348,True
"Work out what is the natural log of 100,000 exactly",logarithm,logarithm,0.81474936,True
"Convert 92,028.63 Celsius to Fahrenheit if possible",unit_conversion,unit_conversion,0.9667617,True
"I want to calculate calculate 603,043 + 24,666 for me",addition,addition,0.990051,True
"Work out what is 1,729,401 minus 3,914?",subtraction,subtraction,0.9953483,True
"Figure out find the quotient of 1,184,702 and 869",division,division,0.99920577,True
"I want to calculate find the compound annual growth rate from 962,240 to 3,513,659 over 11 years?",cagr,cagr,0.99624735,True
"Could you multiply 1,685,902 by 24,449 if possible",multiplication,multiplication,0.9990527,True
I need you to what is 781 power 9 exactly,power,power,0.9982571,True
I'd like to know work out the following expression: 2365^2 + 765 please,generic_expression,generic_expression,0.9869306,True
"Can you what monthly payment would I have for 364,043 at 15.15% over 7 years exactly",emi,emi,0.9975604,True
"I'd like to know what remains after reducing 274,569 by 58.19% if possible",percent_decrease,percent_decrease,0.8184685,True
Work out raise 947 to the 4th power if possible,power,power,0.9999659,True
"Work out reduce 1,808,797 by 10.79 percent?",percent_decrease,percent_decrease,0.99306643,True
"Tell me reduce 570,652 by 73.79 percent",percent_decrease,percent_decrease,0.99709785,True
"Help me what remains after reducing 738,781 by 40.91%",percent_decrease,percent_decrease,0.8672066,True
"Can you what value of x satisfies 6x + 191 = -1,585?",equation,equation,0.9997547,True
"Figure out find the total of 1,170,175 and 2,797",addition,addition,0.9988432,True
"Could you evaluate the square root of 7,397,076 if possible",square_root,square_root,0.999723,True
"I'd like to know what does 1,020,978 become after a 46.18% increase exactly",percent_increase,percent_increase,0.99807286,True
"I want to calculate what is 129,360 times 7,267 if possible",multiplication,multiplication,0.98424387,True
"Could you reduce 872,812 by 42.07 percent?",percent_decrease,percent_decrease,0.9904411,True
"Please work out the mean from these numbers -7,167, 16,333, -14,024, 12,510, 3,076, 9,917, 1,999, -8,072, 8,800, 6,327, -12,106, -17,397 if possible",statistics,statistics,0.96023774,True
"I need you to how much compound interest does 5,161,539 earn at 13.75% for 20 years please",compound_interest,compound_interest,0.99467975,True
"Could you CAGR from 633,638 to 1,831,037 over 3 years exactly",cagr,cagr,0.97355056,True
"I'd like to know how much compound interest does 1,375,324 earn at 12.23% for 24 years exactly",compound_interest,compound_interest,0.99425596,True
"I'd like to know work out 75.92% of 538,808 if possible",percentage,percentage,0.99368274,True
Figure out find the base 10 log of 10 if possible,logarithm,logarithm,0.96266294,True
"Help me what is 1,449,579 divided by 1,879 exactly",division,division,0.9979001,True
"Work out what amount is 88.58% of 478,266",percentage,percentage,0.9998832,True
"Work out what is 320,977 minus 19,301 if possible",subtraction,subtraction,0.99702793,True
"I want to calculate what is the root of 16,856,912?",square_root,square_root,0.9593661,True
"I want to calculate calculate CAGR if 1,599,591 grows to 1,833,146 in 4 years",cagr,cagr,0.99957746,True
"Can you solve 74x - 717 = 13,491 for me",equation,equation,0.9997217,True
"Work out how much compound interest does 2,603,397 earn at 6.63% for 4 years if possible",compound_interest,compound_interest,0.9955023,True
"Tell me find the average for 3,657, -6,300, 19,668, -16,089, 12,982, 5,597, 18,759, 1,893 for me",statistics,statistics,0.994659,True
"I'd like to know evaluate the square root of 17,313,921",square_root,square_root,0.99962366,True
"I'd like to know find the square root of 15,563,025 please",square_root,square_root,0.9997836,True
"Help me what is 1,976,332 plus 7,743?",addition,addition,0.99559504,True
"Help me calculate sqrt(1,982,464)",square_root,square_root,0.9973711,True
"Can you decrease 1,386,252 by 35.65% exactly",percent_decrease,percent_decrease,0.99931407,True
"Help me simple interest on 1,544,236 at 15.66% for 16 years if possible",simple_interest,simple_interest,0.99948573,True
"Could you evaluate ln(10,000) exactly",logarithm,logarithm,0.9503981,True
"Help me what value of x satisfies 11x - 614 = 3,148",equation,equation,0.9997526,True
"I'd like to know find x where 47x - 862 equals 12,392",equation,addition,0.41765407,False
"Can you what monthly payment would I have for 7,657,484 at 21.57% over 7 years?",emi,emi,0.9977641,True
Help me what does 18 factorial equal please,factorial,factorial,0.93908626,True
Help me evaluate 397^6 exactly,power,power,0.99978334,True
"I'd like to know CAGR from 1,747,368 to 6,150,711 over 3 years?",cagr,cagr,0.98711514,True
"I need you to what monthly payment would I have for 686,295 at 9.06% over 7 years if possible",emi,emi,0.99794775,True
"Figure out what monthly payment would I have for 1,866,294 at 18.27% over 5 years if possible",emi,emi,0.9971937,True
Can you calculate the tangent of 87.65 degrees,trigonometry,trigonometry,0.9999721,True
"I want to calculate simple interest on 5,139,460 at 2.11% for 18 years if possible",simple_interest,simple_interest,0.9996178,True
Please evaluate this expression: 4803 * 6 + 467,generic_expression,generic_expression,0.99970955,True
Tell me work out the following expression: sqrt(3211) + 382?,generic_expression,generic_expression,0.8317213,True
"I want to calculate calculate CI for 3,589,542 with rate 18.81% and time 25 years if possible",compound_interest,compound_interest,0.99742115,True
"I need you to calculate 86.42 percent of 1,351,710 if possible",percentage,percentage,0.9948679,True
I'd like to know find the factorial for 11 if possible,factorial,factorial,0.99739385,True
I need you to calculate the sine of 89.35 degrees if possible,trigonometry,trigonometry,0.9998673,True
"Figure out what does 957,631 become after a 83.81% increase exactly",percent_increase,percent_increase,0.9973225,True
Can you raise 828 to the 6th power please,power,power,0.9999715,True
Figure out work out the following expression: 3434 * 16 + 649?,generic_expression,generic_expression,0.99240863,True
"I need you to how much compound interest does 3,019,963 earn at 13.27% for 5 years?",compound_interest,compound_interest,0.996335,True
"Can you how much simple interest does 2,010,376 earn at 15.02% for 4 years",simple_interest,simple_interest,0.9984534,True
"I need you to subtract 39.94% from 202,151?",percent_decrease,percent_decrease,0.9977608,True
"Figure out calculate the EMI on 3,039,234 at 20.54% for 8 years?",emi,emi,0.6273926,True
"Convert 85,014.82 feet into meters exactly",unit_conversion,unit_conversion,0.9858586,True
Can you evaluate 501^3 please,power,power,0.9999093,True
"Could you CAGR from 1,545,989 to 6,659,050 over 15 years if possible",cagr,cagr,0.99018973,True
Tell me calculate 112 to the power of 5 exactly,power,power,0.9999702,True
Can you give me the value of 3362^3 + 639 for me,generic_expression,power,0.8074279,False
"Tell me calculate CI for 1,259,654 with rate 8.37% and time 12 years exactly",compound_interest,compound_interest,0.9985815,True
"I'd like to know what amount is 14.13% of 1,918,127 for me",percentage,percentage,0.99974567,True
"How many feet are 90,916.33 meters for me",unit_conversion,unit_conversion,0.99671656,True
Figure out what does 4336 * 8 + 389 come to exactly,generic_expression,multiplication,0.55350655,False
"Please find the base 10 log of 10,000?",logarithm,logarithm,0.96388876,True
"How many miles are 40,475.1 km exactly",unit_conversion,unit_conversion,0.9873789,True
"I want to calculate find the mode for -4,248, -9,647, 5,663 please",statistics,statistics,0.9989434,True
"Can you determine x from 59x - 749 = -4,112?",equation,equation,0.9997234,True
Tell me find the factorial for 14 for me,factorial,factorial,0.9990382,True
"Can you calculate 1,921,522 + 15,450",addition,addition,0.9987459,True
"Tell me calculate CI for 4,794,347 with rate 5.57% and time 16 years?",compound_interest,compound_interest,0.99907047,True
"Could you reduce 1,199,045 by 83.42 percent for me",percent_decrease,percent_decrease,0.9925721,True
"Can you what value of x satisfies 92x + 926 = 29,906 for me",equation,equation,0.99971193,True
Please work out the following expression: 3589 * 10 + 177 exactly,generic_expression,generic_expression,0.98792344,True
I want to calculate evaluate sin at 3.97 degrees please,trigonometry,trigonometry,0.999858,True
Work out what is the natural log of 10,logarithm,logarithm,0.68040395,True
"I want to calculate solve 49x - 846 = -23,386?",equation,equation,0.99938476,True
"Work out what amount is 28.45% of 1,639,327",percentage,percentage,0.99994445,True
"Tell me what value of x satisfies 49x + 408 = 19,028 please",equation,equation,0.99964106,True
Please what does 11 factorial equal if possible,factorial,factorial,0.9265083,True
"How many miles are 90,122.72 km exactly",unit_conversion,unit_conversion,0.9931237,True
"Could you divide 1,394,624 by 308?",division,division,0.9996877,True
I want to calculate what is 388 power 5 for me,power,power,0.99956447,True
"Tell me calculate 1,758,334 + 4,958?",addition,addition,0.9977003,True
"Help me simple interest on 7,198,813 at 17.47% for 19 years?",simple_interest,simple_interest,0.9992692,True
Can you what does 18 factorial equal if possible,factorial,factorial,0.8881724,True
"Could you calculate 78.02 percent of 1,030,244 please",percentage,percentage,0.9958768,True
"Please find the compound annual growth rate from 172,375 to 555,974 over 12 years for me",cagr,cagr,0.9963779,True
"I need you to divide 256,968 by 996 if possible",division,division,0.9990295,True
Help me work out the following expression: (3369 + 871) * 6 please,generic_expression,generic_expression,0.98897433,True
"How many feet are 60,486.37 meters exactly",unit_conversion,unit_conversion,0.99658257,True
"Tell me add 1,655,666 to 1,165",addition,addition,0.9977608,True
"Work out multiply 636,810 by 18,324 for me",multiplication,multiplication,0.99938214,True
I'd like to know find tangent for an angle of 51.64 degrees exactly,trigonometry,trigonometry,0.99978334,True
"I'd like to know how much simple interest does 160,695 earn at 13.18% for 18 years exactly",simple_interest,simple_interest,0.99745387,True
"Help me find the quotient of 436,248 and 498",division,division,0.9993667,True
"Please what monthly payment would I have for 3,036,236 at 16.42% over 14 years",emi,emi,0.99824214,True
"I need you to evaluate ln(10,000) if possible",logarithm,logarithm,0.95865536,True
"Convert 32,236.76 Celsius to Fahrenheit",unit_conversion,unit_conversion,0.9666557,True
I need you to raise 800 to the 11th power please,power,power,0.99992216,True
"I'd like to know what is 1,173,569 times 1,400 please",multiplication,multiplication,0.9930655,True
Help me give me the value of (979 + 117) * 13 please,generic_expression,generic_expression,0.74489224,True
Could you give me the value of (4291 - 366) / 21 please,generic_expression,generic_expression,0.84519273,True
"Can you find the variance for -9,606, -5,106, -6,532?",statistics,statistics,0.9557465,True
"Can you evaluate the square root of 16,200,625",square_root,square_root,0.99980384,True
Work out factorial of 8 exactly,factorial,factorial,0.9990176,True
I need you to find tangent for an angle of 33.76 degrees,trigonometry,trigonometry,0.99994123,True
"Can you what monthly payment would I have for 6,185,918 at 13.21% over 6 years",emi,emi,0.99855846,True
"Tell me find the square root of 1,042,184",square_root,square_root,0.99988437,True
"Could you calculate CI for 3,076,979 with rate 8.42% and time 21 years for me",compound_interest,compound_interest,0.99791104,True
"Can you find x where 5x - 147 equals 1,128 for me",equation,addition,0.2967697,False
"Help me find the total of 1,142,945 and 11,499 please",addition,addition,0.99947816,True
"Help me find the quotient of 1,816,470 and 655 for me",division,division,0.99870515,True
I want to calculate what is 164 power 12 please,power,power,0.99957436,True
"I want to calculate determine x from 64x - 144 = 3,504 please",equation,equation,0.9997812,True
"I want to calculate add 368,971 to 13,873?",addition,addition,0.9922395,True
Tell me evaluate tan at 11.82 degrees exactly,trigonometry,trigonometry,0.99934155,True
Help me evaluate factorial(15),factorial,factorial,0.9913435,True
"Could you determine x from 63x + 955 = -16,496 please",equation,equation,0.99970466,True
"Tell me calculate 1,437,060 + 22,259 for me",addition,addition,0.9957075,True
"Could you what is 855,153 divided by 2,424 please",division,division,0.99894005,True
"I need you to how much simple interest does 1,515,762 earn at 15.76% for 23 years please",simple_interest,simple_interest,0.99674904,True
"Convert 81,447.69 miles into km?",unit_conversion,unit_conversion,0.9748769,True
"Please calculate 212,652 / 1,246 please",division,division,0.9988605,True
"I want to calculate find the compound annual growth rate from 552,795 to 1,768,527 over 14 years if possible",cagr,cagr,0.9980354,True
"Could you find the average for 4,940, 9,720, -19,857, -11,981, -15,207, -1,238, -16,452, 5,591, 11,193, 19,786, -15,903, -6,009 for me",statistics,statistics,0.99496955,True
"Work out determine x from 38x + 1 = -11,969 if possible",equation,equation,0.9998722,True
"Figure out calculate SI for 209,132 with rate 6.8% and time 18 years?",simple_interest,simple_interest,0.9990513,True
"Please monthly EMI for a loan of 2,268,049 at 10.33% over 21 years?",emi,emi,0.9999908,True
"Please subtract 21,644 from 1,784,105 please",subtraction,subtraction,0.99380374,True
"Figure out what amount is 50% of 773,464",percentage,percentage,0.99996006,True
"Please calculate 56.68 percent of 883,292 if possible",percentage,percentage,0.99199015,True
I want to calculate evaluate this expression: sqrt(3873) + 933 for me,generic_expression,generic_expression,0.9936991,True
Figure out evaluate this expression: sin(319) please,generic_expression,generic_expression,0.99977237,True
Tell me raise 496 to the 3th power?,power,power,0.9996414,True
"I'd like to know calculate 7,725,927 / 2,273",division,division,0.99434125,True
"Work out evaluate the square root of 11,706,679 please",square_root,square_root,0.99988866,True
"Could you subtract 80.07% from 810,180 please",percent_decrease,percent_decrease,0.99789304,True
"Figure out calculate 1,308,721 + 2,124 please",addition,addition,0.99661213,True
Work out calculate 741 to the power of 2 if possible,power,power,0.9999949,True
I'd like to know evaluate tan at 20.24 degrees please,trigonometry,trigonometry,0.9994617,True
Help me give me the value of 608 * 24 + 691 if possible,generic_expression,generic_expression,0.86044234,True
Figure out solve 3x + 146 = -982?,equation,equation,0.99986637,True
"Can you calculate SI for 7,282,070 with rate 4.48% and time 17 years exactly",simple_interest,simple_interest,0.99669904,True
"Can you work out 79.85% of 1,008,965 if possible",percentage,percentage,0.99859077,True
"Could you what is 1,250,549 minus 4,009?",subtraction,subtraction,0.9969382,True
"Tell me CAGR from 1,951,117 to 4,294,983 over 4 years for me",cagr,cagr,0.9938373,True
"Please compound interest on 2,826,895 at 12.79% for 6 years for me",compound_interest,compound_interest,0.9986732,True
"I'd like to know find the total of 664,244 and 2,788 exactly",addition,addition,0.9988187,True
"Work out evaluate the square root of 20,324,131 for me",square_root,square_root,0.9997718,True
"Work out what value of x satisfies 29x - 349 = 2,783 for me",equation,equation,0.9996879,True
"Could you calculate CI for 814,864 with rate 2.97% and time 17 years",compound_interest,compound_interest,0.9983278,True
"Please what does 25,033 become after a 81.71% increase please",percent_increase,percent_increase,0.9985316,True
"Could you take 19,954 away from 93,984?",subtraction,subtraction,0.99952865,True
"I'd like to know find the median for 5,072, 2,139, 14,548?",statistics,statistics,0.635078,True
I'd like to know evaluate tan at 233.17 degrees,trigonometry,trigonometry,0.99964726,True
"Help me find the compound annual growth rate from 198,257 to 548,464 over 6 years please",cagr,cagr,0.9951487,True
"I'd like to know monthly EMI for a loan of 3,306,682 at 5.52% over 16 years",emi,emi,0.9999962,True
"Help me CAGR from 67,386 to 194,289 over 7 years if possible",cagr,cagr,0.9954614,True
"I want to calculate add 34.7% to 1,426,620",percent_increase,percent_increase,0.998273,True
"Work out what is 626,285 minus 9,171 for me",subtraction,subtraction,0.99604625,True
Can you calculate 13!?,factorial,trigonometry,0.45371503,False
Could you raise 611 to the 3th power for me,power,power,0.9999814,True
Figure out raise 287 to the 4th power for me,power,power,0.99996257,True
"Work out work out the mode from these numbers 18,577, -4,647, 13,259, 13,031, -3,032, -11,307 please",statistics,statistics,0.9953719,True
"I want to calculate what is 1,417,767 divided by 1,154 please",division,division,0.9967553,True
"Convert 28,216.31 pounds into kilograms?",unit_conversion,unit_conversion,0.9359229,True
"I want to calculate calculate CAGR if 1,750,649 grows to 5,952,890 in 1 years for me",cagr,cagr,0.99946517,True
"Could you work out 69.8% of 423,312 exactly",percentage,percentage,0.9942967,True
"Can you calculate 24.4 percent of 284,488?",percentage,percentage,0.99583757,True
"Convert 41,943.35 miles into km for me",unit_conversion,unit_conversion,0.9785745,True
"Work out calculate CI for 4,746,591 with rate 1.59% and time 20 years",compound_interest,compound_interest,0.9989453,True
Figure out what does (1271 + 918) * 6 come to,generic_expression,multiplication,0.58844906,False
I want to calculate calculate 9! please,factorial,power,0.46079567,False
"I'd like to know what is 3,524,152 divided by 2,461 please",division,division,0.9954934,True
"Work out find the product of 614,486 and 9,577",multiplication,multiplication,0.99796605,True
"Work out calculate the EMI on 5,111,612 at 21.13% for 17 years for me",emi,emi,0.63735056,True
"Work out increase 1,180,452 by 11.91% for me",percent_increase,percent_increase,0.99958175,True
"I want to calculate reduce 1,594,652 by 8.94 percent if possible",percent_decrease,percent_decrease,0.9912115,True
Can you work out the following expression: 1301 * 16 + 234 if possible,generic_expression,generic_expression,0.9896332,True
"I want to calculate what is 671,292 minus 8,894 if possible",subtraction,subtraction,0.9897411,True
I'd like to know calculate the sine of 214.08 degrees,trigonometry,trigonometry,0.9998461,True
"Work out subtract 10,237 from 1,904,048?",subtraction,subtraction,0.99759525,True
"Tell me find the compound annual growth rate from 607,733 to 1,086,759 over 2 years?",cagr,cagr,0.99457055,True
"Please solve 9x + 216 = -2,880 if possible",equation,equation,0.99981207,True
"Convert 65,379.28 Celsius to Fahrenheit?",unit_conversion,unit_conversion,0.94582766,True
"Tell me what does 403,973 become after a 74.65% increase if possible",percent_increase,percent_increase,0.9981048,True
"Can you CAGR from 1,716,867 to 6,436,619 over 1 years?",cagr,cagr,0.9671793,True
"Help me what is the median in this list: -3,806, 3,374, -102 please",statistics,statistics,0.65894663,True
I'd like to know factorial of 7 exactly,factorial,factorial,0.99883145,True
Help me find tangent for an angle of 297.71 degrees for me,trigonometry,trigonometry,0.99987733,True
"Figure out calculate CAGR if 193,585 grows to 444,561 in 9 years",cagr,cagr,0.99961925,True
"I need you to reduce 1,736,552 by 48.09 percent if possible",percent_decrease,percent_decrease,0.9933113,True
"Work out calculate the average of -12,542, -2,763, 421, -14,743, -14,835 if possible",statistics,statistics,0.9943785,True
"Tell me evaluate the square root of 8,652,103 if possible",square_root,square_root,0.99971217,True
Can you raise 802 to the 9th power,power,power,0.99997723,True
I'd like to know what does sin(73) come to exactly,generic_expression,addition,0.16913113,False
"Help me what is 1,133,859 times 6,872?",multiplication,multiplication,0.994456,True
"I want to calculate calculate the EMI on 7,605,640 at 8.05% for 17 years",emi,emi,0.5454893,True
"Could you calculate SI for 6,537,970 with rate 21.56% and time 4 years for me",simple_interest,simple_interest,0.9978683,True
Could you evaluate tan at 280.59 degrees if possible,trigonometry,trigonometry,0.99959093,True
"Figure out calculate SI for 3,296,314 with rate 14.93% and time 16 years",simple_interest,simple_interest,0.9993197,True
"Figure out increase 1,655,184 by 71.58% exactly",percent_increase,percent_increase,0.9996773,True
Tell me evaluate tan at 205.2 degrees for me,trigonometry,trigonometry,0.9996377,True
"How many feet are 76,073.56 meters exactly",unit_conversion,unit_conversion,0.99623716,True
"Help me evaluate the square root of 2,785,561",square_root,square_root,0.9998808,True
"Tell me how much simple interest does 5,771,418 earn at 7.31% for 4 years if possible",simple_interest,simple_interest,0.9983798,True
"I'd like to know what is 1,693,507 minus 17,947 please",subtraction,subtraction,0.9958936,True
"Help me compound interest on 4,997,188 at 9.2% for 16 years",compound_interest,compound_interest,0.9994711,True
I'd like to know what is cos(153.95) exactly,trigonometry,percentage,0.19910632,False
Please find cosine for an angle of 241.82 degrees exactly,trigonometry,trigonometry,0.99971884,True
I need you to raise 950 to the 4th power,power,power,0.9999839,True
"Help me work out the variance from these numbers -8,775, 17,356, -14, 2,230, 11,358, 7,905, 8,557, 15,050, -15,460, -15,530 for me",statistics,statistics,0.8922892,True
I want to calculate evaluate this expression: sqrt(2932) + 942 please,generic_expression,generic_expression,0.99459213,True
Please calculate 516 to the power of 12 please,power,power,0.99998975,True
"I'd like to know calculate 385,258 * 9,689 exactly",multiplication,multiplication,0.99576,True
"Could you how much compound interest does 1,270,384 earn at 16.93% for 17 years?",compound_interest,compound_interest,0.99623185,True
"Tell me calculate CI for 127,834 with rate 13.65% and time 4 years if possible",compound_interest,compound_interest,0.99902797,True
"I need you to divide 626,597 by 981",division,division,0.9994307,True
"I'd like to know grow 1,208,352 by 20.22 percent exactly",percent_increase,percent_increase,0.31142408,True
"Can you find the base 10 log of 1,000 please",logarithm,logarithm,0.97396326,True
I need you to work out the following expression: log10(100) + 495 for me,generic_expression,generic_expression,0.9143372,True
"I'd like to know solve 21x - 861 = 4,011 exactly",equation,equation,0.99956936,True
"Figure out find the compound annual growth rate from 340,467 to 874,991 over 8 years please",cagr,cagr,0.9947733,True
"Please work out the maximum from these numbers 9,810, 15,281, 12,285, -2,082, 10,319, 13,286 for me",statistics,statistics,0.8769004,True
Could you what does 2387 - (185 / 20) come to,generic_expression,generic_expression,0.35785696,True
"I'd like to know calculate 1,148,159 * 14,429 exactly",multiplication,multiplication,0.9961618,True
"Can you decrease 1,048,979 by 65.67% please",percent_decrease,percent_decrease,0.9995234,True
"Figure out solve 79x + 413 = 27,115 exactly",equation,equation,0.9993919,True
"Can you tell me 41.07 percent of 1,041,262 if possible",percentage,percentage,0.9922924,True
"Please what amount is 24.24% of 1,382,882 exactly",percentage,percentage,0.99987614,True
"Help me how much compound interest does 2,781,776 earn at 2.04% for 21 years",compound_interest,compound_interest,0.99695134,True
I want to calculate find x where 3x - 1 equals 605 for me,equation,factorial,0.17921825,False
Figure out evaluate this expression: 1813 * 5 + 684 please,generic_expression,generic_expression,0.99971014,True
I want to calculate raise 494 to the 12th power for me,power,power,0.9999865,True
Please calculate the tangent of 122.08 degrees,trigonometry,trigonometry,0.999948,True
Tell me find tangent for an angle of 88.61 degrees for me,trigonometry,trigonometry,0.99990535,True
"Tell me how much simple interest does 509,188 earn at 6.32% for 22 years if possible",simple_interest,simple_interest,0.99861014,True
"Work out calculate 672,374 + 11,793 if possible",addition,addition,0.9949339,True
"Figure out CAGR from 285,698 to 424,201 over 11 years",cagr,cagr,0.98772615,True
Figure out what does 2 factorial equal exactly,factorial,factorial,0.9808189,True
"Can you what is the natural log of 1,000?",logarithm,logarithm,0.7066222,True
"Help me monthly EMI for a loan of 3,447,733 at 5.73% over 21 years exactly",emi,emi,0.99998915,True
"Work out work out 88.32% of 1,272,845 if possible",percentage,percentage,0.99835664,True
"Help me subtract 33% from 1,529,645 please",percent_decrease,percent_decrease,0.9992887,True
"Can you what remains after reducing 1,787,472 by 96.06%",percent_decrease,percent_decrease,0.8742229,True
I'd like to know what does 2825^2 + 894 come to if possible,generic_expression,power,0.5747623,False
Help me what is 910 power 2?,power,power,0.99863964,True
Could you calculate 6!?,factorial,factorial,0.51391864,True
Work out calculate 5! for me,factorial,factorial,0.988278,True
I want to calculate what is tan(256.12),trigonometry,percentage,0.39263016,False
"Tell me divide 5,458,968 by 2,388 for me",division,division,0.99706656,True
"I'd like to know simple interest on 3,645,197 at 8.8% for 21 years exactly",simple_interest,simple_interest,0.9988096,True
Figure out what does 0 factorial equal,factorial,factorial,0.96606123,True
"Figure out what amount is 84% of 1,597,372 exactly",percentage,percentage,0.9999671,True
"Tell me simple interest on 893,860 at 4.72% for 18 years exactly",simple_interest,simple_interest,0.9993512,True
"Tell me how much simple interest does 7,598,389 earn at 7.64% for 4 years?",simple_interest,simple_interest,0.9977602,True
"Work out divide 1,402,032 by 1,235",division,division,0.9997155,True
Could you evaluate factorial(8) if possible,factorial,factorial,0.9876337,True
"Work out what is 388,410 times 9,585",multiplication,multiplication,0.9963792,True
Figure out calculate the cosine of 132.37 degrees,trigonometry,trigonometry,0.9999547,True
"Tell me what is 245,173 times 22,057 if possible",multiplication,multiplication,0.99156535,True
"Help me calculate 5,541,312 / 1,596 please",division,division,0.998021,True
Please calculate the cosine of 17.49 degrees if possible,trigonometry,trigonometry,0.99994826,True
"I need you to compound interest on 2,165,465 at 20.91% for 5 years exactly",compound_interest,compound_interest,0.9981071,True
"Help me what monthly payment would I have for 7,419,112 at 14.9% over 9 years?",emi,emi,0.99784434,True
Could you calculate 7! for me,factorial,factorial,0.28697342,True
"Can you tell me 33.79 percent of 747,935",percentage,percentage,0.9906833,True
"Help me work out the variance from these numbers -12,127, 7,579, 14,332, -16,368, -2,215, -6,963, -10,911, -3,308, -12,322, 3,411",statistics,statistics,0.95386237,True
"I want to calculate take 16,035 away from 1,043,554 for me",subtraction,subtraction,0.9986072,True
Could you work out the following expression: log10(1000) + 129 please,generic_expression,generic_expression,0.9535112,True
Work out what does (2278 - 418) / 5 come to?,generic_expression,generic_expression,0.40265983,True
"Please evaluate the square root of 697,225 if possible",square_root,square_root,0.9999449,True
"Figure out add 1,978,856 to 14,428 please",addition,addition,0.9963546,True
"Tell me what remains after reducing 1,458,820 by 46.2%?",percent_decrease,percent_decrease,0.86350095,True
"Please solve 50x - 578 = 21,922 if possible",equation,equation,0.99979633,True
"Please what is 1,671,845 minus 17,976 please",subtraction,subtraction,0.99644226,True
"Please subtract 6.01% from 940,010 exactly",percent_decrease,percent_decrease,0.9969043,True
"Can you how much simple interest does 367,519 earn at 4.86% for 5 years",simple_interest,simple_interest,0.999127,True
"Convert 69,644.16 feet into meters for me",unit_conversion,unit_conversion,0.98587036,True
"I need you to calculate CI for 6,230,523 with rate 4.48% and time 21 years please",compound_interest,compound_interest,0.9974801,True
Please evaluate ln(100) for me,logarithm,logarithm,0.86625403,True
"Can you find the product of 827,022 and 13,503 if possible",multiplication,multiplication,0.9980761,True
"Tell me what is 1,296,772 minus 24,561 if possible",subtraction,subtraction,0.9931774,True
"Please find the quotient of 1,074,897 and 1,523?",division,division,0.99938416,True
Help me calculate 6! if possible,factorial,factorial,0.91021276,True
"Help me calculate CI for 426,901 with rate 12.86% and time 6 years for me",compound_interest,compound_interest,0.9986916,True
Please find the factorial for 1,factorial,factorial,0.9996197,True
"Tell me monthly EMI for a loan of 1,772,797 at 15.27% over 17 years for me",emi,emi,0.9999918,True
"Can you what monthly payment would I have for 7,855,085 at 5.35% over 22 years please",emi,emi,0.99749434,True
Could you what is cos(163.17)?,trigonometry,percentage,0.36102557,False
Tell me what is cos(318.75) for me,trigonometry,percentage,0.2453706,False
"I'd like to know subtract 15,815 from 312,721 exactly",subtraction,subtraction,0.99398017,True
"Help me monthly EMI for a loan of 5,415,548 at 14.05% over 20 years for me",emi,emi,0.99999285,True
"I'd like to know what amount is 34.77% of 553,918",percentage,percentage,0.9998215,True
Help me give me the value of 263^3 + 520 please,generic_expression,power,0.8065335,False
I'd like to know evaluate factorial(3) for me,factorial,factorial,0.99808323,True
"Figure out multiply 444,061 by 13,272 exactly",multiplication,multiplication,0.9989237,True
Can you evaluate 41^10 exactly,power,power,0.9998764,True
"Tell me work out the average from these numbers -15,079, -285, -9,248, 13,386, -11,892, 17,319, -15,160, 12,515, 8,808, -2,029, -4,282, -16,348 if possible",statistics,statistics,0.99662447,True
"Please grow 1,368,210 by 72.28 percent for me",percent_increase,percent_increase,0.33706307,True
Work out what does 15 factorial equal for me,factorial,factorial,0.97625786,True
"I need you to what is the natural log of 10,000?",logarithm,logarithm,0.88052034,True
Could you evaluate tan at 278.78 degrees,trigonometry,trigonometry,0.9998254,True
"Tell me monthly EMI for a loan of 6,695,551 at 11.58% over 2 years?",emi,emi,0.9999913,True
"I'd like to know determine x from 70x - 587 = -8,777",equation,equation,0.9997024,True
"Work out compound interest on 4,183,880 at 7.24% for 19 years for me",compound_interest,compound_interest,0.9991235,True
"Figure out tell me 34.99 percent of 297,177",percentage,percentage,0.9915706,True
"Help me tell me 39.92 percent of 70,841 exactly",percentage,percentage,0.987043,True
"Please calculate 16.81 percent of 982,691 exactly",percentage,percentage,0.9862548,True
Please factorial of 17 please,factorial,factorial,0.9969121,True
"I need you to how much simple interest does 1,115,484 earn at 5.47% for 8 years if possible",simple_interest,simple_interest,0.9980804,True
"Tell me calculate 235,689 + 10,732 please",addition,addition,0.9969067,True
"Figure out multiply 112,658 by 21,766 for me",multiplication,multiplication,0.9990426,True
I want to calculate raise 383 to the 4th power?,power,power,0.99982494,True
"Please calculate sqrt(570,025) please",square_root,square_root,0.9981201,True
"Tell me simple interest on 7,511,370 at 5.91% for 5 years if possible",simple_interest,simple_interest,0.9996315,True
"I want to calculate what is 1,778,368 divided by 754",division,division,0.99618983,True
"I want to calculate what monthly payment would I have for 7,579,156 at 5.99% over 17 years if possible",emi,emi,0.99622154,True
"Please monthly EMI for a loan of 1,868,598 at 12% over 14 years",emi,emi,0.99999833,True
"I'd like to know reduce 10,958 by 34.74 percent?",percent_decrease,percent_decrease,0.98846453,True
"Figure out monthly EMI for a loan of 2,448,821 at 3.29% over 11 years please",emi,emi,0.99999094,True
Tell me what is cos(352.55),trigonometry,percentage,0.4554945,False
"Please decrease 1,785,685 by 86.4% exactly",percent_decrease,percent_decrease,0.9993687,True
"I need you to calculate the mode of 2,461, -6,965, 8,405, -19,097, -3,719, 5,677, 7,988, 1,073 if possible",statistics,statistics,0.9983651,True
Help me give me the value of sin(270)?,generic_expression,generic_expression,0.46878016,True
Can you calculate 919 to the power of 11?,power,power,0.99998856,True
Can you calculate 13! exactly,factorial,factorial,0.88331753,True
Can you work out the following expression: 2778^3 + 380 please,generic_expression,generic_expression,0.9602341,True
"I want to calculate what monthly payment would I have for 7,005,883 at 15.73% over 25 years",emi,emi,0.9973731,True
"I'd like to know calculate CAGR if 1,676,529 grows to 7,150,604 in 10 years?",cagr,cagr,0.9991559,True
"Can you work out the maximum from these numbers 15,084, -1,979, 17,962, 17,236, 9,764, -16,860 exactly",statistics,statistics,0.8170621,True
"I'd like to know monthly EMI for a loan of 1,873,318 at 9.9% over 11 years exactly",emi,emi,0.99998975,True
"I'd like to know find the base 10 log of 10,000 if possible",logarithm,logarithm,0.94899476,True
"Please determine x from 14x + 261 = 5,735",equation,equation,0.99982363,True
Work out calculate 1! exactly,factorial,factorial,0.98869145,True
I need you to evaluate 728^9 for me,power,power,0.9999442,True
"I need you to reduce 607,979 by 57.69 percent for me",percent_decrease,percent_decrease,0.99155056,True
"I need you to subtract 818 from 257,652 exactly",subtraction,subtraction,0.99382836,True
"Please evaluate the square root of 6,310,144 if possible",square_root,square_root,0.9997664,True
I want to calculate calculate the cosine of 328.39 degrees?,trigonometry,trigonometry,0.9998223,True
"I need you to calculate CAGR if 818,598 grows to 3,082,369 in 3 years exactly",cagr,cagr,0.9991516,True
"Figure out calculate 1,480,368 / 1,406 please",division,division,0.9982508,True
I'd like to know find the base 10 log of 10 please,logarithm,logarithm,0.9559151,True
Tell me work out the following expression: log10(100) + 882,generic_expression,generic_expression,0.94841206,True
"Turn 84,819.1 degrees F into Celsius",unit_conversion,trigonometry,0.9537034,False
I want to calculate what does log10(100) + 326 come to?,generic_expression,logarithm,0.9298937,False
"I'd like to know work out 86.71% of 654,487 please",percentage,percentage,0.99196637,True
"Can you what is 1,622,417 minus 21,386 for me",subtraction,subtraction,0.9949356,True
"I need you to how much simple interest does 5,652,262 earn at 11.07% for 23 years please",simple_interest,simple_interest,0.9973124,True
Tell me calculate 76 to the power of 12 exactly,power,power,0.99998176,True
I need you to evaluate this expression: 4079 - (789 / 7)?,generic_expression,generic_expression,0.999329,True
"Could you what value of x satisfies 40x + 222 = 9,782 please",equation,equation,0.9997516,True
"I need you to find the compound annual growth rate from 1,500,479 to 4,122,618 over 10 years if possible",cagr,cagr,0.9966773,True
"I'd like to know multiply 562,458 by 10,237?",multiplication,multiplication,0.9992549,True
"Turn 87,235.88 degrees F into Celsius?",unit_conversion,trigonometry,0.9512741,False
"Can you what is the root of 19,184,400 please",square_root,square_root,0.9877346,True
"I want to calculate calculate CAGR if 148,240 grows to 261,747 in 2 years",cagr,cagr,0.9997826,True
I'd like to know evaluate sin at 115.29 degrees exactly,trigonometry,trigonometry,0.9988206,True
"I need you to calculate 318,013 + 20,957 exactly",addition,addition,0.9946313,True
"Tell me reduce 1,209,213 by 85.39 percent?",percent_decrease,percent_decrease,0.99305916,True
"Figure out calculate the median of 8,118, -4,221, 17,021, 19,733, 16,613, 19,851, -19,287, 413, -13,397, -13,833, 6,389, -9,750 exactly",statistics,statistics,0.8852999,True
Tell me calculate the cosine of 197 degrees for me,trigonometry,trigonometry,0.99998975,True
Can you find the factorial for 20 if possible,factorial,factorial,0.9979905,True
"I want to calculate work out 3.34% of 748,277 for me",percentage,percentage,0.9941479,True
I need you to evaluate factorial(9)?,factorial,factorial,0.9386069,True
Tell me find sine for an angle of 106.02 degrees?,trigonometry,trigonometry,0.99949646,True
"I'd like to know find the maximum for 3,313, -10,840, 10,561, 5,287, 2,022, -1,943, -15,999, -4,339, 3,322, -13,880, 1,079, 1,957 for me",statistics,statistics,0.9621762,True
"Tell me CAGR from 103,820 to 192,401 over 16 years for me",cagr,cagr,0.9908965,True
I'd like to know give me the value of (3309 + 513) * 16 exactly,generic_expression,generic_expression,0.78604317,True
I need you to work out the following expression: (2260 - 253) / 9 if possible,generic_expression,generic_expression,0.9922312,True
"Work out calculate SI for 2,004,171 with rate 21.61% and time 14 years",simple_interest,simple_interest,0.9986388,True
"I need you to tell me 91.85 percent of 1,812,939 if possible",percentage,percentage,0.98844236,True
Can you evaluate ln(100) exactly,logarithm,logarithm,0.9122159,True
"Help me solve 11x + 666 = -1,094 if possible",equation,equation,0.9997905,True
"Tell me calculate the EMI on 6,856,131 at 18.7% for 11 years?",emi,emi,0.64469993,True
"I want to calculate grow 409,986 by 78.74 percent for me",percent_increase,percentage,0.49455237,False
I'd like to know evaluate factorial(19) if possible,factorial,factorial,0.9795583,True
"Tell me calculate sqrt(18,656,400) if possible",square_root,square_root,0.99658823,True
Please give me the value of sin(29) exactly,generic_expression,generic_expression,0.45856488,True
"Could you calculate 5.76 percent of 485,395",percentage,percentage,0.99391985,True
Please evaluate this expression: (3972 + 412) * 21,generic_expression,generic_expression,0.99965703,True
I need you to evaluate factorial(10) please,factorial,factorial,0.9151364,True
"Figure out calculate CI for 6,327,459 with rate 14.21% and time 23 years?",compound_interest,compound_interest,0.99858296,True
"Tell me what is 1,931,948 minus 10,617 exactly",subtraction,subtraction,0.9940328,True
Tell me evaluate sin at 267.01 degrees for me,trigonometry,trigonometry,0.9996208,True
"I want to calculate calculate CI for 2,265,581 with rate 12.91% and time 8 years?",compound_interest,compound_interest,0.998806,True
I need you to evaluate 324^8 if possible,power,power,0.99997795,True
"Help me what is the natural log of 519,013 please",logarithm,logarithm,0.57215315,True
"Please compound interest on 6,320,305 at 14.94% for 14 years",compound_interest,compound_interest,0.9988668,True
"Figure out find the product of 1,087,632 and 8,548 exactly",multiplication,multiplication,0.9979152,True
"I need you to take 24,180 away from 847,339 if possible",subtraction,subtraction,0.99902856,True
"Tell me subtract 66.62% from 757,672 if possible",percent_decrease,percent_decrease,0.99752825,True
"Work out find the total of 339,376 and 3,546 exactly",addition,addition,0.99787116,True
I need you to what does 20 factorial equal,factorial,factorial,0.74904317,True
"Work out what is the root of 20,028,859",square_root,square_root,0.97937006,True
"Tell me tell me 42.33 percent of 606,353?",percentage,percentage,0.9887707,True
"I want to calculate what amount is 4.36% of 1,430,415?",percentage,percentage,0.9999503,True
Please find the factorial for 20,factorial,factorial,0.99937135,True
Work out calculate the tangent of 297.27 degrees if possible,trigonometry,trigonometry,0.99994445,True
Help me calculate 15! please,factorial,factorial,0.53879744,True
"Could you what is 1,380,253 minus 22,588 for me",subtraction,subtraction,0.99498993,True
"Convert 45,663.27 pounds into kilograms",unit_conversion,unit_conversion,0.93964106,True
"Work out multiply 253,559 by 694?",multiplication,multiplication,0.9997186,True
Could you find sine for an angle of 52.21 degrees?,trigonometry,trigonometry,0.99953353,True
"Could you calculate CAGR if 30,685 grows to 32,268 in 8 years if possible",cagr,cagr,0.99980265,True
"Please calculate sqrt(3,996,001) exactly",square_root,square_root,0.98716635,True
"Could you calculate the EMI on 4,095,857 at 6.45% for 17 years?",emi,emi,0.64683115,True
"Tell me simple interest on 5,632,363 at 20.35% for 4 years",simple_interest,simple_interest,0.999587,True
"I want to calculate find the standard deviation for -14,172, -3,221, -9,115, 15,838, 14,548, -4,498, -13,505, -6,347, 15,615, 3,319?",statistics,statistics,0.9989874,True
"I want to calculate what is 7,451,498 divided by 1,762 if possible",division,division,0.995265,True
I'd like to know what does 11 factorial equal if possible,factorial,factorial,0.9146685,True
"Please find the square root of 10,349,089 please",square_root,square_root,0.9998658,True
"Work out compound interest on 2,880,230 at 4.23% for 2 years for me",compound_interest,compound_interest,0.99920636,True
"Help me calculate the mean of 3,297, 17,025, -19,716, 3,050, -17,188?",statistics,statistics,0.6711321,True
I'd like to know what is sin(87.41) exactly,trigonometry,percentage,0.19220865,False
"Help me calculate CI for 4,426,367 with rate 20.72% and time 8 years",compound_interest,compound_interest,0.9988673,True
"Work out add 695,664 to 24,876?",addition,addition,0.99257624,True
"Help me evaluate the square root of 13,133,376 please",square_root,square_root,0.99974805,True
"Figure out monthly EMI for a loan of 2,565,740 at 15.15% over 20 years please",emi,emi,0.99998987,True
"Work out find the compound annual growth rate from 889,853 to 3,832,049 over 8 years exactly",cagr,cagr,0.9957943,True
"Could you find the square root of 1,752,662 exactly",square_root,square_root,0.9996555,True
"Tell me what amount is 47.23% of 1,479,066 if possible",percentage,percentage,0.9999732,True
"I want to calculate calculate 209,412 + 14,956 for me",addition,addition,0.9932296,True
"Figure out monthly EMI for a loan of 7,389,692 at 19.9% over 4 years exactly",emi,emi,0.99999046,True
"I need you to grow 1,717,888 by 9.64 percent if possible",percent_increase,percentage,0.3324949,False
"Convert 79,345.29 miles into km for me",unit_conversion,unit_conversion,0.9778657,True
"I need you to find the total of 473,132 and 16,025?",addition,addition,0.9991856,True
"Tell me compound interest on 7,442,566 at 10.57% for 18 years for me",compound_interest,compound_interest,0.99912006,True
"Help me calculate the variance of -17,118, 17,425, -18,842 exactly",statistics,statistics,0.21124117,True
"Work out find the compound annual growth rate from 15,883 to 40,633 over 1 years if possible",cagr,cagr,0.9967704,True
"Work out what is 466,176 plus 1,873 for me",addition,addition,0.9957016,True
"Can you find the compound annual growth rate from 120,796 to 179,161 over 17 years exactly",cagr,cagr,0.99434054,True
"Could you calculate sqrt(13,535,210) if possible",square_root,square_root,0.9923614,True
I want to calculate calculate the tangent of 166.98 degrees for me,trigonometry,trigonometry,0.9999422,True
"How many feet are 42,397.1 meters please",unit_conversion,unit_conversion,0.99536693,True
I need you to factorial of 3 please,factorial,factorial,0.99309605,True
"Work out find the total of 1,621,692 and 20,553 if possible",addition,addition,0.9977411,True
"Figure out how much compound interest does 7,871,191 earn at 14% for 22 years for me",compound_interest,compound_interest,0.997973,True
"Please find the product of 467,033 and 22,354 please",multiplication,multiplication,0.9986029,True
"Can you how much simple interest does 2,843,169 earn at 15.35% for 22 years if possible",simple_interest,simple_interest,0.9981008,True
"Tell me how much simple interest does 7,113,290 earn at 16.44% for 24 years if possible",simple_interest,simple_interest,0.9979918,True
Please work out the following expression: 260^3 + 76 exactly,generic_expression,generic_expression,0.9613219,True
I need you to give me the value of sqrt(2953) + 529 exactly,generic_expression,square_root,0.7743611,False
"I need you to calculate SI for 1,947,423 with rate 3.8% and time 23 years?",simple_interest,simple_interest,0.9980756,True
"Tell me reduce 1,474,078 by 33.89 percent if possible",percent_decrease,percent_decrease,0.9964831,True
"Can you what does 880,206 become after a 58.44% increase",percent_increase,percent_increase,0.9990324,True
"I want to calculate CAGR from 1,658,668 to 4,577,723 over 11 years if possible",cagr,cagr,0.9977501,True
Tell me evaluate 75^3 for me,power,power,0.99993134,True
"I want to calculate determine x from 41x + 817 = -18,330 if possible",equation,equation,0.9996866,True
"Tell me add 1,310,548 to 17,727 please",addition,addition,0.9974981,True
"I need you to calculate 1,933,867 / 280 for me",division,division,0.99709237,True
"Please evaluate the square root of 4,626,801?",square_root,square_root,0.9998499,True
"Tell me calculate CAGR if 1,345,320 grows to 2,685,233 in 10 years please",cagr,cagr,0.9996314,True
I need you to factorial of 1?,factorial,factorial,0.9713532,True
"Tell me calculate 860,309 - 242 for me",subtraction,subtraction,0.99656564,True
"Convert 65,376.67 pounds into kilograms for me",unit_conversion,unit_conversion,0.9359797,True
"Figure out grow 506,234 by 31.96 percent?",percent_increase,percentage,0.36059207,False
"I want to calculate reduce 1,486,013 by 34.37 percent please",percent_decrease,percent_decrease,0.99272424,True
"I want to calculate what is 1,639,342 times 18,538",multiplication,multiplication,0.9876232,True
"I need you to calculate CI for 244,263 with rate 20.84% and time 25 years?",compound_interest,compound_interest,0.9984421,True
I'd like to know evaluate tan at 307.72 degrees if possible,trigonometry,trigonometry,0.99945277,True
"Work out decrease 252,015 by 72%",percent_decrease,percent_decrease,0.9998665,True
"Can you reduce 1,276,560 by 55.87 percent if possible",percent_decrease,percent_decrease,0.9955456,True
"Work out multiply 869,068 by 23,866?",multiplication,multiplication,0.99925727,True
"Figure out what remains after reducing 872,134 by 15.43% exactly",percent_decrease,percent_decrease,0.81613183,True
"Can you grow 1,406,300 by 40.87 percent",percent_increase,percentage,0.4630999,False
Figure out evaluate tan at 132.89 degrees exactly,trigonometry,trigonometry,0.9994741,True
I'd like to know what does (504 + 965) * 2 come to exactly,generic_expression,multiplication,0.5921424,False
"I want to calculate add 1,193,674 to 22,469?",addition,addition,0.9917316,True
"Help me CAGR from 1,240,467 to 2,394,793 over 12 years for me",cagr,cagr,0.99171865,True
"Tell me calculate 101,785 * 11,021 for me",multiplication,multiplication,0.9979703,True
Can you calculate the tangent of 234.03 degrees exactly,trigonometry,trigonometry,0.99988306,True
"Could you work out the minimum from these numbers -17,194, 10,919, -21, 9,552, -4,795, -7,783?",statistics,statistics,0.9986106,True
"I want to calculate what is the natural log of 100,000?",logarithm,logarithm,0.7507201,True
"I'd like to know decrease 1,354,348 by 81.47%",percent_decrease,percent_decrease,0.999579,True
"I need you to reduce 1,784,030 by 41.45 percent exactly",percent_decrease,percent_decrease,0.99126816,True
"Figure out how much simple interest does 5,471,707 earn at 22% for 24 years please",simple_interest,simple_interest,0.9983814,True
"I want to calculate increase 1,311,075 by 82.64% please",percent_increase,percent_increase,0.9998036,True
I want to calculate determine x from 1x - 896 = -739 for me,equation,equation,0.99989426,True
Help me evaluate factorial(2) please,factorial,factorial,0.9951521,True
Work out calculate the cosine of 322.64 degrees,trigonometry,trigonometry,0.9999629,True
"Help me how much simple interest does 6,676,487 earn at 19.89% for 18 years for me",simple_interest,simple_interest,0.99752337,True
Tell me find tangent for an angle of 232.92 degrees for me,trigonometry,trigonometry,0.9999256,True
"I need you to compound interest on 3,485,331 at 19.52% for 15 years?",compound_interest,compound_interest,0.9982303,True
"I'd like to know how much simple interest does 5,556,575 earn at 15.3% for 10 years exactly",simple_interest,simple_interest,0.9975388,True
"Tell me what monthly payment would I have for 7,465,285 at 21.83% over 15 years if possible",emi,emi,0.9970439,True
"Could you multiply 413,775 by 13,118",multiplication,multiplication,0.9994803,True
"Work out reduce 1,760,663 by 97.2 percent exactly",percent_decrease,percent_decrease,0.9941993,True
"Figure out what is the natural log of 10,000",logarithm,logarithm,0.8134403,True
"Tell me calculate 88.58 percent of 1,828,148 for me",percentage,percentage,0.9921909,True
"Work out multiply 549,017 by 5,405?",multiplication,multiplication,0.9994282,True
Help me solve 48x - 257 = -401 if possible,equation,equation,0.9999044,True
Can you calculate 294 to the power of 9,power,power,0.9999969,True
"Work out what is 584,487 plus 9,691 exactly",addition,addition,0.99265397,True
Help me what does sin(179) come to please,generic_expression,addition,0.22221558,False
"Help me find the square root of 5,044,516 exactly",square_root,square_root,0.99980813,True
"I'd like to know calculate sqrt(3,678,724) for me",square_root,square_root,0.9827467,True
"Can you what is the median in this list: 13,542, -10,886, 11,775, -3,234, 15,126, -18,076 for me",statistics,statistics,0.5599042,True
Tell me raise 639 to the 12th power for me,power,power,0.99997544,True
"I want to calculate subtract 14.61% from 63,854 please",percent_decrease,percent_decrease,0.9961612,True
"Convert 39,358.6 feet into meters if possible",unit_conversion,unit_conversion,0.9892134,True
"I'd like to know evaluate the square root of 8,797,156?",square_root,square_root,0.9996854,True
"I want to calculate monthly EMI for a loan of 7,220,482 at 5.57% over 15 years for me",emi,emi,0.9999918,True
"Help me calculate CI for 2,868,656 with rate 14.44% and time 22 years",compound_interest,compound_interest,0.9990804,True
I want to calculate calculate log10(10),logarithm,logarithm,0.999542,True
"I need you to simple interest on 3,169,215 at 16.97% for 5 years?",simple_interest,simple_interest,0.9989297,True
Figure out calculate log10(100) for me,logarithm,logarithm,0.99856526,True
"I need you to solve 8x - 743 = -1,527",equation,equation,0.99983585,True
"Help me find the total of 1,563,547 and 24,773 if possible",addition,addition,0.9981275,True
"I need you to what remains after reducing 1,603,567 by 82.66%",percent_decrease,percent_decrease,0.8627808,True
"Figure out what does 1,873,621 become after a 9.74% increase please",percent_increase,percent_increase,0.997454,True
"Tell me take 16,258 away from 1,177,051 please",subtraction,subtraction,0.9995677,True
"Tell me find the total of 1,824,426 and 20,431 exactly",addition,addition,0.9978542,True
"Convert 68,593.46 pounds into kilograms please",unit_conversion,unit_conversion,0.90031284,True
"I want to calculate calculate CAGR if 1,218,521 grows to 3,507,026 in 14 years?",cagr,cagr,0.99940836,True
"Figure out tell me 42.29 percent of 690,064 please",percentage,percentage,0.99012494,True
I'd like to know what is the natural log of 10?,logarithm,logarithm,0.6513136,True
"I want to calculate compound interest on 6,336,264 at 19.56% for 13 years",compound_interest,compound_interest,0.9993498,True
"Work out calculate CAGR if 1,304,389 grows to 2,660,202 in 17 years if possible",cagr,cagr,0.99977416,True
"Figure out what is the mean in this list: -15,174, 1,665, -13,043, 6,707, -9,827?",statistics,statistics,0.7683291,True
"How many pounds is 19,589.05 kg please",unit_conversion,unit_conversion,0.99321175,True
"I want to calculate calculate the mode of -19,055, -17,639, -16,858, -10,487, 9,579, 16,373 exactly",statistics,statistics,0.9657209,True
"Could you find the base 10 log of 396,918.72 if possible",logarithm,logarithm,0.8380042,True
"Work out tell me 79.69 percent of 334,920 please",percentage,percentage,0.9900962,True
"Please what remains after reducing 464,259 by 94.01% exactly",percent_decrease,percent_decrease,0.85973907,True
"I need you to reduce 944,892 by 34.07 percent if possible",percent_decrease,percent_decrease,0.99259514,True
"Tell me find the compound annual growth rate from 1,790,675 to 2,580,737 over 1 years for me",cagr,cagr,0.9956808,True
"Could you what amount is 41.4% of 1,173,045 exactly",percentage,percentage,0.9999224,True
"Help me what monthly payment would I have for 3,214,749 at 9.34% over 20 years exactly",emi,emi,0.99740714,True
"Please what is 345,612 times 10,502",multiplication,multiplication,0.9972741,True
"Can you calculate SI for 7,919,393 with rate 21.99% and time 7 years exactly",simple_interest,simple_interest,0.9978052,True
Can you calculate 17!?,factorial,trigonometry,0.45528653,False
"Figure out calculate CI for 3,215,085 with rate 19.35% and time 16 years please",compound_interest,compound_interest,0.99849284,True
I want to calculate raise 342 to the 12th power exactly,power,power,0.9999516,True
Please give me the value of 3450^5 + 412 if possible,generic_expression,power,0.7959627,False
Tell me what is cos(353.35)?,trigonometry,percentage,0.5989837,False
"I need you to compound interest on 3,579,417 at 5.66% for 4 years if possible",compound_interest,compound_interest,0.9981833,True
"Can you determine x from 84x - 788 = -42,200",equation,equation,0.99963605,True
"Can you evaluate the square root of 11,424,400 exactly",square_root,square_root,0.99944764,True
"I'd like to know what is 1,560,436 plus 6,102 please",addition,addition,0.9976738,True
I'd like to know raise 899 to the 6th power please,power,power,0.999962,True
"Work out tell me 82.42 percent of 25,178",percentage,percentage,0.9926685,True
"Tell me work out 67.53% of 1,580,990 for me",percentage,percentage,0.9974355,True
Please evaluate this expression: sin(261) exactly,generic_expression,generic_expression,0.99929464,True
"Figure out what remains after reducing 1,303,412 by 37.51%?",percent_decrease,percent_decrease,0.84381074,True
"Tell me what amount is 43.08% of 1,743,783?",percentage,percentage,0.99993813,True
Figure out give me the value of (1321 + 122) * 5,generic_expression,generic_expression,0.8343118,True
Please what does (2662 + 36) * 13 come to exactly,generic_expression,multiplication,0.61788726,False
"Help me find the mean for 1,563, 5,819, 13,007 please",statistics,statistics,0.46479964,True
"Work out find the product of 1,915,386 and 13,080 if possible",multiplication,multiplication,0.9986547,True
"Can you find the total of 1,904,272 and 17,438 exactly",addition,addition,0.9987759,True
"I want to calculate calculate SI for 437,057 with rate 16.41% and time 11 years",simple_interest,simple_interest,0.99849963,True
"I'd like to know take 19,079 away from 1,587,315 if possible",subtraction,subtraction,0.99911493,True
"I want to calculate simple interest on 135,384 at 8.99% for 20 years if possible",simple_interest,simple_interest,0.9997174,True
"Please calculate 172,211 - 11,867 please",subtraction,subtraction,0.99777573,True
"I need you to what value of x satisfies 83x - 951 = -11,907 exactly",equation,equation,0.9993988,True
I need you to calculate the cosine of 90.81 degrees,trigonometry,trigonometry,0.99995077,True
"Figure out calculate the EMI on 2,106,667 at 1.71% for 5 years if possible",emi,emi,0.62262577,True
Work out calculate log10(100) for me,logarithm,logarithm,0.99864906,True
Tell me what is sin(275.54) for me,trigonometry,percentage,0.25680897,False
I'd like to know what is 962 power 7 exactly,power,power,0.9983911,True
Please evaluate this expression: sin(268) exactly,generic_expression,generic_expression,0.99953306,True
Work out evaluate this expression: 1162 - (698 / 5)?,generic_expression,generic_expression,0.99959856,True
"I want to calculate what is 385,061 divided by 919 if possible",division,division,0.9950059,True
"I'd like to know find the mean for -1,313, 13,249, 11,402?",statistics,statistics,0.4293537,True
Tell me give me the value of (894 - 982) / 14,generic_expression,generic_expression,0.7905928,True
"I want to calculate determine x from 23x - 929 = 3,395 if possible",equation,equation,0.9997714,True
"Please subtract 6,738 from 1,581,608 exactly",subtraction,subtraction,0.996333,True
"I need you to find x where 26x - 437 equals 9,625 if possible",equation,addition,0.2988474,False
I want to calculate what does 14 factorial equal?,factorial,factorial,0.93242604,True
"Please work out 38.21% of 1,292,933",percentage,percentage,0.998005,True
"Can you divide 770,569 by 349 please",division,division,0.99946195,True
"Help me find the quotient of 634,266 and 739 if possible",division,division,0.99923897,True
"I want to calculate what monthly payment would I have for 340,924 at 19.63% over 10 years",emi,emi,0.99757403,True
"Figure out find x where 77x - 403 equals -14,263?",equation,addition,0.2730654,False
"Turn 6,900.66 degrees F into Celsius exactly",unit_conversion,trigonometry,0.9386495,False
"Can you calculate 405,859 + 23,557 for me",addition,addition,0.99449843,True
"Could you find the compound annual growth rate from 615,784 to 1,870,171 over 15 years please",cagr,cagr,0.9935731,True
"I want to calculate find the compound annual growth rate from 87,569 to 251,950 over 6 years exactly",cagr,cagr,0.99737,True
"Work out how much simple interest does 5,569,618 earn at 9.15% for 11 years",simple_interest,simple_interest,0.9982704,True
"Could you what remains after reducing 932,897 by 43.37% if possible",percent_decrease,percent_decrease,0.8328963,True
"I want to calculate evaluate the square root of 22,115,642?",square_root,square_root,0.9996119,True
"Please CAGR from 1,088,005 to 2,175,453 over 1 years exactly",cagr,cagr,0.97966284,True
"Tell me find the quotient of 463,059 and 1,552",division,division,0.99919695,True
"Could you add 54.02% to 804,593 if possible",percent_increase,percent_increase,0.99805486,True
"Please add 80.27% to 196,186",percent_increase,percent_increase,0.9976592,True
"Figure out simple interest on 6,353,179 at 20.3% for 14 years",simple_interest,simple_interest,0.99961036,True
"Convert 29,933.35 miles into km for me",unit_conversion,unit_conversion,0.97806895,True
"How many feet are 55,591.67 meters please",unit_conversion,unit_conversion,0.9956436,True
"Work out calculate log10(1,000) exactly",logarithm,logarithm,0.99967873,True
I want to calculate find cosine for an angle of 43.17 degrees for me,trigonometry,trigonometry,0.9999355,True
"Please determine x from 86x + 250 = -7,060",equation,equation,0.99977034,True
Tell me evaluate this expression: sqrt(900) + 807?,generic_expression,generic_expression,0.9968836,True
"I want to calculate calculate 450,805 - 4,930?",subtraction,subtraction,0.98964757,True
Tell me work out the following expression: 3300 - (913 / 16) if possible,generic_expression,generic_expression,0.9930126,True
"I want to calculate add 14.25% to 21,660 if possible",percent_increase,percent_increase,0.9963742,True
Could you calculate log10(10) if possible,logarithm,logarithm,0.999506,True
"Work out solve 100x - 373 = 10,327 please",equation,equation,0.99965644,True
I want to calculate factorial of 2,factorial,factorial,0.9990728,True
"I'd like to know calculate CI for 5,869,398 with rate 21.7% and time 4 years exactly",compound_interest,compound_interest,0.9972383,True
"Figure out add 81.49% to 1,806,270 if possible",percent_increase,percent_increase,0.9986368,True
I need you to what does 12 factorial equal for me,factorial,factorial,0.8957521,True
"Please what value of x satisfies 68x - 277 = 28,147 exactly",equation,equation,0.99957734,True
"Please calculate CI for 5,428,451 with rate 11.99% and time 1 years for me",compound_interest,compound_interest,0.99851876,True
"I need you to find the product of 650,591 and 10,638 for me",multiplication,multiplication,0.99721754,True
"Turn 24,441.25 degrees F into Celsius exactly",unit_conversion,trigonometry,0.9486785,False
I'd like to know work out the following expression: 3804^3 + 968 exactly,generic_expression,generic_expression,0.9030658,True
"Can you determine x from 20x + 244 = -7,996?",equation,equation,0.9997174,True
"I want to calculate add 1,720,414 to 4,869 exactly",addition,addition,0.9886841,True
Help me calculate the tangent of 337.22 degrees,trigonometry,trigonometry,0.99995685,True
"Tell me calculate 49.89 percent of 893,893 if possible",percentage,percentage,0.9932041,True
"Could you simple interest on 4,369,937 at 11.2% for 17 years if possible",simple_interest,simple_interest,0.9994892,True
"Help me multiply 774,859 by 9,592 for me",multiplication,multiplication,0.99936026,True
I'd like to know calculate log10(100) for me,logarithm,logarithm,0.9969133,True
"Could you calculate the standard deviation of -13,929, 865, 1,318, 9,005, 14,760, 11,789, 5,303, 10,978?",statistics,statistics,0.99340206,True
"I need you to simple interest on 6,504,533 at 2.58% for 25 years exactly",simple_interest,simple_interest,0.99887484,True
"Help me find x where 81x - 469 equals -11,161 if possible",equation,addition,0.26779804,False
"Tell me add 5.68% to 877,355 if possible",percent_increase,percent_increase,0.9968034,True
"Can you find the mean for 13,055, 12,120, -16,341, 6,365, 9,506, 13,635, -15,215, -11,204, 11,861, 17,861, -7,655, 18,447 please",statistics,statistics,0.65575856,True
"I need you to find the square root of 6,845,440",square_root,square_root,0.99978465,True
"I want to calculate find the standard deviation for 2,715, 16,809, 7,228, -18,770, -14,144, -5,230 exactly",statistics,statistics,0.9977969,True
"Work out calculate sqrt(15,892,842)?",square_root,square_root,0.99271625,True
Figure out what does 4253^3 + 382 come to exactly,generic_expression,power,0.75073576,False
"I need you to find the product of 830,492 and 14,579?",multiplication,multiplication,0.99755293,True
"I want to calculate solve 95x - 215 = 28,855 for me",equation,equation,0.9994271,True
"I need you to find the compound annual growth rate from 1,626,186 to 4,433,300 over 10 years exactly",cagr,cagr,0.99332184,True
"Convert 20,124.88 miles into km for me",unit_conversion,unit_conversion,0.98050106,True
"I'd like to know find the mean for 5,316, -3,063, 3,157, -16,945, 17,383 exactly",statistics,statistics,0.754026,True
Work out what does log10(10) + 362 come to exactly,generic_expression,logarithm,0.93089265,False
"I'd like to know what value of x satisfies 49x + 231 = -5,355 exactly",equation,equation,0.9994313,True
Help me evaluate 670^5 for me,power,power,0.99991894,True
"Help me what monthly payment would I have for 5,737,061 at 5.88% over 21 years",emi,emi,0.99843746,True
"I need you to what monthly payment would I have for 7,958,973 at 14.69% over 23 years?",emi,emi,0.9971232,True
"I'd like to know compound interest on 4,000,597 at 18.02% for 25 years",compound_interest,compound_interest,0.99895525,True
"Help me work out 78.15% of 620,637 for me",percentage,percentage,0.9933083,True
"Can you how much simple interest does 7,994,383 earn at 10.26% for 2 years for me",simple_interest,simple_interest,0.99828064,True
"I'd like to know evaluate the square root of 5,870,929 please",square_root,square_root,0.9995988,True
"Please evaluate the square root of 22,401,289 please",square_root,square_root,0.99987566,True
I need you to raise 807 to the 12th power?,power,power,0.99973136,True
"Help me tell me 24.54 percent of 1,912,973",percentage,percentage,0.9945807,True
"Help me how much compound interest does 79,750 earn at 4.84% for 18 years exactly",compound_interest,compound_interest,0.99691606,True
"Work out what is 1,075,449 times 2,555",multiplication,multiplication,0.9947237,True
"Tell me calculate 1,956,877 - 16,186?",subtraction,subtraction,0.9976768,True
Can you what is 362 power 2,power,power,0.99919695,True
"Tell me what amount is 39.62% of 984,240 for me",percentage,percentage,0.9998056,True
"I need you to increase 1,464,174 by 77.63% for me",percent_increase,percent_increase,0.999479,True
Please what does 5 factorial equal please,factorial,factorial,0.9740093,True
"Turn 14,993.55 degrees F into Celsius",unit_conversion,trigonometry,0.94965315,False
"I'd like to know CAGR from 685,304 to 1,402,050 over 3 years?",cagr,cagr,0.9848505,True
Please give me the value of sin(40) if possible,generic_expression,generic_expression,0.57268316,True
"Tell me what is 56,503 times 9,008 please",multiplication,multiplication,0.9947286,True
"Help me what is 1,593,571 plus 24,026 please",addition,addition,0.99432385,True
Help me evaluate sin at 142.16 degrees please,trigonometry,trigonometry,0.99976,True
"I'd like to know what value of x satisfies 58x + 321 = 17,547 exactly",equation,equation,0.9994524,True
I'd like to know calculate log10(10) exactly,logarithm,logarithm,0.99625033,True
Tell me factorial of 2 for me,factorial,factorial,0.9997819,True
"I need you to calculate CI for 4,893,177 with rate 2.48% and time 13 years exactly",compound_interest,compound_interest,0.9974535,True
"I'd like to know calculate CAGR if 751,741 grows to 3,046,895 in 17 years",cagr,cagr,0.99975926,True
"Can you calculate 1,041,624 - 2,250?",subtraction,subtraction,0.9977738,True
"Work out calculate the EMI on 6,380,854 at 1.58% for 21 years if possible",emi,emi,0.59633553,True
"Help me divide 1,352,700 by 1,644 exactly",division,division,0.9992254,True
Please what does sin(204) come to for me,generic_expression,trigonometry,0.18433498,False
"Figure out find the median for -18,046, -15,480, 14,719, 2,165, 16,929, -11,760, 3,937, -15,693",statistics,statistics,0.7235807,True
"Tell me what does 580,467 become after a 63.48% increase for me",percent_increase,percent_increase,0.9981535,True
"Please what is the natural log of 10,000",logarithm,logarithm,0.89389163,True
"Please what is 5,019,810 divided by 1,490 exactly",division,division,0.99793017,True
I want to calculate find the factorial for 1 if possible,factorial,factorial,0.9972716,True
"Convert 94,271.97 feet into meters?",unit_conversion,unit_conversion,0.9780732,True
"I'd like to know monthly EMI for a loan of 197,263 at 2.52% over 10 years",emi,emi,0.99999666,True
I want to calculate find sine for an angle of 202.73 degrees?,trigonometry,trigonometry,0.9997129,True
I'd like to know evaluate 710^8,power,power,0.9999825,True
Work out raise 546 to the 5th power?,power,power,0.99957377,True
"Could you find the base 10 log of 100,000 if possible",logarithm,logarithm,0.96719223,True
"Help me find the base 10 log of 100,000 exactly",logarithm,logarithm,0.9410358,True
Help me what does sin(284) come to?,generic_expression,trigonometry,0.19850665,False
"Can you add 785,110 to 2,120 please",addition,addition,0.99410063,True
Could you evaluate factorial(13) for me,factorial,factorial,0.9893454,True
"Could you subtract 21,042 from 1,283,598 if possible",subtraction,subtraction,0.99552286,True
"I'd like to know what is 1,087,257 plus 24,577",addition,addition,0.9969921,True
"Help me what amount is 13.71% of 617,376",percentage,percentage,0.9998895,True
"I'd like to know what is the root of 11,539,609 please",square_root,square_root,0.98212457,True
"I need you to what is the natural log of 1,000 please",logarithm,logarithm,0.8522634,True
"Please calculate 615,514 * 7,842 if possible",multiplication,multiplication,0.9982389,True
"I need you to multiply 1,511,096 by 11,050 if possible",multiplication,multiplication,0.9990916,True
"Please what remains after reducing 323,223 by 44.03%?",percent_decrease,percent_decrease,0.88543886,True
"Could you what is 1,630,892 times 17,569?",multiplication,multiplication,0.99619734,True
Can you calculate 376 to the power of 12 exactly,power,power,0.999951,True
"Please calculate 28.9 percent of 1,390,068 exactly",percentage,percentage,0.9943922,True
"I'd like to know compound interest on 2,712,727 at 7.57% for 16 years?",compound_interest,compound_interest,0.9985862,True
"I want to calculate what value of x satisfies 85x - 638 = -36,678 please",equation,equation,0.9992387,True
"Please find the compound annual growth rate from 78,797 to 290,098 over 19 years please",cagr,cagr,0.99551207,True
I need you to evaluate ln(10) for me,logarithm,logarithm,0.8764543,True
"I need you to monthly EMI for a loan of 4,045,172 at 17.73% over 20 years if possible",emi,emi,0.99999046,True
"I want to calculate work out the mode from these numbers 16,178, -18,206, 17,665, -9,850, 9,427, -3,520, -6,255, -146, 1,901, -9,467?",statistics,statistics,0.99847215,True
"Could you calculate CAGR if 1,029,676 grows to 2,788,615 in 12 years for me",cagr,cagr,0.99956256,True
Help me evaluate 454^7 exactly,power,power,0.99982125,True
"Figure out how much simple interest does 4,018,267 earn at 17.5% for 3 years if possible",simple_interest,simple_interest,0.99821293,True
"Figure out what is 1,256,378 minus 19,957 for me",subtraction,subtraction,0.9964316,True
"Help me how much compound interest does 7,547,716 earn at 6.6% for 7 years exactly",compound_interest,compound_interest,0.9964212,True
"Tell me calculate CI for 1,930,182 with rate 11.84% and time 25 years for me",compound_interest,compound_interest,0.998718,True
"Could you find the compound annual growth rate from 413,659 to 1,708,020 over 1 years if possible",cagr,cagr,0.99579406,True
Work out evaluate tan at 43.71 degrees for me,trigonometry,trigonometry,0.9998061,True
"I need you to compound interest on 7,691,386 at 13.16% for 19 years for me",compound_interest,compound_interest,0.9987363,True
"Figure out how much simple interest does 6,911,491 earn at 3.55% for 6 years exactly",simple_interest,simple_interest,0.9969104,True
"Work out calculate CI for 276,127 with rate 17.92% and time 24 years if possible",compound_interest,compound_interest,0.99811804,True
"Please calculate CAGR if 1,987,403 grows to 5,564,554 in 11 years",cagr,cagr,0.99976844,True
"Could you what is the root of 4,821,812?",square_root,square_root,0.98463297,True
Tell me evaluate factorial(11) please,factorial,factorial,0.99058235,True
"Work out find the standard deviation for -1,586, -4,877, 10,755, 1,681, 16,611 if possible",statistics,statistics,0.99851066,True
"Figure out what value of x satisfies 33x + 119 = -10,771 if possible",equation,equation,0.9996613,True
"Work out solve 47x - 807 = 22,411?",equation,equation,0.99960476,True
Please what is 250 power 4 please,power,power,0.99884063,True
"Tell me calculate 1,156,816 / 519 please",division,division,0.9983596,True
"Work out work out 51.15% of 898,456 if possible",percentage,percentage,0.9958526,True
"I need you to add 72.42% to 1,631,463 exactly",percent_increase,percent_increase,0.9988532,True
"Help me calculate CI for 3,352,588 with rate 7.6% and time 4 years exactly",compound_interest,compound_interest,0.9986696,True
"Could you calculate CI for 7,774,185 with rate 13.13% and time 21 years for me",compound_interest,compound_interest,0.99822646,True
"I want to calculate reduce 1,373,395 by 65.69 percent?",percent_decrease,percent_decrease,0.9865238,True
"Tell me calculate CI for 4,595,100 with rate 14.85% and time 18 years?",compound_interest,compound_interest,0.9986474,True
Please raise 439 to the 12th power exactly,power,power,0.99992836,True
"I'd like to know find the square root of 1,681",square_root,square_root,0.9999622,True
"Help me multiply 1,492,669 by 10,308 if possible",multiplication,multiplication,0.9992888,True
Figure out evaluate sin at 314.42 degrees,trigonometry,trigonometry,0.9997781,True
"Can you what does 861,544 become after a 5.65% increase exactly",percent_increase,percent_increase,0.9981871,True
I want to calculate raise 894 to the 2th power if possible,power,power,0.9999808,True
"Could you what amount is 69.27% of 565,943?",percentage,percentage,0.9998901,True
"I'd like to know calculate the mean of 15,907, -198, -17,562, 6,107, -3,570 please",statistics,statistics,0.67712134,True
"Could you tell me 80.88 percent of 104,028",percentage,percentage,0.98799384,True
"Tell me decrease 1,353,581 by 76.69%?",percent_decrease,percent_decrease,0.9996805,True
"I'd like to know multiply 1,002,528 by 17,403 please",multiplication,multiplication,0.9992213,True
"I'd like to know what is the median in this list: -15,123, -7,041, 8,118, -7,711, 18,013, 1,112 if possible",statistics,statistics,0.7675859,True
"I want to calculate calculate CAGR if 1,908,764 grows to 3,003,401 in 18 years for me",cagr,cagr,0.9995616,True
"Tell me find the total of 1,158,817 and 12,688 please",addition,addition,0.99943644,True
"Help me what is 665,340 times 13,708 exactly",multiplication,multiplication,0.99553347,True
"Work out add 729,130 to 19,200?",addition,addition,0.9963767,True
"Please work out 4.43% of 1,349,374",percentage,percentage,0.9982425,True
I'd like to know what is sin(125.47) exactly,trigonometry,addition,0.1711759,False
"Could you subtract 40.69% from 1,748,909 if possible",percent_decrease,percent_decrease,0.9972149,True
"Work out increase 295,923 by 8.22% exactly",percent_increase,percent_increase,0.99925727,True
Could you evaluate this expression: sqrt(4127) + 485 exactly,generic_expression,generic_expression,0.99616903,True
Help me calculate the sine of 282.87 degrees for me,trigonometry,trigonometry,0.9999181,True
"Can you what is 766,322 plus 17,447 please",addition,addition,0.997246,True
"Figure out calculate 673,882 * 483 please",multiplication,multiplication,0.9985098,True
"I want to calculate find the compound annual growth rate from 1,689,544 to 5,494,193 over 1 years exactly",cagr,cagr,0.9951239,True
"Please find the compound annual growth rate from 1,143,448 to 2,292,388 over 7 years?",cagr,cagr,0.9949562,True
Work out evaluate this expression: (1080 - 786) / 6 for me,generic_expression,generic_expression,0.99946266,True
I want to calculate evaluate this expression: sqrt(2290) + 519?,generic_expression,generic_expression,0.9965023,True
I need you to find the factorial for 8 if possible,factorial,factorial,0.9854124,True
Could you what does 6 factorial equal for me,factorial,factorial,0.9777435,True
"I'd like to know how much simple interest does 3,889,462 earn at 7.39% for 4 years?",simple_interest,simple_interest,0.99764866,True
Help me calculate 340 to the power of 5,power,power,0.999997,True
"Figure out calculate SI for 4,501,917 with rate 19.94% and time 22 years please",simple_interest,simple_interest,0.99845815,True
"Can you what is the median in this list: 1,973, -5,423, -15,729, 505, -2,648, -4,604, -7,414, 1,904, -8,433, -3,030?",statistics,statistics,0.9874227,True
Figure out evaluate 108^7,power,power,0.99995387,True
Can you what does 3743^3 + 669 come to please,generic_expression,power,0.7795378,False
"Please find the variance for -10,932, -1,426, 17,864, 12,457, 4,064, 9,408, 11,072, -18,071, -10,394, -163 please",statistics,statistics,0.7460426,True
"I'd like to know simple interest on 1,130,892 at 11.7% for 18 years",simple_interest,simple_interest,0.99929905,True
"Tell me reduce 104,100 by 30.66 percent if possible",percent_decrease,percent_decrease,0.993493,True
"Figure out add 1,288,407 to 619 please",addition,addition,0.9958733,True
"Convert 14,162.95 Celsius to Fahrenheit",unit_conversion,unit_conversion,0.9548531,True
Help me evaluate 151^10 please,power,power,0.9999449,True
"Work out subtract 19,319 from 746,679 please",subtraction,subtraction,0.9966266,True
"Please how much compound interest does 6,001,717 earn at 13.89% for 23 years please",compound_interest,compound_interest,0.9960979,True
"Work out what is 14,037 plus 11,233 if possible",addition,addition,0.9945714,True
I'd like to know factorial of 14 please,factorial,factorial,0.99652916,True
"I want to calculate what amount is 85.63% of 530,526",percentage,percentage,0.99991965,True
"I need you to calculate 96.92 percent of 509,364 if possible",percentage,percentage,0.9921538,True
"Work out calculate log10(10,000)?",logarithm,logarithm,0.99947697,True
"Could you find the quotient of 520,517 and 1,630?",division,division,0.9990578,True
Figure out give me the value of (2235 + 955) * 13 please,generic_expression,generic_expression,0.8092699,True
I want to calculate what is the natural log of 10 please,logarithm,logarithm,0.73251307,True
"I need you to what amount is 28.03% of 1,884,599?",percentage,percentage,0.9998975,True
"Work out calculate the EMI on 2,291,098 at 14.63% for 8 years?",emi,emi,0.609421,True
"I want to calculate find the total of 1,528,695 and 17,247 for me",addition,addition,0.99787915,True
"Please calculate the variance of 5,614, -7,028, -17,361, 19,235, -7,762, 12,409, -6,894, -19,592, 15,673, -6,838 please",statistics,statistics,0.94455904,True
"I need you to find the quotient of 1,671,792 and 620 please",division,division,0.9992235,True
"Please multiply 719,971 by 10,108",multiplication,multiplication,0.99934036,True
"Work out multiply 560,387 by 14,801?",multiplication,multiplication,0.9993812,True
"Convert 54,842 pounds into kilograms for me",unit_conversion,unit_conversion,0.9565834,True
"Work out evaluate the square root of 11,202,699 if possible",square_root,square_root,0.9997017,True
"I need you to find the square root of 11,773,056 please",square_root,square_root,0.99975437,True
Please evaluate ln(100) exactly,logarithm,logarithm,0.9016369,True
"Could you what remains after reducing 364,031 by 5.53% if possible",percent_decrease,percent_decrease,0.8488707,True
Tell me what does 6 factorial equal?,factorial,factorial,0.96630234,True
"Could you what is 465,555 divided by 2,311 if possible",division,division,0.9985164,True
"Tell me calculate sqrt(18,304,416) if possible",square_root,square_root,0.9945819,True
"I want to calculate find the compound annual growth rate from 329,195 to 1,444,431 over 12 years?",cagr,cagr,0.9950976,True
"I'd like to know what is the mean in this list: 9,286, -17,051, -19,549, -670, -15,150",statistics,statistics,0.565632,True
Tell me raise 439 to the 2th power?,power,power,0.9997024,True
Work out evaluate this expression: sqrt(3968) + 55 if possible,generic_expression,generic_expression,0.9973302,True
"Figure out calculate 1,179,645 - 18,280 for me",subtraction,subtraction,0.9946674,True
"I need you to how much simple interest does 4,887,420 earn at 15.52% for 23 years for me",simple_interest,simple_interest,0.9976453,True
"Tell me determine x from 11x + 914 = 6,161",equation,equation,0.99982435,True
"Tell me how much simple interest does 5,909,901 earn at 1.97% for 23 years for me",simple_interest,simple_interest,0.9978103,True
Please evaluate this expression: sin(291) for me,generic_expression,generic_expression,0.9996494,True
"Could you find the product of 727,789 and 20,919 for me",multiplication,multiplication,0.99802953,True
"I want to calculate what is 883,812 plus 17,914 please",addition,addition,0.99284714,True
"Help me simple interest on 1,346,654 at 1.81% for 19 years if possible",simple_interest,simple_interest,0.99945754,True
"Tell me decrease 1,219,979 by 37.23% exactly",percent_decrease,percent_decrease,0.9995468,True
"Could you monthly EMI for a loan of 3,938,721 at 18.68% over 12 years exactly",emi,emi,0.9999838,True
"I want to calculate calculate SI for 1,993,416 with rate 11.39% and time 13 years if possible",simple_interest,simple_interest,0.998648,True
"Work out what is 1,432,998 plus 23,565 if possible",addition,addition,0.9915719,True
Please what is 414 power 6 exactly,power,power,0.9960502,True
"I'd like to know decrease 147,523 by 18.8% please",percent_decrease,percent_decrease,0.9990852,True
"Could you calculate 795,877 / 773",division,division,0.99824476,True
"I want to calculate monthly EMI for a loan of 5,556,217 at 20.04% over 18 years",emi,emi,0.99999166,True
"I'd like to know compound interest on 1,304,235 at 5.22% for 12 years please",compound_interest,compound_interest,0.9982553,True
I need you to find the factorial for 10?,factorial,factorial,0.9833477,True
"Figure out find the product of 1,065,266 and 13,884 exactly",multiplication,multiplication,0.9974578,True
Tell me evaluate 384^2?,power,power,0.99994826,True
Can you work out the following expression: 1195 * 20 + 99,generic_expression,generic_expression,0.99446493,True
"Could you find x where 50x - 888 equals 5,612 if possible",equation,addition,0.22451441,False
"Figure out what remains after reducing 299,361 by 37.89%",percent_decrease,percent_decrease,0.84525514,True
"Convert 28,739.26 pounds into kilograms for me",unit_conversion,unit_conversion,0.93802714,True
"Convert 98,597.96 Celsius to Fahrenheit please",unit_conversion,unit_conversion,0.9383783,True
"Tell me what is 1,616,679 minus 19,983 please",subtraction,subtraction,0.995918,True
"Help me increase 776,245 by 62.69% exactly",percent_increase,percent_increase,0.9993942,True
Please calculate 318 to the power of 4 exactly,power,power,0.9999306,True
"Tell me calculate SI for 4,502,108 with rate 15.98% and time 1 years",simple_interest,simple_interest,0.9991549,True
Please what does (658 + 618) * 7 come to,generic_expression,multiplication,0.66263735,False
"Turn 83,877.75 degrees F into Celsius?",unit_conversion,trigonometry,0.9481188,False
"Work out find the total of 222,558 and 19,025 exactly",addition,addition,0.9981165,True
"Help me evaluate ln(100,000) exactly",logarithm,logarithm,0.9249988,True
"Work out calculate sqrt(3,934,085) for me",square_root,square_root,0.99110717,True
"Convert 99,917.47 Celsius to Fahrenheit exactly",unit_conversion,unit_conversion,0.9537304,True
"Please what is 816,356 divided by 1,469 exactly",division,division,0.9989309,True
"I want to calculate calculate 482,103 * 21,389 exactly",multiplication,multiplication,0.9905105,True
"Can you add 91.9% to 826,600 please",percent_increase,percent_increase,0.9988403,True
"Could you what is 389,017 minus 7,587 please",subtraction,subtraction,0.99843556,True
"Work out find the base 10 log of 10,000 if possible",logarithm,logarithm,0.96070105,True
I need you to what is cos(8.25) please,trigonometry,addition,0.25807142,False
"How many pounds is 86,289.43 kg if possible",unit_conversion,unit_conversion,0.99720275,True
Could you what is 441 power 2 for me,power,power,0.9990741,True
Figure out evaluate this expression: sin(152) if possible,generic_expression,generic_expression,0.99974483,True
"Please CAGR from 1,901,322 to 6,427,646 over 15 years for me",cagr,cagr,0.98956734,True
"Figure out monthly EMI for a loan of 3,334,229 at 5.95% over 17 years for me",emi,emi,0.99999475,True
"How many miles are 64,938.98 km",unit_conversion,unit_conversion,0.99725384,True
"Tell me add 68.37% to 608,137 for me",percent_increase,percent_increase,0.9962353,True
"Help me how much compound interest does 4,374,799 earn at 8.45% for 16 years exactly",compound_interest,compound_interest,0.9951858,True
Can you find tangent for an angle of 173.54 degrees for me,trigonometry,trigonometry,0.9999087,True
"Could you find the quotient of 377,002 and 2,088 exactly",division,division,0.9978229,True
I need you to what is the natural log of 100 for me,logarithm,logarithm,0.87576956,True
Please find the base 10 log of 100 exactly,logarithm,logarithm,0.89945513,True
"Can you find the compound annual growth rate from 517,450 to 1,324,197 over 3 years exactly",cagr,cagr,0.9927134,True
"Help me what is 1,427,524 plus 9,797 for me",addition,addition,0.994856,True
"Help me calculate 1,632,613 * 24,315 exactly",multiplication,multiplication,0.99679226,True
"I want to calculate CAGR from 615,013 to 1,337,435 over 2 years for me",cagr,cagr,0.9956065,True
"Please what is the natural log of 100,000 for me",logarithm,logarithm,0.92939895,True
"I'd like to know calculate 1,645,999 / 1,626",division,division,0.9980496,True
I want to calculate calculate 1! if possible,factorial,power,0.5672612,False
"Work out find the product of 1,820,687 and 8,783 if possible",multiplication,multiplication,0.99807274,True
"I'd like to know subtract 1.42% from 401,191 if possible",percent_decrease,percent_decrease,0.997624,True
"Help me determine x from 84x + 571 = 39,463",equation,equation,0.99979097,True
"I want to calculate subtract 18.78% from 1,743,134 if possible",percent_decrease,percent_decrease,0.9954228,True
"Tell me evaluate the square root of 10,527,587",square_root,square_root,0.9997695,True
"I need you to find the compound annual growth rate from 1,474,428 to 3,247,000 over 8 years if possible",cagr,cagr,0.9971463,True
"Can you what is 1,966,061 minus 12,127",subtraction,subtraction,0.99744403,True
"I want to calculate calculate 690,732 / 1,962",division,division,0.9957599,True
"Can you how much compound interest does 6,992,059 earn at 3.06% for 22 years please",compound_interest,compound_interest,0.996148,True
"I'd like to know calculate CAGR if 1,549,729 grows to 3,316,900 in 7 years for me",cagr,cagr,0.9996319,True
"I want to calculate what does 1,202,846 become after a 34.61% increase",percent_increase,percent_increase,0.998863,True
"I'd like to know find the base 10 log of 1,000 please",logarithm,logarithm,0.9534019,True
"I need you to multiply 392,153 by 9,590?",multiplication,multiplication,0.99921155,True
"Convert 9,326.83 miles into km",unit_conversion,unit_conversion,0.98221636,True
Please what is 352 power 6,power,power,0.9993956,True
"Can you work out the variance from these numbers -18,013, -17,944, -4,438, -18,516, -4,789 if possible",statistics,statistics,0.769929,True
Please work out the following expression: sin(255) please,generic_expression,generic_expression,0.9908862,True
I need you to calculate the sine of 229.39 degrees,trigonometry,trigonometry,0.99989414,True
"Work out what value of x satisfies 7x - 627 = -3,616 if possible",equation,equation,0.9997323,True
"I want to calculate compound interest on 2,831,451 at 16.96% for 2 years if possible",compound_interest,compound_interest,0.998985,True
"Convert 66,231.71 miles into km if possible",unit_conversion,unit_conversion,0.9871142,True
"I want to calculate subtract 10.95% from 667,359 please",percent_decrease,percent_decrease,0.995414,True
"Please divide 1,926,090 by 1,512 exactly",division,division,0.99903995,True
"Could you find the total of 326,684 and 22,688 exactly",addition,addition,0.99804366,True
"Convert 64,558.75 Celsius to Fahrenheit exactly",unit_conversion,unit_conversion,0.9553307,True
"Figure out work out the maximum from these numbers -16,716, -10,804, 701",statistics,statistics,0.811803,True
"I want to calculate what is the root of 1,691,937 if possible",square_root,square_root,0.8865823,True
"Please calculate the EMI on 5,796,296 at 18.54% for 2 years exactly",emi,emi,0.6390434,True
"Convert 43,694.18 Celsius to Fahrenheit if possible",unit_conversion,unit_conversion,0.9608674,True
"I want to calculate solve 36x + 962 = -15,454 if possible",equation,equation,0.9994665,True
"I need you to calculate 537,404 / 1,575",division,division,0.9990814,True
"I want to calculate multiply 787,174 by 19,006 exactly",multiplication,multiplication,0.9983034,True
"Could you find the average for -11,066, 4,709, -4,193, 12,607, -7,164, -16,497, 10,806, -3,393, -18,482, 17,228 please",statistics,statistics,0.9955776,True
"Could you monthly EMI for a loan of 7,737,318 at 14.71% over 9 years please",emi,emi,0.99998724,True
"Please multiply 650,686 by 10,228 if possible",multiplication,multiplication,0.99922895,True
"Could you decrease 1,071,925 by 69.85% exactly",percent_decrease,percent_decrease,0.9995802,True
"I need you to how much compound interest does 2,180,647 earn at 11.5% for 15 years for me",compound_interest,compound_interest,0.99699533,True
"I'd like to know subtract 63.72% from 820,974 exactly",percent_decrease,percent_decrease,0.99555343,True
"I need you to how much simple interest does 2,650,498 earn at 12.57% for 16 years exactly",simple_interest,simple_interest,0.996433,True
"Please what monthly payment would I have for 1,710,994 at 6.84% over 13 years exactly",emi,emi,0.9968945,True
"I want to calculate work out the standard deviation from these numbers -16,818, 15,387, 16,745, 16,235, 18,981, -13,648 for me",statistics,statistics,0.9881165,True
"Can you calculate sqrt(18,593,344) exactly",square_root,square_root,0.9899504,True
"I need you to find the quotient of 590,371 and 30?",division,division,0.99913615,True
"How many feet are 91,253.92 meters exactly",unit_conversion,unit_conversion,0.9971207,True
I'd like to know what does 2516 * 19 + 75 come to,generic_expression,multiplication,0.6152184,False
Can you evaluate sin at 343.25 degrees?,trigonometry,trigonometry,0.99916506,True
"Help me find the mean for -3,439, 13,929, -16,283, -1,030, -10,006, 15,582 if possible",statistics,statistics,0.76516736,True
I'd like to know find cosine for an angle of 221.57 degrees?,trigonometry,trigonometry,0.99943954,True
"Tell me how much simple interest does 5,712,758 earn at 15.59% for 10 years for me",simple_interest,simple_interest,0.997761,True
"Can you decrease 862,345 by 35.37% please",percent_decrease,percent_decrease,0.9994605,True
"Could you calculate 461,373 - 17,138 if possible",subtraction,subtraction,0.9968071,True
Tell me what is the natural log of 100 please,logarithm,logarithm,0.704364,True
"Could you what remains after reducing 1,862,984 by 46.08%",percent_decrease,percent_decrease,0.8734122,True
"I need you to find the quotient of 1,961,541 and 793 for me",division,division,0.998793,True
"Figure out work out 50.28% of 684,934 if possible",percentage,percentage,0.99617356,True
"Help me multiply 889,212 by 20,567 please",multiplication,multiplication,0.9992473,True
"Figure out calculate CAGR if 984,675 grows to 2,344,078 in 2 years if possible",cagr,cagr,0.99968016,True
"Tell me find the square root of 109,641 if possible",square_root,square_root,0.9999554,True
"Please calculate CI for 4,030,745 with rate 8.96% and time 25 years",compound_interest,compound_interest,0.998953,True
"I need you to divide 2,128,672 by 1,462 if possible",division,division,0.99863213,True
Tell me give me the value of (2810 - 478) / 21 if possible,generic_expression,generic_expression,0.9255363,True
Tell me calculate 555 to the power of 6?,power,power,0.99999607,True
"I need you to add 83.69% to 1,039,319?",percent_increase,percent_increase,0.9983368,True
"Help me what is 1,180,561 minus 18,987 please",subtraction,subtraction,0.9970957,True
"Can you calculate 1,982,103 - 18,169?",subtraction,subtraction,0.9978561,True
"Help me add 440,473 to 18,449 exactly",addition,addition,0.99417144,True
"Could you divide 7,587,382 by 1,954 for me",division,division,0.99837327,True
"Turn 19,443.86 degrees F into Celsius",unit_conversion,trigonometry,0.968978,False
"I want to calculate what value of x satisfies 69x + 727 = -31,082?",equation,equation,0.9991685,True
"Please subtract 17,199 from 1,029,938 if possible",subtraction,subtraction,0.997248,True
"Figure out find the product of 350,462 and 7,699 exactly",multiplication,multiplication,0.9969598,True
I need you to raise 397 to the 3th power please,power,power,0.9999571,True
"Work out what is 234,848 minus 22,965 if possible",subtraction,subtraction,0.9946542,True
"Turn 8,548.03 degrees F into Celsius?",unit_conversion,trigonometry,0.9462883,False
"I want to calculate simple interest on 3,493,159 at 3.35% for 17 years exactly",simple_interest,simple_interest,0.9992847,True
"Tell me subtract 3.18% from 1,526,826?",percent_decrease,percent_decrease,0.99642605,True
"Please calculate the variance of 859, 3,494, 16,486 please",statistics,statistics,0.3781918,True
"Could you find the total of 976,804 and 16,749",addition,addition,0.9993819,True
"I need you to calculate the EMI on 1,695,869 at 2.59% for 9 years for me",emi,emi,0.6622208,True
"Work out add 21.04% to 828,139 exactly",percent_increase,percent_increase,0.99597037,True
"I'd like to know solve 38x - 629 = 7,085 for me",equation,equation,0.99958545,True
"Can you find the quotient of 5,621,821 and 1,403 please",division,division,0.9984414,True
"Could you calculate the EMI on 3,380,336 at 19.45% for 10 years",emi,emi,0.6683694,True
"I need you to calculate 66.3 percent of 1,765,071",percentage,percentage,0.99528605,True
"Help me find the mean for -992, -1,967, -15,658, -11,597, 14,331, 16,305, 10,373, 2,809, 3,347, 3,130, 12,062, 14,008?",statistics,statistics,0.83395517,True
"Figure out what amount is 18.61% of 889,416 please",percentage,percentage,0.99987257,True
"I need you to monthly EMI for a loan of 1,835,963 at 14.54% over 1 years if possible",emi,emi,0.9999826,True
"Can you what is 1,048,394 times 7,471 exactly",multiplication,multiplication,0.99356836,True
"Please what monthly payment would I have for 2,748,579 at 15.16% over 25 years?",emi,emi,0.99762267,True
Work out calculate the tangent of 81.28 degrees,trigonometry,trigonometry,0.9999757,True
I need you to what does 4 factorial equal,factorial,factorial,0.84841555,True
"I'd like to know calculate sqrt(4,351,396)",square_root,square_root,0.9923267,True
"Tell me find x where 35x - 179 equals -4,799 if possible",equation,statistics,0.24962665,False
Please evaluate ln(100) if possible,logarithm,logarithm,0.96029204,True
"Please subtract 22,493 from 1,723,328?",subtraction,subtraction,0.99444604,True
"Help me decrease 897,140 by 25.73% if possible",percent_decrease,percent_decrease,0.99959606,True
"Work out what amount is 55.79% of 1,885,788 for me",percentage,percentage,0.9999,True
"Work out calculate CAGR if 1,233,959 grows to 2,519,561 in 4 years?",cagr,cagr,0.9995252,True
"I want to calculate divide 51,391 by 1,396?",division,division,0.9990201,True
"Help me find x where 58x + 531 equals -4,283",equation,statistics,0.2765639,False
I need you to find cosine for an angle of 187.89 degrees,trigonometry,trigonometry,0.99989116,True
"Convert 94,213.6 pounds into kilograms",unit_conversion,unit_conversion,0.92376316,True
"Can you calculate CI for 5,947,543 with rate 13.44% and time 19 years",compound_interest,compound_interest,0.9984029,True
I'd like to know calculate the cosine of 86.91 degrees exactly,trigonometry,trigonometry,0.9997904,True
Help me what is sin(328.78) please,trigonometry,percentage,0.39522132,False
Figure out what does 196 * 11 + 490 come to exactly,generic_expression,multiplication,0.5796384,False
Please what is the natural log of 100 please,logarithm,logarithm,0.77724487,True
"Work out what monthly payment would I have for 1,085,558 at 4.69% over 3 years if possible",emi,emi,0.997543,True
I want to calculate find the base 10 log of 100 exactly,logarithm,logarithm,0.8325705,True
"Could you what is the natural log of 100,000 for me",logarithm,logarithm,0.92748845,True
"I need you to what is 895,572 times 17,486",multiplication,multiplication,0.99721825,True
Please what is 30 power 11 exactly,power,power,0.9977329,True
I need you to evaluate cos at 164.83 degrees for me,trigonometry,trigonometry,0.9994343,True
"I'd like to know monthly EMI for a loan of 3,822,635 at 7.16% over 22 years please",emi,emi,0.99999166,True
"Convert 52,189.87 feet into meters if possible",unit_conversion,unit_conversion,0.9908632,True
Work out find the factorial for 15,factorial,factorial,0.9989064,True
"I need you to calculate log10(10,000)",logarithm,logarithm,0.9991725,True
"I'd like to know work out the median from these numbers -14,246, 18,252, 17,733 exactly",statistics,subtraction,0.4465155,False
"Tell me calculate CI for 1,423,793 with rate 19.61% and time 9 years if possible",compound_interest,compound_interest,0.99824834,True
"Tell me solve 97x - 960 = -10,660 for me",equation,equation,0.999532,True
Please evaluate 465^3 exactly,power,power,0.99985945,True
"I want to calculate what is the root of 1,644,409?",square_root,square_root,0.9088096,True
"Please evaluate the square root of 15,626,209 exactly",square_root,square_root,0.99949646,True
"Tell me calculate 1,746,626 / 1,291 exactly",division,division,0.9980995,True
I want to calculate evaluate factorial(17) if possible,factorial,factorial,0.9634508,True
"Could you multiply 730,683 by 3,144",multiplication,multiplication,0.9993789,True
"I want to calculate what value of x satisfies 80x + 570 = 10,250 please",equation,equation,0.99948764,True
Could you give me the value of sqrt(4316) + 217 exactly,generic_expression,square_root,0.7425729,False
"Tell me what is 1,549,524 divided by 206 for me",division,division,0.99773514,True
"How many pounds is 39,873.24 kg please",unit_conversion,unit_conversion,0.9935823,True
"I need you to grow 1,665,264 by 63.93 percent?",percent_increase,percent_increase,0.2960986,True
Please find the factorial for 19?,factorial,factorial,0.9981406,True
"Work out find the base 10 log of 100,000?",logarithm,logarithm,0.9449469,True
"Could you what is the minimum in this list: -6,636, 15,003, 18,365 for me",statistics,statistics,0.99295324,True
I'd like to know what is tan(43.41)?,trigonometry,percentage,0.30396622,False
Please evaluate tan at 97.4 degrees,trigonometry,trigonometry,0.9999169,True
"Work out determine x from 67x - 576 = -14,110 please",equation,equation,0.9996716,True
"Please take 19,113 away from 1,085,223",subtraction,subtraction,0.99974257,True
"Can you find the base 10 log of 1,000?",logarithm,logarithm,0.96641815,True
Can you what value of x satisfies 2x + 686 = 918 exactly,equation,equation,0.99981505,True
"Figure out what is the natural log of 1,204.67 if possible",logarithm,logarithm,0.48096144,True
"Help me compound interest on 7,557,077 at 20.44% for 19 years exactly",compound_interest,compound_interest,0.99850583,True
Can you calculate log10(10) exactly,logarithm,logarithm,0.99771345,True
"Figure out what is 88,031 divided by 1,011 if possible",division,division,0.9990115,True
Tell me give me the value of (1953 - 518) / 2 for me,generic_expression,generic_expression,0.79607177,True
Work out give me the value of (112 - 846) / 23 please,generic_expression,generic_expression,0.8572812,True
"Can you what is 1,136,824 divided by 442 please",division,division,0.9984688,True
I'd like to know evaluate factorial(0)?,factorial,factorial,0.9952366,True
"Help me what is 474,198 plus 7,458",addition,addition,0.9961383,True
"Convert 79,512.75 feet into meters please",unit_conversion,unit_conversion,0.98467964,True
"Figure out grow 1,691,815 by 28.21 percent please",percent_increase,percentage,0.4334072,False
I need you to calculate 301 to the power of 9?,power,power,0.99999535,True
"Tell me add 54,017 to 7,571 please",addition,addition,0.9935649,True
"Work out what is 1,673,490 minus 15,444 for me",subtraction,subtraction,0.99616796,True
"Tell me calculate 1,934,506 - 14,511 please",subtraction,subtraction,0.9972754,True
"I need you to calculate 593,462 * 9,558?",multiplication,multiplication,0.99807525,True
Figure out give me the value of 4693 * 12 + 923?,generic_expression,generic_expression,0.90935844,True
"Help me find the compound annual growth rate from 1,646,120 to 6,035,672 over 1 years exactly",cagr,cagr,0.9920521,True
"I want to calculate what does 216,349 become after a 74.47% increase for me",percent_increase,percent_increase,0.99778616,True
"Tell me calculate CI for 2,343,840 with rate 16.74% and time 23 years if possible",compound_interest,compound_interest,0.99863595,True
"How many feet are 34,358.04 meters for me",unit_conversion,unit_conversion,0.9966792,True
"Please find the base 10 log of 1,000",logarithm,logarithm,0.9835655,True
"I need you to subtract 61.84% from 482,386 for me",percent_decrease,percent_decrease,0.99656075,True
"Can you grow 1,007,179 by 65.79 percent?",percent_increase,percentage,0.27599517,False
"Figure out subtract 88.01% from 1,384,528",percent_decrease,percent_decrease,0.99764144,True
"I'd like to know what does 1,878,802 become after a 29.09% increase exactly",percent_increase,percent_increase,0.9981294,True
Please give me the value of (4167 + 176) * 25,generic_expression,generic_expression,0.8287835,True
Help me find cosine for an angle of 294.96 degrees,trigonometry,trigonometry,0.99992716,True
"I want to calculate divide 3,797,341 by 2,363?",division,division,0.9960639,True
"Please add 23.33% to 605,445 exactly",percent_increase,percent_increase,0.997465,True
Help me what does 12 factorial equal please,factorial,factorial,0.9393208,True
"Can you solve 63x - 258 = 29,541 if possible",equation,equation,0.9997899,True
"Tell me what monthly payment would I have for 4,447,539 at 3.8% over 13 years?",emi,emi,0.9980787,True
"I want to calculate what is 1,463,880 divided by 1,087 if possible",division,division,0.9958162,True
"How many pounds is 52,766.72 kg?",unit_conversion,unit_conversion,0.9955213,True
"I need you to calculate CAGR if 1,975,479 grows to 2,492,130 in 1 years please",cagr,cagr,0.99948835,True
"Figure out find the mean for 15,012, -17,578, -9,829, 16,121, -6,415 please",statistics,statistics,0.8344641,True
"I'd like to know what monthly payment would I have for 7,645,948 at 2.63% over 15 years if possible",emi,emi,0.99766326,True
"Tell me what is 5,442,632 divided by 1,774?",division,division,0.9985312,True
"Can you take 11,087 away from 1,717,372 if possible",subtraction,subtraction,0.9996728,True
"Tell me what is the root of 12,298,742 please",square_root,square_root,0.9771845,True
"Could you what is the root of 19,615,862 for me",square_root,square_root,0.9869647,True
"I'd like to know evaluate ln(329,211.2)",logarithm,logarithm,0.9536796,True
"Tell me find the average for 3,933, 14,754, 11,202",statistics,statistics,0.99613684,True
"I want to calculate find the base 10 log of 10,000 for me",logarithm,logarithm,0.950418,True
"Can you tell me 89.93 percent of 324,060 exactly",percentage,percentage,0.9760991,True
"Could you what is 673,419 plus 19,517 please",addition,addition,0.9975556,True
"I want to calculate multiply 62,590 by 6,316 exactly",multiplication,multiplication,0.9982241,True
"Can you simple interest on 5,522,693 at 9.89% for 1 years please",simple_interest,simple_interest,0.99920386,True
Could you work out the following expression: sqrt(3117) + 878 for me,generic_expression,generic_expression,0.79220235,True
"Can you find the total of 993,018 and 11,481 please",addition,addition,0.9993843,True
"Figure out calculate the maximum of 7,769, -9,182, 6,764, 14,754, -14,880, -6,589 please",statistics,statistics,0.9682376,True
"Figure out calculate 818,886 / 1,762 if possible",division,division,0.9984524,True
"Please determine x from 92x - 676 = -45,940 if possible",equation,equation,0.99974555,True
"I'd like to know add 20.94% to 19,023 please",percent_increase,percent_increase,0.9981982,True
"Work out calculate 3,565,272 / 997?",division,division,0.99511284,True
"Tell me compound interest on 4,195,745 at 12.06% for 20 years please",compound_interest,compound_interest,0.99886286,True
"Help me reduce 1,533,228 by 9.06 percent",percent_decrease,percent_decrease,0.9973285,True
"Could you how much simple interest does 7,022,234 earn at 14.95% for 9 years",simple_interest,simple_interest,0.9982784,True
"Work out simple interest on 7,192,530 at 15.18% for 11 years?",simple_interest,simple_interest,0.9994363,True
"Figure out what is 1,579,151 plus 4,199 if possible",addition,addition,0.99234736,True
Help me evaluate 784^10 please,power,power,0.9999536,True
"Tell me evaluate the square root of 19,988,716?",square_root,square_root,0.99971884,True
"Help me calculate the median of -3,340, -12,607, -12,687, -1,391, 4,566, -12,213, -7,238, 14,541, 19,051, -7,445, -12,502, -1,126",statistics,statistics,0.9535701,True
"Convert 23,953.82 miles into km?",unit_conversion,unit_conversion,0.97491395,True
"Work out find the product of 1,397,691 and 22,304 if possible",multiplication,multiplication,0.9986168,True
"Could you find the total of 1,303,587 and 4,249 please",addition,addition,0.99936324,True
"I'd like to know find the compound annual growth rate from 1,885,654 to 6,986,257 over 19 years?",cagr,cagr,0.9953199,True
"Could you what is 168,100 times 6,560",multiplication,multiplication,0.99802715,True
Could you evaluate cos at 21.77 degrees,trigonometry,trigonometry,0.999759,True
"Please calculate 1,996,005 + 15,847 please",addition,addition,0.9979867,True
"Work out work out 76.49% of 111,539",percentage,percentage,0.99637455,True
"Convert 1,081.45 feet into meters",unit_conversion,unit_conversion,0.9900733,True
I'd like to know evaluate factorial(12),factorial,factorial,0.9896444,True
"Convert 37,189.43 feet into meters?",unit_conversion,unit_conversion,0.98583025,True
"Figure out take 10,468 away from 259,144 exactly",subtraction,subtraction,0.9984296,True
"Please compound interest on 4,897,760 at 10.75% for 11 years",compound_interest,compound_interest,0.99893683,True
"Work out calculate SI for 15,734 with rate 8.2% and time 15 years?",simple_interest,simple_interest,0.9994093,True
Could you what is sin(7.01)?,trigonometry,percentage,0.36056024,False
"Tell me what is 1,502,710 times 12,489",multiplication,multiplication,0.9932199,True
"Help me grow 1,637,219 by 5.56 percent please",percent_increase,percentage,0.36202857,False
"Work out compound interest on 3,013,099 at 17.82% for 3 years if possible",compound_interest,compound_interest,0.9988858,True
I want to calculate work out the following expression: sqrt(578) + 892 for me,generic_expression,generic_expression,0.92104954,True
"Please calculate 1,418,082 * 12,928 for me",multiplication,multiplication,0.99836284,True
"I want to calculate tell me 77.02 percent of 641,410 for me",percentage,percentage,0.9814449,True
"Work out calculate 795,936 + 24,664 please",addition,addition,0.99458534,True
"Convert 47,396.47 miles into km for me",unit_conversion,unit_conversion,0.9769379,True
"Can you calculate 1,585,502 - 5,929 please",subtraction,subtraction,0.9974043,True
"Please solve 93x + 967 = 13,429 exactly",equation,equation,0.9995153,True
"I'd like to know what amount is 30.39% of 1,709,859 exactly",percentage,percentage,0.9998292,True
"Help me calculate 816,726 + 19,394 please",addition,addition,0.99847263,True
"Help me what is 1,968,650 minus 18,305 please",subtraction,subtraction,0.9971054,True
"I want to calculate compound interest on 999,330 at 12.98% for 6 years exactly",compound_interest,compound_interest,0.99922824,True
"Could you find the total of 1,232,640 and 13,818?",addition,addition,0.99930835,True
Could you calculate log10(100) if possible,logarithm,logarithm,0.9991085,True
"Figure out find the square root of 2,396,304?",square_root,square_root,0.99989915,True
"Turn 52,089.58 degrees F into Celsius if possible",unit_conversion,trigonometry,0.95152414,False
"Work out calculate SI for 6,993,311 with rate 10.68% and time 25 years for me",simple_interest,simple_interest,0.99843353,True
"Work out calculate the EMI on 659,236 at 18.49% for 3 years for me",emi,emi,0.64512414,True
"How many miles are 4,302.91 km?",unit_conversion,unit_conversion,0.99074805,True
"I need you to find the total of 145,261 and 15,541 exactly",addition,addition,0.9992017,True
"Can you simple interest on 5,089,485 at 2.22% for 22 years",simple_interest,simple_interest,0.9995185,True
"Help me how much compound interest does 4,312,799 earn at 18.19% for 22 years exactly",compound_interest,compound_interest,0.99466103,True
Please what does 0 factorial equal?,factorial,factorial,0.9873767,True
"Figure out what is the median in this list: 6,190, -15,944, 11,813, 10,946, 19,010, 9,436, 19,141, -3,901",statistics,statistics,0.7762164,True
"Tell me add 26.55% to 438,576?",percent_increase,percent_increase,0.99695,True
"I need you to monthly EMI for a loan of 1,686,693 at 10.74% over 7 years if possible",emi,emi,0.99998605,True
"I'd like to know work out the median from these numbers -7,882, 8,357, 666, -17,013, -6,433, -3,347, -14,993, 4,187, -4,643, -1,697, 15,994, -9,679 for me",statistics,statistics,0.99022174,True
"I need you to how much compound interest does 799,781 earn at 5.06% for 24 years please",compound_interest,compound_interest,0.9965217,True
"I want to calculate work out the average from these numbers -5,527, 7,339, -12,994, -18,017, 6,635?",statistics,statistics,0.99836797,True
"I need you to calculate 700,012 - 1,444 exactly",subtraction,subtraction,0.99604225,True
"Please calculate 1,778,191 - 18,312?",subtraction,subtraction,0.9981376,True
"Can you divide 1,604,958 by 1,710 please",division,division,0.9997054,True
"I need you to calculate 692,074 * 267",multiplication,multiplication,0.99928004,True
"Tell me calculate 51.65 percent of 1,795,825 if possible",percentage,percentage,0.9960443,True
"Convert 47,349.24 Celsius to Fahrenheit if possible",unit_conversion,unit_conversion,0.9610347,True
"Can you work out 96.45% of 1,400,481 please",percentage,percentage,0.99804544,True
"Help me what remains after reducing 536,366 by 40.19% please",percent_decrease,percent_decrease,0.85150534,True
"I need you to what is 89,541 times 9,542",multiplication,multiplication,0.9958383,True
"I'd like to know monthly EMI for a loan of 5,233,458 at 9.93% over 1 years",emi,emi,0.99999416,True
"Work out compound interest on 1,475,112 at 11.76% for 23 years for me",compound_interest,compound_interest,0.99915385,True
Work out find sine for an angle of 268.03 degrees if possible,trigonometry,trigonometry,0.99977416,True
"Work out add 63.54% to 1,288,016 if possible",percent_increase,percent_increase,0.9991221,True
"Figure out calculate 687,184 + 1,843 for me",addition,addition,0.9958568,True
"How many miles are 23,029.23 km",unit_conversion,unit_conversion,0.9964394,True
Work out find the base 10 log of 100,logarithm,logarithm,0.9600644,True
"Please find the median for 10,044, -15,469, -18,761, 3,633, 18,901, -4,691, 13,806, -3,248, 9,862, 1,439 exactly",statistics,statistics,0.88786274,True
"Tell me CAGR from 94,911 to 250,283 over 16 years exactly",cagr,cagr,0.98554915,True
"I'd like to know what remains after reducing 1,690,910 by 70.48% exactly",percent_decrease,percent_decrease,0.80986744,True
I'd like to know work out the following expression: 2315^4 + 753 for me,generic_expression,generic_expression,0.9013853,True
"I want to calculate calculate 81.19 percent of 897,172?",percentage,percentage,0.9942514,True
Figure out raise 976 to the 10th power exactly,power,power,0.9998622,True
"How many feet are 94,942.02 meters exactly",unit_conversion,unit_conversion,0.9961456,True
"Help me calculate sqrt(4,900) please",square_root,square_root,0.9981775,True
"Tell me calculate sqrt(13,714,048) if possible",square_root,square_root,0.99404716,True
"Figure out find x where 76x - 391 equals 15,873",equation,addition,0.3206312,False
Help me give me the value of 2638 * 8 + 131 please,generic_expression,generic_expression,0.84938675,True
"Could you add 16.97% to 367,161 please",percent_increase,percent_increase,0.9972255,True
"I need you to find the square root of 11,372,082 if possible",square_root,square_root,0.9997875,True
I need you to evaluate cos at 347.72 degrees,trigonometry,trigonometry,0.9996216,True
"Work out find the total of 888,399 and 825 for me",addition,addition,0.9982857,True
"Figure out calculate the EMI on 295,549 at 2.48% for 22 years if possible",emi,emi,0.624211,True
"Tell me calculate CI for 1,402,134 with rate 7.84% and time 21 years?",compound_interest,compound_interest,0.9984611,True
"I'd like to know compound interest on 5,421,315 at 6.07% for 14 years",compound_interest,compound_interest,0.998939,True
I want to calculate raise 173 to the 4th power exactly,power,power,0.9999578,True
"Please evaluate the square root of 16,646,400 exactly",square_root,square_root,0.99954224,True
"Could you grow 1,938,743 by 54.57 percent please",percent_increase,percentage,0.37740812,False
"Tell me find the product of 368,315 and 21,455 for me",multiplication,multiplication,0.99782664,True
"Can you calculate 1.46 percent of 1,039,389",percentage,percentage,0.99751616,True
"I'd like to know multiply 1,166,514 by 12,660 please",multiplication,multiplication,0.999172,True
"Please find the median for 6,619, 15,464, 3,710, -6,514, 17,798 exactly",statistics,statistics,0.745465,True
I need you to work out the following expression: log10(10) + 904 for me,generic_expression,generic_expression,0.891168,True
"Work out determine x from 47x + 589 = 14,313 please",equation,equation,0.99982053,True
"Help me how much compound interest does 1,736,674 earn at 15.14% for 22 years",compound_interest,compound_interest,0.9969529,True
Help me give me the value of 2322^2 + 995?,generic_expression,generic_expression,0.7042692,True
Tell me raise 161 to the 11th power for me,power,power,0.9999379,True
Please what does 277 * 17 + 910 come to,generic_expression,multiplication,0.6735158,False
"Tell me calculate 7.56 percent of 413,849?",percentage,percentage,0.9945945,True
"Could you find the total of 993,688 and 24,043 exactly",addition,addition,0.9980696,True
"I'd like to know calculate the EMI on 2,806,144 at 7.24% for 8 years exactly",emi,emi,0.63972026,True
"Please what is 194,486 times 6,552",multiplication,multiplication,0.99761546,True
"I need you to evaluate ln(1,000) if possible",logarithm,logarithm,0.99035627,True
"Work out evaluate ln(1,000)?",logarithm,logarithm,0.99612695,True
"Tell me increase 449,480 by 90.64%?",percent_increase,percent_increase,0.99953043,True
"I'd like to know evaluate ln(10,000) exactly",logarithm,logarithm,0.9075668,True
"I'd like to know calculate SI for 3,562,476 with rate 18.94% and time 9 years",simple_interest,simple_interest,0.9988526,True
"Can you find the compound annual growth rate from 341,037 to 350,096 over 6 years please",cagr,cagr,0.99537104,True
"Could you subtract 56.08% from 917,475 please",percent_decrease,percent_decrease,0.997879,True
"Could you calculate the EMI on 4,494,241 at 20.06% for 7 years?",emi,emi,0.65207744,True
"Help me what value of x satisfies 56x + 766 = -23,874",equation,equation,0.9995981,True
"Work out divide 189,969 by 39 if possible",division,division,0.9994918,True
"Can you add 1,670,973 to 4,068",addition,addition,0.99598217,True
"Please find the total of 385,431 and 9,645 please",addition,addition,0.99924195,True
I need you to raise 499 to the 7th power?,power,power,0.9997825,True
"Could you calculate CAGR if 1,305,924 grows to 2,491,456 in 5 years if possible",cagr,cagr,0.9997353,True
I want to calculate what is tan(5.02) if possible,trigonometry,percentage,0.37539193,False
"Can you add 1,385,957 to 21,076 exactly",addition,addition,0.9898189,True
"I need you to what amount is 1.52% of 1,154,016?",percentage,percentage,0.9999287,True
"I'd like to know multiply 1,968,048 by 9,011?",multiplication,multiplication,0.99907124,True
"Figure out find the square root of 5,382,400 exactly",square_root,square_root,0.99973077,True
I need you to evaluate cos at 134.24 degrees exactly,trigonometry,trigonometry,0.99894255,True
"I need you to what does 1,259,752 become after a 31.79% increase?",percent_increase,percent_increase,0.9984382,True
"I'd like to know calculate SI for 603,324 with rate 18.49% and time 22 years",simple_interest,simple_interest,0.99870276,True
"Work out multiply 1,732,452 by 21,675?",multiplication,multiplication,0.99935704,True
Please calculate the cosine of 33 degrees please,trigonometry,trigonometry,0.9999962,True
"Figure out find x where 58x + 247 equals -5,437 please",equation,statistics,0.23315535,False
I want to calculate find tangent for an angle of 59.56 degrees?,trigonometry,trigonometry,0.9998665,True
"Please determine x from 94x - 332 = -23,832 please",equation,equation,0.9997008,True
"Can you calculate 1,999,966 - 18,556 exactly",subtraction,subtraction,0.99720615,True
"I need you to divide 710,241 by 651?",division,division,0.99926835,True
"I need you to calculate 626,891 + 13,363?",addition,addition,0.99771786,True
"I need you to tell me 53.69 percent of 553,018 please",percentage,percentage,0.9794276,True
"Convert 73,850.04 pounds into kilograms?",unit_conversion,unit_conversion,0.9269252,True
I want to calculate find the base 10 log of 100?,logarithm,logarithm,0.928349,True
Tell me calculate 4!?,factorial,factorial,0.8347593,True
"Could you monthly EMI for a loan of 2,882,012 at 5.04% over 15 years please",emi,emi,0.99998784,True
"Work out find the quotient of 1,773,797 and 790 if possible",division,division,0.99911493,True
"Can you what amount is 43.02% of 903,410 for me",percentage,percentage,0.9998091,True
"Work out add 66.86% to 1,806,387 for me",percent_increase,percent_increase,0.9976393,True
"I need you to what is 257,271 minus 1,318 exactly",subtraction,subtraction,0.9970757,True
"Tell me compound interest on 5,520,915 at 14.61% for 9 years",compound_interest,compound_interest,0.9992119,True
"Please multiply 678,574 by 9,716 please",multiplication,multiplication,0.99944454,True
"Please solve 93x - 906 = 20,484 for me",equation,equation,0.99965084,True
Please what does 308 * 16 + 580 come to?,generic_expression,multiplication,0.6862877,False
"Work out calculate 1,549,578 + 24,770?",addition,addition,0.99456775,True
"Work out tell me 96.21 percent of 142,708 for me",percentage,percentage,0.9766207,True
"Work out what is the root of 23,475,900 if possible",square_root,square_root,0.97963804,True
"I'd like to know find the square root of 4,588,164",square_root,square_root,0.9998553,True
"Can you reduce 687,516 by 5.56 percent please",percent_decrease,percent_decrease,0.9962058,True
"I need you to evaluate the square root of 9,114,998 please",square_root,square_root,0.999694,True
Help me evaluate factorial(6)?,factorial,factorial,0.9942399,True
"Please what is 395,376 divided by 149 for me",division,division,0.99863017,True
"Please tell me 1.52 percent of 1,656,774 please",percentage,percentage,0.99262744,True
Please factorial of 7 exactly,factorial,factorial,0.999178,True
I need you to evaluate 25^10,power,power,0.999979,True
"Help me increase 522,832 by 36.62%",percent_increase,percent_increase,0.9997123,True
"Can you subtract 9.94% from 1,259,743 for me",percent_decrease,percent_decrease,0.9974994,True
"I want to calculate how much simple interest does 4,467,047 earn at 6.54% for 21 years?",simple_interest,simple_interest,0.9979962,True
"Convert 95,948.54 pounds into kilograms please",unit_conversion,unit_conversion,0.8978229,True
"Please calculate SI for 1,641,129 with rate 15.75% and time 19 years please",simple_interest,simple_interest,0.9977253,True
"I'd like to know calculate the mean of -2,162, -10,448, -15,591, -19,965, 1,024, 8,569, 13,004, 7,931, 7,106, 10,066, 15,748, -17,070 please",statistics,statistics,0.81851864,True
"I want to calculate work out the standard deviation from these numbers -12,193, 15,617, 7,503, 17,926, 16,092, 929, -4,662, -7,794 for me",statistics,statistics,0.998442,True
Please what is 776 power 5,power,power,0.9993759,True
"I want to calculate what is the standard deviation in this list: -4,804, 8,071, -8,423, -11,227, -5,743, 15,664 please",statistics,statistics,0.99846184,True
Help me calculate 19! exactly,factorial,factorial,0.8032523,True
"I want to calculate calculate CAGR if 418,756 grows to 1,671,874 in 15 years",cagr,cagr,0.99951637,True
"Convert 65,618.21 pounds into kilograms for me",unit_conversion,unit_conversion,0.92425215,True
"Please calculate the EMI on 6,097,032 at 19.5% for 19 years for me",emi,emi,0.66689986,True
Figure out evaluate sin at 128.36 degrees,trigonometry,trigonometry,0.99982125,True
"Turn 22,879.04 degrees F into Celsius for me",unit_conversion,trigonometry,0.957996,False
"Can you CAGR from 1,839,428 to 5,723,849 over 4 years please",cagr,cagr,0.98422676,True
"I want to calculate evaluate the square root of 1,155,546 for me",square_root,square_root,0.999371,True
"I need you to what amount is 55.74% of 1,095,188 please",percentage,percentage,0.9999579,True
I need you to evaluate cos at 305.73 degrees?,trigonometry,trigonometry,0.99887353,True
Could you what is cos(357.59)?,trigonometry,percentage,0.36712572,False
"How many miles are 26,203.65 km",unit_conversion,unit_conversion,0.99685425,True
"Help me what is 1,563,397 divided by 2,274 for me",division,division,0.9979976,True
"I want to calculate reduce 1,257,195 by 86.08 percent for me",percent_decrease,percent_decrease,0.9900502,True
"Help me what is the natural log of 1,000 exactly",logarithm,logarithm,0.7264596,True
"Can you find the square root of 1,893,376 if possible",square_root,square_root,0.99981457,True
"Could you subtract 45.44% from 1,294,981 if possible",percent_decrease,percent_decrease,0.99786216,True
"Please calculate the maximum of 3,228, 2,764, -12,726, -337, -19,049, 11,083, -15,800, 11,101, -6,723, 13,840 please",statistics,statistics,0.92305416,True
"Can you calculate sqrt(6,885,376) please",square_root,square_root,0.9946548,True
I need you to work out the following expression: log10(1000) + 300?,generic_expression,generic_expression,0.9530225,True
"Work out what is 284,106 minus 832?",subtraction,subtraction,0.99692816,True
"I'd like to know calculate 607,202 + 4,354 please",addition,addition,0.9969117,True
Could you find the base 10 log of 10 for me,logarithm,logarithm,0.9766841,True
"Please calculate the mean of -6,753, 1,936, -14,442, -992, 14,953, 4,490 exactly",statistics,statistics,0.7674946,True
"Figure out simple interest on 246,767 at 6.87% for 8 years?",simple_interest,simple_interest,0.9994912,True
"I'd like to know compound interest on 5,440,916 at 3.34% for 10 years please",compound_interest,compound_interest,0.99828976,True
"Please subtract 17,439 from 900,342",subtraction,subtraction,0.9965643,True
Figure out find the factorial for 9 if possible,factorial,factorial,0.9941453,True
"I want to calculate calculate 1,075,464 * 1,036 for me",multiplication,multiplication,0.99589753,True
"Figure out calculate 1,853,522 + 18,515 please",addition,addition,0.9975745,True
"Tell me what is 1,294,781 minus 10,094 for me",subtraction,subtraction,0.9968984,True
"How many miles are 53,111.33 km",unit_conversion,unit_conversion,0.9967474,True
"Please simple interest on 539,861 at 5.25% for 19 years",simple_interest,simple_interest,0.9995602,True
"I need you to reduce 1,383,946 by 53.52 percent?",percent_decrease,percent_decrease,0.9899385,True
I want to calculate evaluate factorial(18) if possible,factorial,factorial,0.9631004,True
"Please subtract 58.8% from 315,239 please",percent_decrease,percent_decrease,0.99852693,True
"Can you find the product of 1,605,115 and 10,868 exactly",multiplication,multiplication,0.99800724,True
"I want to calculate what remains after reducing 1,252,443 by 13.56% for me",percent_decrease,percent_decrease,0.6866002,True
Figure out calculate 6! exactly,factorial,factorial,0.9742475,True
I want to calculate find cosine for an angle of 303.43 degrees,trigonometry,trigonometry,0.9999405,True
I want to calculate give me the value of (2472 - 555) / 23 if possible,generic_expression,generic_expression,0.95803314,True
"Convert 16,537.39 Celsius to Fahrenheit please",unit_conversion,unit_conversion,0.92257833,True
Tell me calculate the sine of 161.92 degrees exactly,trigonometry,trigonometry,0.99977905,True
"Tell me add 92.63% to 1,402,364 for me",percent_increase,percent_increase,0.9977187,True
I want to calculate factorial of 2 for me,factorial,factorial,0.99973494,True
"Tell me add 268,996 to 23,541 please",addition,addition,0.9953052,True
"Help me how much simple interest does 1,457,961 earn at 13.68% for 7 years",simple_interest,simple_interest,0.9982048,True
"Tell me calculate 1,126,685 + 285 if possible",addition,addition,0.9981724,True
"Help me find the quotient of 1,370,292 and 1,483",division,division,0.9994029,True
"Please reduce 1,136,646 by 22.05 percent for me",percent_decrease,percent_decrease,0.9953211,True
"Can you increase 1,161,043 by 79.53% please",percent_increase,percent_increase,0.99966264,True
"I want to calculate add 45.16% to 546,291 for me",percent_increase,percent_increase,0.99440974,True
"I need you to what amount is 42.4% of 807,221 if possible",percentage,percentage,0.999838,True
"I want to calculate multiply 427,880 by 10,091 for me",multiplication,multiplication,0.99810636,True
"I'd like to know find the square root of 3,545,689 please",square_root,square_root,0.9998375,True
"Figure out what does 654,308 become after a 52.51% increase if possible",percent_increase,percent_increase,0.9980361,True
"I want to calculate what is the natural log of 100,000 exactly",logarithm,logarithm,0.7811062,True
"Tell me subtract 56.74% from 571,765?",percent_decrease,percent_decrease,0.9977975,True
Help me evaluate factorial(13) for me,factorial,factorial,0.9943969,True
"Convert 24,445.94 miles into km for me",unit_conversion,unit_conversion,0.9784806,True
"Help me add 65.43% to 250,668",percent_increase,percent_increase,0.9981006,True
"Could you how much simple interest does 7,187,817 earn at 18.06% for 17 years",simple_interest,simple_interest,0.9983126,True
Can you what does 10 factorial equal please,factorial,factorial,0.9275656,True
"I want to calculate calculate the EMI on 4,701,989 at 20.22% for 3 years if possible",emi,emi,0.5017872,True
"Can you monthly EMI for a loan of 2,800,344 at 9.01% over 6 years?",emi,emi,0.99999344,True
Could you work out the following expression: 2447 - (331 / 17)?,generic_expression,generic_expression,0.99004155,True
"Help me find the compound annual growth rate from 1,460,705 to 6,437,958 over 7 years exactly",cagr,cagr,0.99424607,True
"I'd like to know CAGR from 179,618 to 555,596 over 4 years please",cagr,cagr,0.9867296,True
Can you calculate the sine of 353.4 degrees please,trigonometry,trigonometry,0.9999181,True
"Work out take 19,719 away from 752,026 exactly",subtraction,subtraction,0.99874866,True
"Help me calculate CI for 7,186,232 with rate 20.85% and time 19 years if possible",compound_interest,compound_interest,0.9989648,True
"Help me increase 568,083 by 35.48% if possible",percent_increase,percent_increase,0.9994717,True
"Figure out how much simple interest does 2,505,550 earn at 4.21% for 10 years",simple_interest,simple_interest,0.9980819,True
"Work out work out the average from these numbers -955, -1,928, -15,688, -11,739, -14,924?",statistics,statistics,0.9957776,True
Help me what does sin(218) come to if possible,generic_expression,trigonometry,0.16111994,False
Work out what is the natural log of 10 for me,logarithm,logarithm,0.8811475,True
"Help me what is 1,016,628 times 1,458 for me",multiplication,multiplication,0.9955989,True
"Tell me what is the minimum in this list: -12,550, 16,604, 16,252, 294, 16,361, -9,881 if possible",statistics,statistics,0.9852423,True
"I'd like to know how much simple interest does 4,148,675 earn at 15.04% for 14 years",simple_interest,simple_interest,0.99831104,True
I need you to what does 14 factorial equal exactly,factorial,factorial,0.9122055,True
"Please how much simple interest does 4,202,202 earn at 2.77% for 20 years",simple_interest,simple_interest,0.99815863,True
Please calculate the cosine of 112.3 degrees please,trigonometry,trigonometry,0.99995565,True
"I'd like to know grow 1,968,245 by 39.58 percent for me",percent_increase,percent_increase,0.3168177,True
"Please add 1,497,346 to 9,188",addition,addition,0.99378985,True
"I want to calculate what is 1,693,816 minus 3,521 if possible",subtraction,subtraction,0.9866952,True
"Could you take 14,385 away from 1,000,450",subtraction,subtraction,0.9998073,True
Please evaluate this expression: 3998^2 + 548 for me,generic_expression,generic_expression,0.9990546,True
"Help me CAGR from 1,340,781 to 2,460,687 over 19 years?",cagr,cagr,0.98681414,True
"Please calculate 225,863 + 22,185 for me",addition,addition,0.99352115,True
Tell me what is 432 power 6 if possible,power,power,0.998539,True
"I want to calculate evaluate the square root of 3,676,843 for me",square_root,square_root,0.9994351,True
Tell me evaluate factorial(15),factorial,factorial,0.9927625,True
Tell me evaluate 250^9?,power,power,0.99997544,True
"I'd like to know find x where 89x - 126 equals -39,820 please",equation,addition,0.3637884,False
"I want to calculate find the product of 37,279 and 6,514?",multiplication,multiplication,0.996394,True
"Help me grow 496,004 by 27.78 percent please",percent_increase,percentage,0.40292567,False
"Convert 90,689.99 pounds into kilograms",unit_conversion,unit_conversion,0.9463851,True
Can you calculate the cosine of 15.38 degrees for me,trigonometry,trigonometry,0.99995625,True
Figure out find the base 10 log of 100,logarithm,logarithm,0.95421576,True
Could you calculate log10(100),logarithm,logarithm,0.99951136,True
I want to calculate evaluate this expression: log10(10) + 355?,generic_expression,generic_expression,0.99758816,True
"I need you to what is 309,107 plus 19,428 if possible",addition,addition,0.99622834,True
"Could you find the total of 13,115 and 23,820 if possible",addition,addition,0.99887615,True
"Tell me compound interest on 2,620,989 at 20.28% for 8 years if possible",compound_interest,compound_interest,0.99892753,True
"Could you what is the natural log of 10,000 for me",logarithm,logarithm,0.934318,True
"I need you to what remains after reducing 545,570 by 59.44% if possible",percent_decrease,percent_decrease,0.8299121,True
"Please increase 866,071 by 85.48% please",percent_increase,percent_increase,0.9994236,True
"Figure out evaluate ln(100,000) exactly",logarithm,logarithm,0.92132825,True
"Could you what remains after reducing 1,883,499 by 74.45% for me",percent_decrease,percent_decrease,0.8464089,True
"Please what is 355,434 minus 9,834 exactly",subtraction,subtraction,0.9968291,True
"Could you calculate CAGR if 855,154 grows to 2,545,627 in 11 years please",cagr,cagr,0.9995371,True
"Tell me calculate 1,749,621 - 16,349 exactly",subtraction,subtraction,0.9971481,True
"Tell me monthly EMI for a loan of 4,211,208 at 3.47% over 21 years",emi,emi,0.999995,True
"Could you calculate 181,762 + 19,579 exactly",addition,addition,0.99591714,True
"Can you tell me 12.58 percent of 697,876?",percentage,percentage,0.9913045,True
I need you to work out the following expression: log10(10) + 134 please,generic_expression,generic_expression,0.90140945,True
"I need you to what is 1,004,265 plus 835",addition,addition,0.9981343,True
Figure out what is sin(263.48)?,trigonometry,percentage,0.50734407,False
Work out find sine for an angle of 324.04 degrees,trigonometry,trigonometry,0.9998715,True
"Help me add 173,267 to 9,368 for me",addition,addition,0.9945018,True
Work out evaluate cos at 84.94 degrees if possible,trigonometry,trigonometry,0.999754,True
"Help me decrease 1,885,866 by 51.61% please",percent_decrease,percent_decrease,0.9996172,True
"Convert 75,001.86 Celsius to Fahrenheit",unit_conversion,unit_conversion,0.97092617,True
"I want to calculate how much compound interest does 1,285,504 earn at 15.8% for 6 years for me",compound_interest,compound_interest,0.9973086,True
"Figure out evaluate the square root of 7,507,600 for me",square_root,square_root,0.9997576,True
"How many pounds is 8,101.14 kg please",unit_conversion,unit_conversion,0.99478924,True
"Could you work out 2.96% of 325,999 for me",percentage,percentage,0.99263823,True
I'd like to know calculate 625 to the power of 6 please,power,power,0.9999908,True
"I want to calculate find the product of 431,891 and 8,148 if possible",multiplication,multiplication,0.9945135,True
"Work out calculate sqrt(16,300,467) for me",square_root,square_root,0.98920375,True
"I want to calculate what is the average in this list: -2,531, -11,929, 5,978, 7,903, 8,296, -5,431",statistics,statistics,0.9983367,True
"I need you to calculate the EMI on 818,946 at 8.99% for 6 years for me",emi,emi,0.68536985,True
"Figure out calculate 1,677,125 + 22,685",addition,addition,0.9950525,True
"Please what is the median in this list: 10,088, -5,430, 15,359, -4,284, 17,515, -19,179, -8,887, 9,156, -2,950, -8,152, 17,334, 15,412 please",statistics,statistics,0.9670405,True
"Convert 96,091.39 pounds into kilograms for me",unit_conversion,unit_conversion,0.93019485,True
"Tell me calculate 6,037,101 / 1,659?",division,division,0.9975297,True
"I want to calculate find the total of 761,978 and 177?",addition,addition,0.99830127,True
"I need you to work out 55.22% of 1,179,727 please",percentage,percentage,0.9978181,True
"Can you add 10.72% to 1,954,577 please",percent_increase,percent_increase,0.9990808,True
"I'd like to know evaluate the square root of 115,600 please",square_root,square_root,0.9999223,True
"I'd like to know subtract 7.89% from 1,635,622 please",percent_decrease,percent_decrease,0.9975212,True
"I want to calculate monthly EMI for a loan of 7,076,343 at 17.4% over 13 years if possible",emi,emi,0.9999913,True
"Help me how much simple interest does 3,193,224 earn at 19.7% for 23 years please",simple_interest,simple_interest,0.99772495,True
"Tell me calculate log10(1,000)",logarithm,logarithm,0.9999651,True
"Tell me what remains after reducing 1,849,013 by 61.77% if possible",percent_decrease,percent_decrease,0.8107298,True
"I need you to what is 994,034 minus 4,668?",subtraction,subtraction,0.9975631,True
"Please determine x from 80x + 57 = -39,783 please",equation,equation,0.9997336,True
Can you factorial of 5 please,factorial,factorial,0.9991346,True
"Figure out evaluate ln(1,000)",logarithm,logarithm,0.9963192,True
"Please calculate 622,376 / 1,064",division,division,0.99859625,True
"I want to calculate what is the natural log of 1,000?",logarithm,logarithm,0.581316,True
"Please what is 594,093 minus 12,259?",subtraction,subtraction,0.9987307,True
Help me calculate 19!,factorial,trigonometry,0.40289912,False
"Can you work out 17.42% of 1,211,615 please",percentage,percentage,0.99802494,True
"Could you what is the natural log of 1,000 if possible",logarithm,logarithm,0.7476494,True
Work out what does 19 factorial equal?,factorial,factorial,0.9325255,True
"Work out determine x from 47x + 6 = 19,699 exactly",equation,equation,0.9997944,True
"Figure out find the square root of 23,609,881 please",square_root,square_root,0.99988294,True
"I need you to take 6,081 away from 576,527?",subtraction,subtraction,0.99908304,True
"How many pounds is 85,911.35 kg exactly",unit_conversion,unit_conversion,0.99505436,True
"I need you to simple interest on 4,741,868 at 4.06% for 20 years for me",simple_interest,simple_interest,0.9991391,True
"Figure out calculate log10(100,000)?",logarithm,logarithm,0.9990681,True
"Could you what is 680,925 minus 12,863 exactly",subtraction,subtraction,0.9975999,True
I want to calculate what is sin(289.23) if possible,trigonometry,percentage,0.36835012,False
"Help me find the square root of 14,235,529",square_root,square_root,0.9998714,True
"I need you to calculate CI for 6,073,678 with rate 19.34% and time 5 years if possible",compound_interest,compound_interest,0.9970618,True
"Work out calculate SI for 3,695,187 with rate 13.77% and time 4 years",simple_interest,simple_interest,0.9991961,True
"I'd like to know calculate 715,028 - 24,065",subtraction,subtraction,0.99737525,True
"Work out what is 1,270,306 minus 12,652 please",subtraction,subtraction,0.99601763,True
Help me factorial of 12 please,factorial,factorial,0.9974214,True
"I'd like to know calculate the EMI on 2,693,723 at 6.25% for 18 years if possible",emi,emi,0.6197159,True
"I need you to find the base 10 log of 1,000",logarithm,logarithm,0.97760665,True
Help me calculate the cosine of 318.09 degrees please,trigonometry,trigonometry,0.99992955,True
Tell me what is tan(74.61) for me,trigonometry,percentage,0.24333435,False
Can you calculate log10(10)?,logarithm,logarithm,0.99976534,True
I want to calculate work out the following expression: log10(100) + 542 for me,generic_expression,generic_expression,0.9496827,True
I need you to evaluate sin at 174.06 degrees if possible,trigonometry,trigonometry,0.99935454,True
"Could you what is the natural log of 650,845.98?",logarithm,logarithm,0.57273155,True
"Figure out what is 830,022 times 3,147",multiplication,multiplication,0.9951055,True
"Work out divide 27,927 by 321 if possible",division,division,0.9995302,True
"Figure out take 20,038 away from 1,618,948 please",subtraction,subtraction,0.9996112,True
"Help me find the base 10 log of 10,000 exactly",logarithm,logarithm,0.9430481,True
"Can you calculate 40,412 * 23,898 please",multiplication,multiplication,0.9976829,True
Figure out calculate 39 to the power of 4 please,power,power,0.9999981,True
"Could you compound interest on 5,497,505 at 1.56% for 7 years please",compound_interest,compound_interest,0.998735,True
"I want to calculate find the square root of 16,302,365",square_root,square_root,0.99985886,True
"I want to calculate calculate CAGR if 1,838,092 grows to 6,423,339 in 5 years please",cagr,cagr,0.99936146,True
"Please calculate the mean of 18,167, -5,775, 10,371, -8,558, 6,267, -18,361, -5,315, 12,648, 9,172, -9,464, -16,466, 4,961 please",statistics,statistics,0.9709434,True
Please what is the natural log of 10,logarithm,logarithm,0.80156386,True
"Work out CAGR from 1,718,897 to 3,608,063 over 9 years if possible",cagr,cagr,0.99419045,True
"Could you divide 1,026,421 by 1,212 for me",division,division,0.99937075,True
Please evaluate 73^11 please,power,power,0.9999385,True
"I'd like to know subtract 34.76% from 506,906 if possible",percent_decrease,percent_decrease,0.9978745,True
"Could you tell me 33.68 percent of 1,957,755 exactly",percentage,percentage,0.9878197,True
"Help me monthly EMI for a loan of 6,771,289 at 4.72% over 17 years if possible",emi,emi,0.99999344,True
Figure out calculate log10(10) please,logarithm,logarithm,0.9993981,True
I'd like to know work out the following expression: sin(135) please,generic_expression,generic_expression,0.9893128,True
"Please what is the root of 8,964,036 exactly",square_root,square_root,0.9805815,True
"I want to calculate grow 245,672 by 36.07 percent please",percent_increase,percentage,0.551688,False
Please find the factorial for 9,factorial,factorial,0.99929726,True
"Tell me calculate the EMI on 224,992 at 2.56% for 9 years for me",emi,emi,0.69137925,True
"Figure out divide 955,996 by 964 exactly",division,division,0.99866927,True
"Tell me how much simple interest does 7,668,633 earn at 9.24% for 21 years",simple_interest,simple_interest,0.99801207,True
"Work out calculate the EMI on 5,556,608 at 10.1% for 8 years for me",emi,emi,0.64071625,True
Figure out find the base 10 log of 10 exactly,logarithm,logarithm,0.91691303,True
"Work out what is the natural log of 10,000 for me",logarithm,logarithm,0.9087527,True
Work out factorial of 16 for me,factorial,factorial,0.9989188,True
"Figure out what does 308,595 become after a 75.72% increase exactly",percent_increase,percent_increase,0.9970391,True
"Please what value of x satisfies 43x + 397 = 4,912 please",equation,equation,0.9997656,True
"Work out determine x from 93x - 792 = 28,131 for me",equation,equation,0.9996991,True
"Could you calculate 1,061,243 * 6,714?",multiplication,multiplication,0.99852556,True
"I'd like to know simple interest on 7,843,825 at 19.36% for 12 years if possible",simple_interest,simple_interest,0.9992655,True
"Please find the square root of 1,315,609 please",square_root,square_root,0.9998796,True
"Can you what is 1,988,317 plus 12,837 for me",addition,addition,0.9962525,True
Tell me calculate log10(100)?,logarithm,logarithm,0.99965775,True
"Figure out what is 1,853,283 plus 23,463 if possible",addition,addition,0.99119616,True
Can you calculate 9! please,factorial,trigonometry,0.33504838,False
Please evaluate tan at 218.62 degrees please,trigonometry,trigonometry,0.9997073,True
I need you to calculate the cosine of 53.01 degrees,trigonometry,trigonometry,0.999954,True
"Help me calculate log10(100,000) please",logarithm,logarithm,0.9989881,True
"Could you what is 1,604,976 plus 10,948 if possible",addition,addition,0.99605274,True
"Please what value of x satisfies 81x - 514 = -10,639 for me",equation,equation,0.99966085,True
"Please decrease 1,521,290 by 44.49%",percent_decrease,percent_decrease,0.9995295,True
"I'd like to know divide 8,049,228 by 1,734 exactly",division,division,0.9959364,True
"I want to calculate find the product of 896,028 and 14,541?",multiplication,multiplication,0.9963033,True
"Please calculate 1,174,351 * 3,547 for me",multiplication,multiplication,0.99777585,True
"I'd like to know what monthly payment would I have for 6,612,510 at 2.1% over 20 years please",emi,emi,0.99782676,True
"Please calculate CAGR if 1,595,562 grows to 6,935,336 in 9 years",cagr,cagr,0.99966085,True
"I'd like to know work out 23.3% of 1,172,416 if possible",percentage,percentage,0.9973895,True
I'd like to know find the base 10 log of 100 for me,logarithm,logarithm,0.9107841,True
"I want to calculate monthly EMI for a loan of 1,394,176 at 21.02% over 5 years?",emi,emi,0.99998236,True
"Please calculate 1,832,538 - 20,978 for me",subtraction,subtraction,0.9958943,True
"I'd like to know compound interest on 6,255,271 at 12.56% for 8 years exactly",compound_interest,compound_interest,0.99774456,True
I want to calculate raise 974 to the 4th power if possible,power,power,0.99998033,True
"Help me find the total of 67,243 and 7,853 please",addition,addition,0.99945706,True
"Tell me calculate SI for 7,254,578 with rate 8.86% and time 19 years if possible",simple_interest,simple_interest,0.99934906,True
"Figure out find the total of 512,523 and 1,693 please",addition,addition,0.99930525,True
"How many feet are 74,624.7 meters if possible",unit_conversion,unit_conversion,0.99721706,True
"Please what monthly payment would I have for 2,338,846 at 19.52% over 16 years please",emi,emi,0.9972625,True
"Could you reduce 1,844,633 by 34.93 percent exactly",percent_decrease,percent_decrease,0.9928555,True
"Could you what is 366,963 times 14,408 if possible",multiplication,multiplication,0.9948383,True
"I want to calculate what monthly payment would I have for 7,070,904 at 19.37% over 7 years for me",emi,emi,0.9971175,True
"Could you calculate CI for 1,891,939 with rate 11.22% and time 7 years exactly",compound_interest,compound_interest,0.9981846,True
"Can you what amount is 71.31% of 1,161,191 exactly",percentage,percentage,0.9999627,True
"Please work out the variance from these numbers 17,462, -12,410, 18,552, 3,517, 5,854, -9,258, 12,833, 7,380, -6,063, 4,488, 12,200, -17,774 exactly",statistics,statistics,0.9420511,True
"Work out find x where 78x + 582 equals -1,290?",equation,addition,0.22619434,False
"I'd like to know calculate CAGR if 653,478 grows to 2,908,661 in 4 years?",cagr,cagr,0.9996375,True
Can you give me the value of (917 + 482) * 9 for me,generic_expression,generic_expression,0.75324327,True
"Can you compound interest on 3,850,429 at 5.6% for 25 years exactly",compound_interest,compound_interest,0.9985568,True
"Help me simple interest on 4,669,234 at 6.17% for 12 years if possible",simple_interest,simple_interest,0.9994836,True
I'd like to know find the factorial for 0,factorial,factorial,0.9998062,True
"Work out what amount is 66.74% of 391,580?",percentage,percentage,0.9998969,True
"Please determine x from 58x + 159 = -16,255",equation,equation,0.9996983,True
"Can you find the base 10 log of 774,744.22?",logarithm,logarithm,0.85112137,True
Figure out find x where 4x + 646 equals -590?,equation,addition,0.22088219,False
"Tell me what remains after reducing 173,864 by 16.28% exactly",percent_decrease,percent_decrease,0.8308455,True
"I need you to CAGR from 77,726 to 134,119 over 13 years?",cagr,cagr,0.9736961,True
"Figure out what is the root of 15,610,401 exactly",square_root,square_root,0.9715935,True
"Work out calculate CI for 1,495,856 with rate 5.52% and time 12 years if possible",compound_interest,compound_interest,0.9989967,True
"Can you subtract 48.6% from 174,733 please",percent_decrease,percent_decrease,0.99828917,True
Work out what is sin(241.18),trigonometry,percentage,0.45003876,False
"Help me what is 667,270 minus 1,618 please",subtraction,subtraction,0.9983972,True
"Can you what is 1,091,813 times 13,098",multiplication,multiplication,0.99596065,True
"Figure out find the compound annual growth rate from 923,287 to 4,049,002 over 5 years if possible",cagr,cagr,0.9973356,True
"Figure out increase 948,554 by 22.52%",percent_increase,percent_increase,0.9996867,True
"Work out what is 204,059 divided by 1,647?",division,division,0.9993254,True
"Turn 81,457.16 degrees F into Celsius?",unit_conversion,trigonometry,0.9424955,False
"Help me find x where 27x - 633 equals -6,627 exactly",equation,statistics,0.18651803,False
"Tell me what amount is 53.67% of 77,195 exactly",percentage,percentage,0.9999262,True
"Could you what is 1,731,501 times 20,464 for me",multiplication,multiplication,0.9915439,True
"I need you to what amount is 17.53% of 217,109",percentage,percentage,0.99984074,True
"I want to calculate what value of x satisfies 29x + 992 = 1,485 if possible",equation,equation,0.9996068,True
"Figure out tell me 26.07 percent of 513,184 if possible",percentage,percentage,0.98710316,True
"I need you to what remains after reducing 1,646,575 by 43.17% exactly",percent_decrease,percent_decrease,0.838724,True
Work out evaluate 870^7 for me,power,power,0.99992585,True
I'd like to know factorial of 17,factorial,factorial,0.99724364,True
"I'd like to know what is 467,194 plus 8,102?",addition,addition,0.9968924,True
Please calculate the sine of 297.51 degrees please,trigonometry,trigonometry,0.99990904,True
I'd like to know what is 997 power 10 for me,power,power,0.9993506,True
I need you to give me the value of log10(1000) + 565?,generic_expression,logarithm,0.582674,False
"How many miles are 98,712.47 km exactly",unit_conversion,unit_conversion,0.9909986,True
"I'd like to know calculate the EMI on 6,241,330 at 8.49% for 4 years please",emi,emi,0.64307165,True
I want to calculate evaluate factorial(17) for me,factorial,factorial,0.99205446,True
"I want to calculate what is 218,736 times 20,284 if possible",multiplication,multiplication,0.9814873,True
"Can you what is the maximum in this list: -11,195, 10,837, 19,428, 8,838, -8,981, -275, -12,861, -19,199 for me",statistics,statistics,0.8869687,True
"Convert 47,103.54 pounds into kilograms for me",unit_conversion,unit_conversion,0.9261054,True
"Figure out what is 1,954,640 times 7,118 please",multiplication,multiplication,0.99356365,True
"I want to calculate how much compound interest does 3,164,921 earn at 18.46% for 18 years for me",compound_interest,compound_interest,0.99649966,True
"I'd like to know calculate CAGR if 900,748 grows to 3,734,566 in 12 years exactly",cagr,cagr,0.9993981,True
"I need you to work out the average from these numbers 9,849, 8,172, 13,758, -6,987, 5,721, -6,338, 19,029, 14,510, 14,729, -1,708 please",statistics,statistics,0.9963415,True
Help me what is 223 power 6,power,power,0.999033,True
Please evaluate sin at 22.34 degrees if possible,trigonometry,trigonometry,0.9996543,True
"Figure out divide 872,436 by 436 please",division,division,0.9993862,True
Please calculate 886 to the power of 12 for me,power,power,0.9999893,True
Help me find the factorial for 20 for me,factorial,factorial,0.99886715,True
Work out calculate 15! for me,factorial,factorial,0.77867216,True
"Figure out what is 572,584 times 22,143 if possible",multiplication,multiplication,0.9896562,True
"Could you find the quotient of 557,764 and 716 if possible",division,division,0.99922967,True
Please raise 521 to the 11th power if possible,power,power,0.9999033,True
"Figure out subtract 91.16% from 824,788",percent_decrease,percent_decrease,0.9971877,True
"I'd like to know determine x from 10x + 583 = -4,207 please",equation,equation,0.9996897,True
Tell me what is the natural log of 100 if possible,logarithm,logarithm,0.58482224,True
"How many miles are 71,102.94 km",unit_conversion,unit_conversion,0.996992,True
"Please tell me 84.4 percent of 1,117,289 exactly",percentage,percentage,0.98361266,True
"Can you what value of x satisfies 85x - 822 = -12,127 exactly",equation,equation,0.9994406,True
"Could you how much compound interest does 5,207,887 earn at 14% for 22 years?",compound_interest,compound_interest,0.99797875,True
I want to calculate calculate 44 to the power of 5?,power,power,0.9999989,True
"Could you monthly EMI for a loan of 5,656,645 at 18.44% over 12 years",emi,emi,0.9999939,True
"Could you find the base 10 log of 10,000?",logarithm,logarithm,0.9628043,True
"I'd like to know how much simple interest does 2,411,623 earn at 5.43% for 12 years",simple_interest,simple_interest,0.99828404,True
"Tell me work out the standard deviation from these numbers 8,783, -12,915, -12,932, 15,415, -19,742, -5,468, -4,138, 12,166 if possible",statistics,statistics,0.99761665,True
"Work out find x where 8x + 993 equals -1,079?",equation,statistics,0.23282719,False
Figure out evaluate this expression: 4699 * 25 + 63,generic_expression,generic_expression,0.99991703,True
"I want to calculate calculate 1,890,066 * 8,052?",multiplication,multiplication,0.9953986,True
"Please decrease 858,384 by 35.78% please",percent_decrease,percent_decrease,0.999356,True
"Can you what is 242,225 minus 15,342 please",subtraction,subtraction,0.9982717,True
"I need you to calculate sqrt(21,489,916) for me",square_root,square_root,0.98969144,True
"Tell me divide 3,824,882 by 1,789?",division,division,0.9991061,True
"Tell me find the quotient of 446,940 and 90?",division,division,0.9993585,True
"Tell me compound interest on 5,462,030 at 8.23% for 25 years?",compound_interest,compound_interest,0.9990996,True
Figure out what does sin(107) come to?,generic_expression,trigonometry,0.22389774,False
Help me calculate the cosine of 256.84 degrees for me,trigonometry,trigonometry,0.9999429,True
"Please what monthly payment would I have for 2,788,492 at 9.51% over 16 years please",emi,emi,0.9973679,True
"Tell me find the quotient of 1,080,252 and 666 if possible",division,division,0.9993093,True
"Tell me tell me 36.29 percent of 810,106 please",percentage,percentage,0.98922324,True
Can you evaluate 743^11,power,power,0.999961,True
"I want to calculate monthly EMI for a loan of 4,007,554 at 8.25% over 21 years",emi,emi,0.9999945,True
"I need you to calculate CAGR if 40,733 grows to 90,622 in 17 years please",cagr,cagr,0.9996213,True
"How many pounds is 53,706.64 kg",unit_conversion,unit_conversion,0.9981887,True
"I need you to find the quotient of 907,108 and 802 exactly",division,division,0.99870515,True
"I want to calculate find the product of 795,696 and 5,714 exactly",multiplication,multiplication,0.99425185,True
"Help me grow 448,801 by 65.57 percent",percent_increase,percentage,0.46668378,False
I'd like to know evaluate 992^12?,power,power,0.99998903,True
"Tell me add 550,315 to 8,422 exactly",addition,addition,0.992,True
"Work out what does 1,232,768 become after a 73.37% increase for me",percent_increase,percent_increase,0.9975388,True
"How many feet are 95,657.67 meters",unit_conversion,unit_conversion,0.9975643,True
I need you to calculate 8! please,factorial,power,0.3009426,False
I need you to what is 478 power 12 if possible,power,power,0.99966884,True
Tell me what does (2081 - 544) / 4 come to for me,generic_expression,subtraction,0.3604645,False
I'd like to know find tangent for an angle of 312.05 degrees exactly,trigonometry,trigonometry,0.9996307,True
"Tell me calculate CI for 3,179,409 with rate 1.54% and time 2 years for me",compound_interest,compound_interest,0.99850994,True
"Can you find the square root of 5,808,100 if possible",square_root,square_root,0.9998549,True
Please what does 259 * 4 + 397 come to?,generic_expression,multiplication,0.6819711,False
"Help me reduce 1,488,385 by 37.8 percent if possible",percent_decrease,percent_decrease,0.9963469,True
"I need you to calculate 103,129 + 21,589",addition,addition,0.9972145,True
"Convert 62,355.53 feet into meters for me",unit_conversion,unit_conversion,0.98869854,True
"I need you to calculate SI for 987,245 with rate 18.37% and time 17 years?",simple_interest,simple_interest,0.9978543,True
Can you evaluate sin at 337.77 degrees,trigonometry,trigonometry,0.9998043,True
"Could you CAGR from 528,271 to 2,272,538 over 20 years",cagr,cagr,0.98627484,True
Tell me what is 408 power 4 for me,power,power,0.9983359,True
"Convert 74,005.43 Celsius to Fahrenheit",unit_conversion,unit_conversion,0.9708722,True
"Figure out what does 905,341 become after a 82.58% increase?",percent_increase,percent_increase,0.99815387,True
"Help me find the total of 1,515,102 and 21,742?",addition,addition,0.9987723,True
Tell me evaluate cos at 108.41 degrees if possible,trigonometry,trigonometry,0.99969983,True
Please work out the following expression: sin(196) please,generic_expression,generic_expression,0.9925053,True
"I want to calculate calculate 40.99 percent of 1,024,196 if possible",percentage,percentage,0.994666,True
"Help me divide 418,621 by 2,362?",division,division,0.99924564,True
"I'd like to know find the square root of 18,326,961?",square_root,square_root,0.9997211,True
"Help me calculate CAGR if 326,385 grows to 537,913 in 2 years exactly",cagr,cagr,0.999571,True
"Can you solve 65x - 705 = -30,410 please",equation,equation,0.9996326,True
"Figure out monthly EMI for a loan of 3,262,771 at 21.74% over 11 years exactly",emi,emi,0.9999857,True
"Please find x where 65x - 502 equals 25,498 please",equation,addition,0.28591236,False
"I want to calculate CAGR from 1,426,167 to 3,895,929 over 14 years",cagr,cagr,0.99627954,True
"Figure out calculate CI for 7,817,470 with rate 8.52% and time 23 years?",compound_interest,compound_interest,0.9986779,True
"Could you take 4,587 away from 451,932?",subtraction,subtraction,0.9994481,True
"Figure out calculate CI for 5,694,769 with rate 8.89% and time 23 years exactly",compound_interest,compound_interest,0.9986218,True
"Can you increase 177,904 by 75.47%?",percent_increase,percent_increase,0.9995346,True
"I'd like to know calculate 1,613,578 + 13,612 please",addition,addition,0.998334,True
"Can you how much simple interest does 1,469,490 earn at 8.77% for 2 years please",simple_interest,simple_interest,0.99795216,True
"How many miles are 64,048.71 km",unit_conversion,unit_conversion,0.9968129,True
"I'd like to know decrease 751,479 by 26.53% for me",percent_decrease,percent_decrease,0.9986683,True
"Please calculate CI for 799,100 with rate 5.78% and time 25 years please",compound_interest,compound_interest,0.9979664,True
Figure out evaluate this expression: sin(145),generic_expression,generic_expression,0.99982697,True
"Please what value of x satisfies 61x + 282 = -9,600 for me",equation,equation,0.9996487,True
I want to calculate calculate the tangent of 307.56 degrees if possible,trigonometry,trigonometry,0.99993455,True
"Tell me calculate 63.32 percent of 938,035?",percentage,percentage,0.9951291,True
"I need you to reduce 832,561 by 35.38 percent if possible",percent_decrease,percent_decrease,0.9917637,True
"Tell me determine x from 13x - 404 = 4,458?",equation,equation,0.9997789,True
"I want to calculate find the base 10 log of 922,692.16 if possible",logarithm,logarithm,0.7391676,True
Work out evaluate this expression: log10(1000) + 240 for me,generic_expression,generic_expression,0.99850994,True
"Work out find the quotient of 9,627,030 and 2,065?",division,division,0.9953988,True
"I want to calculate add 94.44% to 445,677 please",percent_increase,percent_increase,0.99697053,True
"I need you to multiply 74,396 by 22,142 exactly",multiplication,multiplication,0.99880123,True
Please calculate log10(10) please,logarithm,logarithm,0.999331,True
Work out raise 788 to the 12th power for me,power,power,0.99996364,True
Help me calculate log10(10)?,logarithm,logarithm,0.9999007,True
Help me evaluate sin at 68.27 degrees for me,trigonometry,trigonometry,0.9997495,True
"Figure out calculate SI for 810,284 with rate 6.43% and time 5 years",simple_interest,simple_interest,0.9990815,True
"Work out calculate CI for 5,500,741 with rate 1.59% and time 5 years?",compound_interest,compound_interest,0.99917513,True
"Figure out multiply 1,141,276 by 5,877 please",multiplication,multiplication,0.99942076,True
"I need you to tell me 10.45 percent of 862,518 please",percentage,percentage,0.98137456,True
Please evaluate factorial(7) please,factorial,factorial,0.99728775,True
"I'd like to know grow 1,414,968 by 48.17 percent",percent_increase,percent_increase,0.3208587,True
"Work out reduce 973,146 by 30.93 percent?",percent_decrease,percent_decrease,0.9906978,True
"Can you multiply 1,351,051 by 13,509",multiplication,multiplication,0.9994468,True
"Could you find the product of 722,668 and 5,279?",multiplication,multiplication,0.99844295,True
"Work out what is 483,842 divided by 1,362 for me",division,division,0.99866736,True
Work out calculate 375 to the power of 3 if possible,power,power,0.99999297,True
"Please calculate CI for 1,918,520 with rate 9.14% and time 16 years exactly",compound_interest,compound_interest,0.99808586,True
Help me evaluate sin at 272.41 degrees?,trigonometry,trigonometry,0.9992878,True
Work out what is 561 power 6,power,power,0.99866366,True
"Work out how much compound interest does 114,733 earn at 19.54% for 24 years exactly",compound_interest,compound_interest,0.99559975,True
"I'd like to know find the product of 19,269 and 2,300",multiplication,multiplication,0.9983581,True
I need you to evaluate ln(100)?,logarithm,logarithm,0.94204277,True
"Could you take 9,166 away from 56,198 if possible",subtraction,subtraction,0.99921775,True
"I'd like to know how much compound interest does 7,263,564 earn at 20.83% for 14 years exactly",compound_interest,compound_interest,0.99449366,True
"Can you how much simple interest does 5,673,511 earn at 10.17% for 8 years exactly",simple_interest,simple_interest,0.99690837,True
Please evaluate factorial(6),factorial,factorial,0.9953981,True
"I want to calculate what amount is 89.74% of 429,508 for me",percentage,percentage,0.9997664,True
Tell me factorial of 6 if possible,factorial,factorial,0.99826616,True
Please what is cos(334) if possible,trigonometry,percentage,0.35829115,False
"Help me calculate 1,250,944 * 15,427 please",multiplication,multiplication,0.9990723,True
Help me give me the value of (2098 + 617) * 19 please,generic_expression,generic_expression,0.80189663,True
"Figure out what is 1,974,931 divided by 325 if possible",division,division,0.997729,True
"Tell me calculate SI for 5,840,679 with rate 18.83% and time 14 years if possible",simple_interest,simple_interest,0.999298,True
I want to calculate raise 917 to the 3th power?,power,power,0.9998307,True
"I need you to what is the natural log of 100,000 if possible",logarithm,logarithm,0.88762105,True
"Could you tell me 77.95 percent of 1,375,529 for me",percentage,percentage,0.9806882,True
"I need you to find the minimum for -17,430, -2,838, 10,701 exactly",statistics,statistics,0.9922289,True
"Tell me reduce 1,488,545 by 85.79 percent for me",percent_decrease,percent_decrease,0.9947319,True
"Can you calculate SI for 6,711,452 with rate 9.51% and time 1 years please",simple_interest,simple_interest,0.99805105,True
"Please compound interest on 6,149,502 at 6.19% for 8 years please",compound_interest,compound_interest,0.998582,True
"I want to calculate work out 51.37% of 920,492 please",percentage,percentage,0.9970464,True
"Can you calculate CAGR if 227,782 grows to 785,846 in 5 years exactly",cagr,cagr,0.99934095,True
"Figure out reduce 589,665 by 51.86 percent exactly",percent_decrease,percent_decrease,0.9902818,True
"I want to calculate work out 32.48% of 1,941,273 exactly",percentage,percentage,0.99881613,True
Could you factorial of 0?,factorial,factorial,0.99879456,True
"Help me calculate sqrt(3,810,304)",square_root,square_root,0.9969896,True
"Work out how much compound interest does 4,878,819 earn at 14.05% for 20 years for me",compound_interest,compound_interest,0.9965402,True
"Convert 15,426.9 feet into meters exactly",unit_conversion,unit_conversion,0.98026043,True
"Tell me tell me 61.49 percent of 468,665?",percentage,percentage,0.9907472,True
Figure out find sine for an angle of 244.76 degrees if possible,trigonometry,trigonometry,0.99976975,True
"Could you increase 597,068 by 15.3% for me",percent_increase,percent_increase,0.9994035,True
"I need you to increase 910,890 by 37.64%?",percent_increase,percent_increase,0.9995796,True
Work out raise 97 to the 5th power?,power,power,0.99980706,True
Can you what does 3802 * 2 + 710 come to exactly,generic_expression,multiplication,0.5693004,False
"Figure out calculate CAGR if 1,775,359 grows to 7,179,880 in 18 years exactly",cagr,cagr,0.9991333,True
"Please subtract 5,979 from 1,261,367",subtraction,subtraction,0.99715495,True
"I'd like to know what does 874,430 become after a 84.72% increase?",percent_increase,percent_increase,0.9993387,True
"Could you what is the root of 22,210,358?",square_root,square_root,0.98830706,True
"I'd like to know find the product of 967,940 and 21,188 exactly",multiplication,multiplication,0.9966678,True
I need you to determine x from 20x + 25 = 885 for me,equation,equation,0.9999182,True
"Please compound interest on 3,177,556 at 9.35% for 12 years",compound_interest,compound_interest,0.9992299,True
"How many pounds is 69,855.29 kg please",unit_conversion,unit_conversion,0.99468344,True
"Help me calculate 1,657,508 - 11,391 exactly",subtraction,subtraction,0.9970487,True
Could you evaluate factorial(1)?,factorial,factorial,0.974026,True
"Could you what is 872,688 plus 14,838 for me",addition,addition,0.996347,True
"Work out what is 1,793,310 times 6,278",multiplication,multiplication,0.9948991,True
"I'd like to know what is the natural log of 180,290.96 please",logarithm,logarithm,0.5460437,True
"Work out find the product of 761,468 and 17,763 for me",multiplication,multiplication,0.99763143,True
"Help me calculate CI for 242,282 with rate 4.57% and time 6 years please",compound_interest,compound_interest,0.998611,True
"Tell me calculate CI for 3,986,435 with rate 8.81% and time 11 years",compound_interest,compound_interest,0.999171,True
"I want to calculate calculate the EMI on 5,903,659 at 11.29% for 23 years?",emi,emi,0.5316687,True
Figure out calculate 15! please,factorial,factorial,0.29129007,True
"Please add 67.84% to 27,471 please",percent_increase,percent_increase,0.99875224,True
"Figure out divide 158,393 by 1,041 exactly",division,division,0.99907374,True
"Tell me calculate CAGR if 1,656,582 grows to 2,167,486 in 1 years if possible",cagr,cagr,0.99977523,True
"I'd like to know what is 1,696,458 plus 4,781 for me",addition,addition,0.9951953,True
"Work out find the standard deviation for 12,464, 12,475, -6,685, 18,373, -9,880, 14,087 for me",statistics,statistics,0.9975067,True
"I want to calculate grow 678,633 by 50.36 percent",percent_increase,percentage,0.61344105,False
"Can you calculate log10(168,791.13) exactly",logarithm,logarithm,0.99644923,True
"Help me calculate the EMI on 3,438,967 at 10.86% for 10 years exactly",emi,emi,0.6377155,True
"Please calculate the maximum of 18,590, -10,757, 4,330, -15,960, 11,878, 6,446, -17,748, -9,754, 8,869, -6,665 please",statistics,statistics,0.96192354,True
"Please increase 703,168 by 85.19%",percent_increase,percent_increase,0.99957556,True
"Help me what remains after reducing 631,341 by 27.11%",percent_decrease,percent_decrease,0.8757341,True
"I'd like to know calculate CI for 7,294,402 with rate 11.72% and time 9 years for me",compound_interest,compound_interest,0.99847776,True
"Figure out simple interest on 5,767,943 at 17.27% for 5 years if possible",simple_interest,simple_interest,0.9994618,True
Tell me what does 4 factorial equal if possible,factorial,factorial,0.9506776,True
Can you what is tan(125.84) for me,trigonometry,percentage,0.19379188,False
"Work out how much simple interest does 2,699,754 earn at 6.25% for 4 years if possible",simple_interest,simple_interest,0.9981535,True
"Help me what is 399,032 divided by 844 please",division,division,0.9983885,True
"Tell me what is the root of 21,989,111 if possible",square_root,square_root,0.9776757,True
"Convert 90,844.87 pounds into kilograms exactly",unit_conversion,unit_conversion,0.9272216,True
"I want to calculate calculate CAGR if 1,378,489 grows to 1,428,050 in 5 years for me",cagr,cagr,0.9994795,True
Figure out what does (1512 + 970) * 12 come to,generic_expression,multiplication,0.5855104,False
I want to calculate find the factorial for 4 exactly,factorial,factorial,0.9996686,True
I need you to calculate 528 to the power of 10 if possible,power,power,0.9999907,True
"I want to calculate work out the standard deviation from these numbers -17,017, -107, 8,011, -3,463, 8,337, -13,188, -15,043, -9,260, -6,993, -2,468, 9,314, -3,996?",statistics,statistics,0.999718,True
Help me give me the value of 444^2 + 613 for me,generic_expression,power,0.49831176,False
"Work out find the compound annual growth rate from 1,561,780 to 5,454,735 over 14 years?",cagr,cagr,0.9940162,True
"Figure out reduce 1,756,091 by 11.43 percent for me",percent_decrease,percent_decrease,0.9922855,True
Could you evaluate tan at 137.97 degrees for me,trigonometry,trigonometry,0.9996698,True
Could you what is 408 power 6 for me,power,power,0.9986823,True
"Can you what is the root of 11,847,364 exactly",square_root,square_root,0.9809895,True
"Figure out add 33.37% to 1,417,784 exactly",percent_increase,percent_increase,0.9983297,True
"Figure out what is 1,885,124 divided by 1,414 for me",division,division,0.99803203,True
"Could you what value of x satisfies 71x + 730 = 20,255?",equation,equation,0.99960977,True
"Can you take 24,645 away from 194,897?",subtraction,subtraction,0.9994973,True
"Could you calculate 466,031 - 6,624?",subtraction,subtraction,0.9974595,True
"Tell me CAGR from 380,610 to 1,240,928 over 14 years",cagr,cagr,0.98770565,True
"I need you to calculate 1,052,566 - 23,379 for me",subtraction,subtraction,0.99576026,True
Help me what does sin(96) come to,generic_expression,trigonometry,0.17940678,False
"Tell me add 73.99% to 1,506,214 for me",percent_increase,percent_increase,0.9977975,True
"I need you to monthly EMI for a loan of 1,133,797 at 16.75% over 15 years please",emi,emi,0.99997866,True
"Could you calculate the standard deviation of -7,552, 7,843, -14,955?",statistics,statistics,0.9990023,True
Can you work out the following expression: (3901 + 41) * 17,generic_expression,generic_expression,0.99040526,True
"Figure out calculate CAGR if 884,756 grows to 3,947,110 in 8 years please",cagr,cagr,0.99949515,True
"I'd like to know evaluate the square root of 56,644",square_root,square_root,0.99993706,True
Tell me evaluate 623^5 for me,power,power,0.99987483,True
"How many pounds is 54,125.01 kg for me",unit_conversion,unit_conversion,0.99575174,True
"Please what is the natural log of 417,895.18 exactly",logarithm,logarithm,0.556875,True
"Can you simple interest on 7,697,424 at 6.46% for 24 years?",simple_interest,simple_interest,0.9991335,True
"Could you how much simple interest does 33,634 earn at 5.11% for 18 years exactly",simple_interest,simple_interest,0.9980908,True
Can you evaluate 46^6 please,power,power,0.99994874,True
"I'd like to know reduce 331,720 by 91.95 percent if possible",percent_decrease,percent_decrease,0.99267685,True
"I'd like to know add 38.86% to 970,899 please",percent_increase,percent_increase,0.9985838,True
"I want to calculate grow 780,836 by 71.06 percent if possible",percent_increase,percentage,0.5368103,False
"Figure out calculate sqrt(2,999,824)",square_root,square_root,0.9956626,True
"Help me what is 1,609,013 minus 22,830 please",subtraction,subtraction,0.9955486,True
"I'd like to know decrease 1,060,588 by 65.23% exactly",percent_decrease,percent_decrease,0.99926513,True
"I want to calculate calculate 30.03 percent of 1,596,318?",percentage,percentage,0.9956599,True
"Help me what is 1,938,629 times 11,788 for me",multiplication,multiplication,0.9928335,True
"Convert 42,982.29 miles into km exactly",unit_conversion,unit_conversion,0.97896427,True
Help me what is sin(173.2)?,trigonometry,percentage,0.3596245,False
"I need you to tell me 64.17 percent of 1,013,154 for me",percentage,percentage,0.9767046,True
I need you to evaluate this expression: log10(1000) + 690?,generic_expression,generic_expression,0.9982278,True
"Can you find the total of 1,538,019 and 7,650 please",addition,addition,0.9992399,True
Tell me raise 76 to the 6th power please,power,power,0.9999757,True
"I want to calculate compound interest on 2,388,980 at 13.74% for 23 years",compound_interest,compound_interest,0.99940026,True
"Could you solve 34x - 666 = 4,196?",equation,equation,0.99978477,True
"I want to calculate what value of x satisfies 38x + 965 = 15,785 exactly",equation,equation,0.99917066,True
Help me what value of x satisfies 1x + 209 = 201 please,equation,equation,0.999907,True
Help me evaluate 556^8?,power,power,0.99996436,True
"I want to calculate CAGR from 1,177,356 to 5,195,559 over 13 years?",cagr,cagr,0.99343336,True
"Help me add 745,443 to 11,188 if possible",addition,addition,0.9944877,True
"Tell me calculate SI for 152,951 with rate 21.42% and time 4 years if possible",simple_interest,simple_interest,0.9992225,True
Tell me calculate 90 to the power of 11 for me,power,power,0.99999654,True
I want to calculate find sine for an angle of 309.02 degrees please,trigonometry,trigonometry,0.9998683,True
"How many feet are 49,805.91 meters",unit_conversion,unit_conversion,0.9972474,True
"Tell me what does 643,481 become after a 34.55% increase for me",percent_increase,percent_increase,0.9979342,True
Figure out calculate 13! please,factorial,factorial,0.2914925,True
"Work out calculate CI for 1,154,022 with rate 12.07% and time 3 years if possible",compound_interest,compound_interest,0.9984439,True
"I want to calculate calculate SI for 128,962 with rate 18.81% and time 21 years",simple_interest,simple_interest,0.99844825,True
Please calculate 20! please,factorial,factorial,0.5507594,True
Help me evaluate this expression: 1593 * 21 + 118 exactly,generic_expression,generic_expression,0.9996387,True
Help me evaluate 335^6?,power,power,0.99998164,True
"Can you multiply 1,187,672 by 23,258?",multiplication,multiplication,0.9991404,True
"Tell me work out the standard deviation from these numbers -7,124, 18,217, 16,715, 7,252, 708 for me",statistics,statistics,0.99847716,True
"Work out find the quotient of 465,220 and 1,810 for me",division,division,0.9980806,True
"Can you add 51,562 to 12,366 exactly",addition,addition,0.9923166,True
"Can you what is the median in this list: -10,039, 5,815, -6,947, -562, 30, -10,810, -12,064, -3,729 please",statistics,statistics,0.897894,True
"Please find the total of 1,148,288 and 10,018?",addition,addition,0.99918765,True
"Can you calculate sqrt(514,089) if possible",square_root,square_root,0.9988175,True
I'd like to know calculate 280 to the power of 7 please,power,power,0.9999932,True
"Tell me calculate sqrt(19,599,604) for me",square_root,square_root,0.99446255,True
Please what is 793 power 7 if possible,power,power,0.99915516,True
"I'd like to know increase 248,388 by 15.2% exactly",percent_increase,percent_increase,0.9994134,True
"Please calculate CI for 2,726,085 with rate 19.97% and time 6 years exactly",compound_interest,compound_interest,0.9977877,True
"Could you subtract 20,876 from 1,912,327?",subtraction,subtraction,0.99675924,True
I want to calculate solve 1x + 184 = 351 if possible,equation,equation,0.9998714,True
Figure out raise 990 to the 10th power,power,power,0.9999684,True
Figure out evaluate tan at 192.95 degrees,trigonometry,trigonometry,0.9998129,True
"I'd like to know calculate the variance of 19,057, -1,051, -6,842, 5,865, -8,181, 13,646?",statistics,statistics,0.90596676,True
"Can you what amount is 36.9% of 297,407",percentage,percentage,0.99988425,True
I need you to find cosine for an angle of 353.8 degrees,trigonometry,trigonometry,0.9998926,True
"I need you to calculate 946,315 - 1,202 exactly",subtraction,subtraction,0.9958404,True
"Convert 48,464.96 pounds into kilograms if possible",unit_conversion,unit_conversion,0.9321669,True
"Help me subtract 39.81% from 712,232",percent_decrease,percent_decrease,0.9975706,True
"I want to calculate calculate sqrt(4,183,272) for me",square_root,square_root,0.9834427,True
"Can you what remains after reducing 1,795,207 by 18.38% exactly",percent_decrease,percent_decrease,0.8285103,True
"I'd like to know find the median for 1,516, -5,529, -19,412, 13,331, -8,142, -5,523, 19,660, -8,889 if possible",statistics,statistics,0.9231112,True
Please give me the value of sin(76) exactly,generic_expression,generic_expression,0.47171643,True
"Convert 78,897.57 miles into km if possible",unit_conversion,unit_conversion,0.9835796,True
"I want to calculate what is 1,361,119 divided by 2,464 if possible",division,division,0.99447757,True
"I want to calculate how much compound interest does 226,995 earn at 7.31% for 7 years?",compound_interest,compound_interest,0.99745375,True
"I need you to calculate the mode of -10,213, -13,622, -6,324, 12,961, -8,874, 8,815, -3,990, 19,673 if possible",statistics,statistics,0.9956305,True
I want to calculate factorial of 19 for me,factorial,factorial,0.99886703,True
"Work out subtract 19,101 from 1,680,208?",subtraction,subtraction,0.99796116,True
"Tell me add 1,428,497 to 19,744 if possible",addition,addition,0.99502254,True
"I'd like to know solve 30x + 639 = -12,381",equation,equation,0.9996234,True
"I need you to what value of x satisfies 35x - 646 = -8,206 please",equation,equation,0.9996451,True
"Work out divide 520,558 by 1,365 exactly",division,division,0.99871767,True
"Can you calculate 23.91 percent of 447,636 please",percentage,percentage,0.9919681,True
Can you find tangent for an angle of 272.36 degrees,trigonometry,trigonometry,0.999941,True
"Figure out monthly EMI for a loan of 5,936,781 at 4.61% over 7 years?",emi,emi,0.9999926,True
"Work out grow 883,333 by 6.18 percent for me",percent_increase,percentage,0.37885517,False
"Could you simple interest on 7,662,178 at 14.12% for 8 years?",simple_interest,simple_interest,0.99917245,True
"I want to calculate calculate 776,504 - 1,029?",subtraction,subtraction,0.99334246,True
"How many feet are 51,162.11 meters for me",unit_conversion,unit_conversion,0.9969041,True
"Figure out calculate 682,886 - 3,044",subtraction,subtraction,0.9961229,True
"Figure out calculate 1,545,930 - 14,151 please",subtraction,subtraction,0.99678636,True
"Could you find the compound annual growth rate from 1,346,135 to 1,956,293 over 4 years exactly",cagr,cagr,0.9941949,True
Figure out what is 37 power 12,power,power,0.99911886,True
"Could you work out the average from these numbers 12,444, -19,352, -2,776",statistics,statistics,0.9962819,True
"Help me CAGR from 824,643 to 925,097 over 3 years exactly",cagr,cagr,0.9847217,True
"How many feet are 59,911.72 meters for me",unit_conversion,unit_conversion,0.9963993,True
"Could you what monthly payment would I have for 4,439,711 at 10.11% over 14 years",emi,emi,0.99790883,True
"I want to calculate calculate SI for 278,166 with rate 19.54% and time 6 years for me",simple_interest,simple_interest,0.9980414,True
"I want to calculate simple interest on 6,990,302 at 5.39% for 1 years for me",simple_interest,simple_interest,0.99955076,True
I want to calculate find the factorial for 9 if possible,factorial,factorial,0.99665964,True
"Please what is 185,010 times 20,908 exactly",multiplication,multiplication,0.99228436,True
Tell me raise 296 to the 7th power please,power,power,0.9999368,True
"Work out increase 1,950,392 by 1.27%",percent_increase,percent_increase,0.9998097,True
Tell me find sine for an angle of 164.84 degrees for me,trigonometry,trigonometry,0.9997806,True
"Can you divide 1,575,506 by 2,256 please",division,division,0.99935085,True
"I'd like to know what is 1,068,691 plus 15,765 exactly",addition,addition,0.996416,True
I'd like to know evaluate 896^11,power,power,0.9999927,True
"Please multiply 410,316 by 21,239",multiplication,multiplication,0.99937373,True
"Turn 60,788.24 degrees F into Celsius",unit_conversion,trigonometry,0.962118,False
"Please subtract 97.1% from 913,933",percent_decrease,percent_decrease,0.9985209,True
"Figure out add 218,291 to 21,722 please",addition,addition,0.9941561,True
"Turn 57,917.99 degrees F into Celsius?",unit_conversion,trigonometry,0.9463806,False
Can you evaluate factorial(17) exactly,factorial,factorial,0.99500024,True
"Tell me CAGR from 1,740,110 to 6,293,784 over 10 years if possible",cagr,cagr,0.993461,True
"Could you work out the average from these numbers -10,108, 14,261, 16,070, -10,576, -13,202, -11,903, -7,614, 7,577 exactly",statistics,statistics,0.98712265,True
"Figure out calculate 1,253,660 - 23,174 exactly",subtraction,subtraction,0.99165255,True
"I'd like to know increase 1,156,168 by 42.99% if possible",percent_increase,percent_increase,0.99962056,True
"Can you find the compound annual growth rate from 1,538,257 to 3,672,189 over 9 years exactly",cagr,cagr,0.9943492,True
"Figure out subtract 33.65% from 213,183 exactly",percent_decrease,percent_decrease,0.9961808,True
"Please CAGR from 632,001 to 2,398,056 over 17 years if possible",cagr,cagr,0.99041253,True
Please what is cos(91.74),trigonometry,percentage,0.3335391,False
"Tell me calculate 1,729,431 * 19,020 exactly",multiplication,multiplication,0.99802184,True
Figure out evaluate this expression: sin(339),generic_expression,generic_expression,0.99981576,True
I'd like to know evaluate 722^7?,power,power,0.99999416,True
"Work out calculate CAGR if 1,043,476 grows to 2,638,426 in 19 years for me",cagr,cagr,0.99964094,True
Please determine x from 63x - 928 = 584 please,equation,equation,0.9999062,True
"Could you find the compound annual growth rate from 1,764,932 to 5,451,616 over 6 years?",cagr,cagr,0.99378115,True
"Please what monthly payment would I have for 1,181,507 at 2.04% over 21 years for me",emi,emi,0.99854434,True
"I'd like to know divide 1,702,907 by 2,132?",division,division,0.9982999,True
I want to calculate evaluate sin at 41.9 degrees for me,trigonometry,trigonometry,0.9998661,True
"I need you to what is 755,269 plus 12,723 if possible",addition,addition,0.9967168,True
Can you find sine for an angle of 244.93 degrees exactly,trigonometry,trigonometry,0.9995278,True
"I'd like to know what monthly payment would I have for 6,888,744 at 17.36% over 15 years please",emi,emi,0.99745995,True
"Tell me decrease 1,383,576 by 48.52% for me",percent_decrease,percent_decrease,0.9996152,True
"Help me what is the maximum in this list: -6,571, 5,650, 12,793?",statistics,statistics,0.8766982,True
"Tell me how much simple interest does 912,487 earn at 13.47% for 15 years for me",simple_interest,simple_interest,0.9981324,True
"Help me compound interest on 7,016,600 at 4.11% for 24 years please",compound_interest,compound_interest,0.99905735,True
"Tell me calculate CI for 7,322,619 with rate 16% and time 22 years?",compound_interest,compound_interest,0.9996006,True
"Figure out calculate 1,928,500 / 199?",division,division,0.9968753,True
I'd like to know what is 214 power 8 please,power,power,0.9996069,True
"Tell me reduce 674,984 by 5.15 percent?",percent_decrease,percent_decrease,0.9945399,True
"I need you to find the quotient of 675,948 and 1,638 for me",division,division,0.99841964,True
"Could you calculate 39.67 percent of 1,757,439",percentage,percentage,0.997136,True
"Tell me calculate 382,421 - 7,981 exactly",subtraction,subtraction,0.9945437,True
Tell me calculate the tangent of 336.46 degrees if possible,trigonometry,trigonometry,0.9999404,True
"I'd like to know decrease 1,850,753 by 71.68% if possible",percent_decrease,percent_decrease,0.9995357,True
Help me find the factorial for 15 for me,factorial,factorial,0.9988507,True
"Work out calculate 1,453,301 - 6,297 for me",subtraction,subtraction,0.99463636,True
"I need you to calculate 1,198,197 * 10,271 for me",multiplication,multiplication,0.99727976,True
Could you what is cos(118.06),trigonometry,percentage,0.35742465,False
"I need you to determine x from 54x + 306 = -23,670 if possible",equation,equation,0.9996598,True
"Tell me CAGR from 1,429,864 to 2,641,047 over 13 years for me",cagr,cagr,0.99314344,True
"Tell me calculate the EMI on 547,220 at 18% for 24 years for me",emi,emi,0.7022,True
Work out what is 857 power 3?,power,power,0.9984251,True
"Figure out evaluate the square root of 3,648,100",square_root,square_root,0.9998996,True
"Please evaluate the square root of 1,270,129 please",square_root,square_root,0.9997423,True
"Figure out work out the mean from these numbers 16,693, -11,145, 19,536, 5,419, -3,634, -895, -18,161, 12,656, -11,570, -19,671, -10,483, -6,615",statistics,statistics,0.9043873,True
I want to calculate what is the natural log of 100 if possible,logarithm,logarithm,0.53041136,True
"I'd like to know find the quotient of 786,064 and 1,571 please",division,division,0.9988167,True
I'd like to know factorial of 14,factorial,factorial,0.9972234,True
"Figure out how much simple interest does 5,127,452 earn at 4.67% for 23 years please",simple_interest,simple_interest,0.9971348,True
"Tell me what is the root of 17,947,014 if possible",square_root,square_root,0.9765654,True
Help me what is 2 power 8 exactly,power,power,0.9977399,True
"I want to calculate find x where 83x - 934 equals 30,772 please",equation,addition,0.24365962,False
"Figure out find the compound annual growth rate from 850,746 to 3,762,400 over 7 years exactly",cagr,cagr,0.9946077,True
Please what does 16 factorial equal exactly,factorial,factorial,0.9845633,True
"Work out work out 72.24% of 1,908,643 for me",percentage,percentage,0.99582773,True
"Tell me calculate 1,299,207 * 7,443",multiplication,multiplication,0.9986765,True
"I need you to what is the root of 24,362,097",square_root,square_root,0.98916,True
"How many feet are 16,084.62 meters",unit_conversion,unit_conversion,0.99758434,True
"Figure out calculate 1,820,939 - 6,540 please",subtraction,subtraction,0.9956617,True
Figure out evaluate tan at 101 degrees exactly,trigonometry,trigonometry,0.99989986,True
"Tell me how much simple interest does 6,364,115 earn at 3.79% for 4 years for me",simple_interest,simple_interest,0.99810284,True
"Could you monthly EMI for a loan of 7,508,087 at 18.86% over 13 years if possible",emi,emi,0.9999918,True
"I'd like to know determine x from 65x + 738 = 12,243 for me",equation,equation,0.9996018,True
"Help me grow 82,527 by 14.41 percent",percent_increase,percentage,0.50267494,False
"I need you to subtract 38.19% from 25,595?",percent_decrease,percent_decrease,0.997755,True
"Turn 58,691.74 degrees F into Celsius exactly",unit_conversion,trigonometry,0.95023745,False
Could you find the factorial for 16 for me,factorial,factorial,0.99823403,True
Help me what is the natural log of 100?,logarithm,logarithm,0.5890962,True
"Please calculate the EMI on 2,796,198 at 7.59% for 14 years",emi,emi,0.67027414,True
"I want to calculate how much compound interest does 1,169,732 earn at 14.22% for 3 years",compound_interest,compound_interest,0.9975483,True
"I want to calculate calculate CI for 1,119,505 with rate 4.46% and time 6 years?",compound_interest,compound_interest,0.99845827,True
"Could you add 1,749,453 to 6,182 if possible",addition,addition,0.9928154,True
"Can you what is the maximum in this list: -7,057, -3,852, 13,016 please",statistics,statistics,0.9115686,True
"I need you to add 1,693,554 to 2,392 for me",addition,addition,0.99439126,True
"Work out calculate SI for 687,014 with rate 21.26% and time 25 years?",simple_interest,simple_interest,0.99848664,True
I need you to what is the natural log of 10 if possible,logarithm,logarithm,0.84341586,True
I'd like to know what does 19 factorial equal,factorial,factorial,0.94327193,True
"Convert 9,756.01 Celsius to Fahrenheit exactly",unit_conversion,unit_conversion,0.94521743,True
Please evaluate tan at 344.15 degrees please,trigonometry,trigonometry,0.999736,True
"Please monthly EMI for a loan of 4,989,708 at 13.37% over 11 years?",emi,emi,0.99999213,True
"Could you CAGR from 1,756,685 to 2,281,081 over 2 years?",cagr,cagr,0.98152626,True
"I need you to calculate the standard deviation of 8,386, -18,665, 15,443?",statistics,statistics,0.9964373,True
I want to calculate raise 718 to the 3th power please,power,power,0.999977,True
"I need you to what value of x satisfies 61x + 993 = 8,801 please",equation,equation,0.99972326,True
"Turn 32,402.79 degrees F into Celsius?",unit_conversion,trigonometry,0.9439281,False
"Tell me find the square root of 24,594,825 if possible",square_root,square_root,0.99986184,True
I'd like to know what is 114 power 8,power,power,0.9998254,True
"Please find the variance for -9,767, 4,138, -13,807, -16,141, 7,697",statistics,statistics,0.91338605,True
"Could you calculate 949,025 - 24,574",subtraction,subtraction,0.99805474,True
"Can you calculate CAGR if 1,552,048 grows to 3,783,606 in 5 years if possible",cagr,cagr,0.99971145,True
"I want to calculate CAGR from 886,247 to 2,393,669 over 2 years exactly",cagr,cagr,0.9940025,True
"Help me find the base 10 log of 1,000?",logarithm,logarithm,0.96060103,True
Tell me find tangent for an angle of 346.16 degrees,trigonometry,trigonometry,0.9999403,True
I need you to calculate 20! exactly,factorial,factorial,0.49332395,True
"Please what is 278,571 plus 21,047 exactly",addition,addition,0.99434966,True
Help me calculate 15!,factorial,factorial,0.45633912,True
"Could you what is 204,243 plus 4,744",addition,addition,0.9970458,True
Can you evaluate cos at 125.32 degrees please,trigonometry,trigonometry,0.99972254,True
"I need you to calculate CI for 2,392,774 with rate 19.28% and time 5 years please",compound_interest,compound_interest,0.99759644,True
Could you work out the following expression: log10(10) + 122,generic_expression,generic_expression,0.92661875,True
"Help me what monthly payment would I have for 3,363,331 at 21.93% over 20 years please",emi,emi,0.997336,True
Could you calculate 6! if possible,factorial,factorial,0.8109782,True
"I'd like to know how much compound interest does 3,909,179 earn at 21.16% for 20 years please",compound_interest,compound_interest,0.99476236,True
"Tell me calculate the mode of 8,107, -11,295, 14,851, -5,910, 13,921, -3,014, 3,791, 18,950, -14,632, 12,685?",statistics,statistics,0.9952768,True
"I want to calculate evaluate ln(320,442.66) exactly",logarithm,logarithm,0.93325454,True
"Work out compound interest on 1,368,893 at 6.93% for 6 years for me",compound_interest,compound_interest,0.99924564,True
"I'd like to know calculate 28,126 / 749 if possible",division,division,0.9962064,True
"I want to calculate evaluate the square root of 15,345,116?",square_root,square_root,0.99948883,True
"Can you subtract 7,597 from 1,563,987 please",subtraction,subtraction,0.9974962,True
"I need you to subtract 18,753 from 1,353,152?",subtraction,subtraction,0.99781394,True
"Tell me find the product of 1,471,753 and 6,609 exactly",multiplication,multiplication,0.99756145,True
"Figure out CAGR from 1,165,016 to 5,051,114 over 6 years please",cagr,cagr,0.9905448,True
I need you to find cosine for an angle of 98.79 degrees?,trigonometry,trigonometry,0.99974436,True
"Can you grow 795,183 by 12.87 percent for me",percent_increase,percentage,0.32993948,False
"Could you calculate log10(10,000)?",logarithm,logarithm,0.9990408,True
"I'd like to know reduce 1,574,491 by 75.25 percent exactly",percent_decrease,percent_decrease,0.99295104,True
"I'd like to know calculate the EMI on 4,669,657 at 18.54% for 6 years?",emi,emi,0.6470915,True
Help me evaluate tan at 109.86 degrees for me,trigonometry,trigonometry,0.99970406,True
"I need you to calculate the EMI on 6,360,362 at 15.88% for 6 years exactly",emi,emi,0.6383418,True
"Can you calculate SI for 5,598,497 with rate 19.75% and time 2 years?",simple_interest,simple_interest,0.9982362,True
Can you calculate the tangent of 226.87 degrees exactly,trigonometry,trigonometry,0.99987745,True
Can you calculate log10(10),logarithm,logarithm,0.9997751,True
"I'd like to know calculate SI for 7,600,349 with rate 5.92% and time 2 years?",simple_interest,simple_interest,0.9983088,True
"Please reduce 727,832 by 73.16 percent",percent_decrease,percent_decrease,0.99704677,True
"Could you take 20,092 away from 1,052,604 if possible",subtraction,subtraction,0.99954224,True
"Turn 87,216.03 degrees F into Celsius please",unit_conversion,trigonometry,0.96406895,False
"Work out calculate the EMI on 7,337,017 at 7.37% for 5 years?",emi,emi,0.632265,True
"I need you to determine x from 33x - 574 = 4,838?",equation,equation,0.9997062,True
"Work out calculate the average of 10,121, 18,748, 8,484, 12,326, -19,763, 8,633, -642, -11,812, 3,027, 17,342, -13,094, 16,237",statistics,statistics,0.987543,True
"Please find the square root of 47,961 if possible",square_root,square_root,0.9999695,True
"Could you add 183,239 to 11,967 if possible",addition,addition,0.9938391,True
"Can you how much simple interest does 838,379 earn at 15.91% for 2 years?",simple_interest,simple_interest,0.99837613,True
"Can you what amount is 29.05% of 806,342 for me",percentage,percentage,0.9998155,True
"How many feet are 4,169.86 meters exactly",unit_conversion,unit_conversion,0.9963121,True
"I need you to monthly EMI for a loan of 3,662,789 at 7.68% over 22 years?",emi,emi,0.9999908,True
"Help me monthly EMI for a loan of 5,619,273 at 20.04% over 20 years exactly",emi,emi,0.9999862,True
I want to calculate calculate 7! please,factorial,power,0.43508223,False
"Figure out decrease 1,598,371 by 67.65%",percent_decrease,percent_decrease,0.9997631,True
"Figure out calculate 1,144,900 * 7,948 exactly",multiplication,multiplication,0.9974716,True
"I want to calculate CAGR from 969,354 to 1,714,616 over 2 years exactly",cagr,cagr,0.9930021,True
"I'd like to know calculate 1,943,859 + 15,109 exactly",addition,addition,0.99705756,True
"Tell me what is the mode in this list: -15,712, -2,191, -1,381, -8,748, 11,228, 12,172",statistics,statistics,0.9939242,True
"I need you to reduce 1,333,782 by 80.99 percent?",percent_decrease,percent_decrease,0.992695,True
"I'd like to know monthly EMI for a loan of 2,253,917 at 7.09% over 8 years exactly",emi,emi,0.9999895,True
"Could you how much simple interest does 1,246,372 earn at 12.05% for 4 years if possible",simple_interest,simple_interest,0.9980761,True
"Tell me what is 1,936,868 divided by 2,206 for me",division,division,0.99707174,True
Can you calculate 20! exactly,factorial,factorial,0.8863701,True
"Work out what value of x satisfies 20x - 624 = 3,776?",equation,equation,0.99971217,True
Could you raise 316 to the 9th power,power,power,0.99998343,True
"Can you what is the root of 2,235,025 exactly",square_root,square_root,0.98298407,True
"Turn 60,225.57 degrees F into Celsius for me",unit_conversion,trigonometry,0.95976335,False
"How many miles are 20,742.07 km",unit_conversion,unit_conversion,0.9964077,True
"Tell me tell me 64.79 percent of 210,878?",percentage,percentage,0.98762256,True
"I want to calculate solve 90x - 488 = -14,618?",equation,equation,0.99942905,True
"Figure out calculate the EMI on 7,878,557 at 6.08% for 22 years for me",emi,emi,0.6473038,True
"I want to calculate what remains after reducing 1,486,871 by 78.65%",percent_decrease,percent_decrease,0.75296646,True
"How many feet are 26,616.5 meters exactly",unit_conversion,unit_conversion,0.9959629,True
"Help me increase 98,379 by 27.39%",percent_increase,percent_increase,0.9997452,True
"Help me calculate sqrt(525,625) exactly",square_root,square_root,0.9967308,True
"Can you simple interest on 4,319,190 at 16.3% for 13 years?",simple_interest,simple_interest,0.9992409,True
"Could you divide 1,468,935 by 837?",division,division,0.99961865,True
"Tell me what value of x satisfies 11x - 541 = -6,019 for me",equation,equation,0.9996099,True
"I need you to subtract 50.28% from 971,347 for me",percent_decrease,percent_decrease,0.9973264,True
Help me calculate log10(100) if possible,logarithm,logarithm,0.99959093,True
"Help me calculate 49.53 percent of 1,667,897 please",percentage,percentage,0.99735343,True
"Can you calculate CAGR if 502,816 grows to 2,142,871 in 3 years please",cagr,cagr,0.99952435,True
Help me evaluate 434^5,power,power,0.9999776,True
Tell me find sine for an angle of 1.05 degrees for me,trigonometry,trigonometry,0.99991286,True
"I need you to what monthly payment would I have for 7,808,304 at 12.84% over 24 years for me",emi,emi,0.9981336,True
"Help me calculate 722,086 / 975",division,division,0.9982072,True
"I want to calculate find the base 10 log of 10,000 exactly",logarithm,logarithm,0.912716,True
"I need you to what is 246,524 plus 8,356",addition,addition,0.99770653,True
I want to calculate raise 350 to the 11th power please,power,power,0.99994254,True
"I need you to calculate 673,498 / 209",division,division,0.99888927,True
"Help me calculate 90.54 percent of 1,407,016 please",percentage,percentage,0.9959233,True
"Please subtract 78.1% from 647,616 for me",percent_decrease,percent_decrease,0.99811184,True
I need you to raise 605 to the 12th power if possible,power,power,0.99997556,True
"I need you to calculate 1,252,341 / 1,670 exactly",division,division,0.9976935,True
"I'd like to know find the product of 1,046,616 and 22,892 exactly",multiplication,multiplication,0.9984907,True
"Tell me calculate 39.32 percent of 1,183,939?",percentage,percentage,0.9972139,True
"Please calculate sqrt(5,769,604) please",square_root,square_root,0.99511755,True
Tell me factorial of 4 for me,factorial,factorial,0.9997795,True
"Help me calculate 1,174,295 + 10,297 exactly",addition,addition,0.99634737,True
"Could you what is the standard deviation in this list: -5,757, -12,584, 8,718, 15,781, 6,058, -17,552, -1,194, 5,233, 16,780, -17,724, 5,027, -674 please",statistics,statistics,0.9975823,True
"Help me increase 230,991 by 82.86% please",percent_increase,percent_increase,0.9995976,True
Figure out find the factorial for 5 please,factorial,factorial,0.998958,True
"Turn 6,433.13 degrees F into Celsius?",unit_conversion,trigonometry,0.9303035,False
"Tell me calculate log10(1,000) for me",logarithm,logarithm,0.99982005,True
"Please determine x from 41x + 565 = -1,362 please",equation,equation,0.99978215,True
"Can you increase 64,495 by 14.18% please",percent_increase,percent_increase,0.9995018,True
"I want to calculate calculate log10(831,192.14) for me",logarithm,logarithm,0.9963237,True
"Can you grow 1,569,713 by 9.83 percent",percent_increase,percentage,0.43740025,False
"Could you what is 698,935 times 15,662?",multiplication,multiplication,0.9973385,True
"Help me monthly EMI for a loan of 6,168,897 at 8.55% over 15 years exactly",emi,emi,0.9999901,True
"Tell me what is 1,624,711 divided by 1,739 exactly",division,division,0.99794847,True
"Please calculate SI for 1,114,178 with rate 13.74% and time 1 years if possible",simple_interest,simple_interest,0.99931383,True
I need you to give me the value of sqrt(874) + 154 for me,generic_expression,square_root,0.84722084,False
"Could you find the quotient of 141,400 and 147 for me",division,division,0.999099,True
Figure out calculate log10(10),logarithm,logarithm,0.9998561,True
"I want to calculate calculate 1,863,756 * 89 if possible",multiplication,multiplication,0.9955865,True
"Tell me calculate CI for 2,257,206 with rate 13.62% and time 17 years if possible",compound_interest,compound_interest,0.9987207,True
"How many pounds is 98,258.62 kg for me",unit_conversion,unit_conversion,0.9967451,True
Figure out evaluate this expression: 1721 * 15 + 366 for me,generic_expression,generic_expression,0.99948776,True
"Work out what is 1,669,155 plus 2,978 exactly",addition,addition,0.9923307,True
I'd like to know give me the value of 1903 * 7 + 666 if possible,generic_expression,generic_expression,0.8892994,True
"Figure out what does 572,068 become after a 36.76% increase",percent_increase,percent_increase,0.99893373,True
"I want to calculate what does 293,230 become after a 68.35% increase?",percent_increase,percent_increase,0.9977418,True
Figure out factorial of 11 for me,factorial,factorial,0.9971614,True
"Tell me find the quotient of 3,494,297 and 1,193 for me",division,division,0.9977018,True
"Can you take 9,688 away from 1,841,051?",subtraction,subtraction,0.9995844,True
"Tell me calculate SI for 430,038 with rate 7.3% and time 12 years for me",simple_interest,simple_interest,0.9991622,True
"Please find x where 73x - 88 equals 9,840?",equation,addition,0.25066105,False
"Help me grow 1,928,197 by 90.72 percent exactly",percent_increase,percentage,0.37504247,False
"I need you to what monthly payment would I have for 3,281,778 at 3.49% over 17 years if possible",emi,emi,0.9969277,True
"Figure out find the quotient of 39,423 and 1,445 if possible",division,division,0.99899226,True
Help me find tangent for an angle of 102.96 degrees,trigonometry,trigonometry,0.99995553,True
"Tell me increase 1,323,310 by 24.41% exactly",percent_increase,percent_increase,0.9996966,True
I'd like to know what does 239^2 + 913 come to if possible,generic_expression,power,0.59311086,False
"Figure out CAGR from 682,870 to 1,631,317 over 12 years if possible",cagr,cagr,0.99261594,True
Could you what is cos(304.75) for me,trigonometry,percentage,0.19313821,False
"I need you to calculate the EMI on 4,323,435 at 17.53% for 21 years",emi,emi,0.66403866,True
"Tell me determine x from 19x - 342 = 4,902 if possible",equation,equation,0.999824,True
"I want to calculate calculate CI for 6,624,319 with rate 14.08% and time 9 years?",compound_interest,compound_interest,0.99846315,True
"I want to calculate what is 222,883 plus 16,278?",addition,addition,0.9918783,True
"Work out what is 1,133,838 minus 17,259 for me",subtraction,subtraction,0.9962065,True
"Help me how much simple interest does 2,958,941 earn at 21.92% for 21 years",simple_interest,simple_interest,0.99781513,True
"I'd like to know calculate 981,470 / 818?",division,division,0.9972312,True
"I'd like to know calculate CI for 5,884,400 with rate 20.85% and time 20 years please",compound_interest,compound_interest,0.99754024,True
"I want to calculate what is the standard deviation in this list: 9,305, -15,436, 3,268, 2,313, 6,052, -1,263, 2,456, 19,578, 17,801, 17,750, -17,441, 2,515 please",statistics,statistics,0.99644923,True
"Work out calculate CAGR if 1,527,623 grows to 5,340,124 in 2 years please",cagr,cagr,0.9994222,True
"Can you calculate log10(1,000)",logarithm,logarithm,0.99992836,True
"Tell me multiply 1,946,461 by 23,062 for me",multiplication,multiplication,0.9991585,True
I want to calculate calculate 420 to the power of 12?,power,power,0.99998856,True
"Could you what is 1,036,020 divided by 2,150 please",division,division,0.9978515,True
"Figure out what amount is 10.51% of 951,615",percentage,percentage,0.9998714,True
"Work out how much compound interest does 128,586 earn at 2.74% for 2 years please",compound_interest,compound_interest,0.99664044,True
"Could you find the compound annual growth rate from 810,281 to 1,753,203 over 13 years if possible",cagr,cagr,0.9969982,True
Work out evaluate factorial(19),factorial,factorial,0.9918612,True
"Convert 32,190.6 pounds into kilograms if possible",unit_conversion,unit_conversion,0.9278063,True
Tell me find the factorial for 9?,factorial,factorial,0.998889,True
I need you to find cosine for an angle of 14.14 degrees if possible,trigonometry,trigonometry,0.99984145,True
"Could you what amount is 23.67% of 877,031 please",percentage,percentage,0.99987304,True
Work out evaluate this expression: sqrt(3573) + 88 exactly,generic_expression,generic_expression,0.99600935,True
"Convert 92,842.71 Celsius to Fahrenheit?",unit_conversion,unit_conversion,0.9447106,True
Could you factorial of 17 for me,factorial,factorial,0.996797,True
"Help me reduce 1,804,892 by 84.78 percent exactly",percent_decrease,percent_decrease,0.99510163,True
"Help me reduce 1,861,855 by 96.28 percent",percent_decrease,percent_decrease,0.9965411,True
"Could you monthly EMI for a loan of 1,073,284 at 11.82% over 4 years?",emi,emi,0.9999895,True
"Can you calculate 1,968,645 * 3,754 exactly",multiplication,multiplication,0.9977525,True
"I'd like to know find the square root of 857,476 if possible",square_root,square_root,0.99988544,True
I'd like to know what does 5 factorial equal exactly,factorial,factorial,0.9910473,True
"Tell me calculate CI for 4,966,630 with rate 19.11% and time 10 years for me",compound_interest,compound_interest,0.9990631,True
"How many feet are 3,680.89 meters",unit_conversion,unit_conversion,0.9980616,True
"I'd like to know calculate 1,864,278 * 8,092?",multiplication,multiplication,0.9983454,True
"I need you to determine x from 66x + 649 = -5,423 exactly",equation,equation,0.9995577,True
Tell me what does 10 factorial equal if possible,factorial,factorial,0.9142586,True
Could you what is 473 power 2 if possible,power,power,0.99914503,True
"Convert 60,178.72 Celsius to Fahrenheit please",unit_conversion,unit_conversion,0.9437068,True
"I'd like to know compound interest on 7,988,922 at 10.78% for 11 years please",compound_interest,compound_interest,0.9980519,True
"I'd like to know find x where 40x + 918 equals -11,562 exactly",equation,addition,0.3292669,False
"Work out what value of x satisfies 92x - 348 = -41,656?",equation,equation,0.9993457,True
Figure out calculate the sine of 245.58 degrees please,trigonometry,trigonometry,0.9998889,True
I want to calculate calculate 642 to the power of 8 if possible,power,power,0.9999926,True
"Help me calculate SI for 7,075,446 with rate 2.51% and time 19 years",simple_interest,simple_interest,0.99945456,True
"Help me find the total of 1,406,561 and 11,216",addition,addition,0.99935967,True
"Figure out calculate SI for 3,780,628 with rate 14.8% and time 8 years if possible",simple_interest,simple_interest,0.9993025,True
"How many miles are 32,985.01 km please",unit_conversion,unit_conversion,0.9917869,True
"Convert 65,693.51 feet into meters if possible",unit_conversion,unit_conversion,0.99265516,True
"Work out CAGR from 266,547 to 597,050 over 3 years for me",cagr,cagr,0.9919824,True
"Work out what is the standard deviation in this list: 16,798, 8,908, -16,488, -13,663, 13,475, 16,402 if possible",statistics,statistics,0.9873968,True
"Could you find the average for 14,880, -12,739, -17,895, 9,163, -19,337 for me",statistics,statistics,0.98817515,True
"Could you find the compound annual growth rate from 1,115,388 to 3,619,850 over 9 years for me",cagr,cagr,0.9959816,True
"Could you find x where 37x + 208 equals -3,233 if possible",equation,statistics,0.22894607,False
"Tell me what amount is 55.69% of 1,460,607",percentage,percentage,0.9999614,True
"Please calculate SI for 7,864,169 with rate 6.42% and time 5 years?",simple_interest,simple_interest,0.99873024,True
Tell me factorial of 10?,factorial,factorial,0.9953436,True
I'd like to know evaluate factorial(16),factorial,factorial,0.9898246,True
"Convert 69,941.02 Celsius to Fahrenheit exactly",unit_conversion,unit_conversion,0.9480855,True
"How many feet are 60,118.54 meters",unit_conversion,unit_conversion,0.99842936,True
"Tell me calculate the average of 3,223, 2,704, -11,345, 12,349, -5,269, -14,764, 17,757, 6,179, 11,496, 19,542, -12,365, 8,703 for me",statistics,statistics,0.99473816,True
"Figure out monthly EMI for a loan of 1,027,892 at 6.68% over 9 years exactly",emi,emi,0.9999883,True
"Tell me what amount is 77.69% of 1,313,026 please",percentage,percentage,0.9999354,True
"Can you find the base 10 log of 10,000 please",logarithm,logarithm,0.97215545,True
"Could you what is 1,562,304 divided by 1,401 if possible",division,division,0.9991549,True
"Work out what is 724,916 divided by 1,218 for me",division,division,0.99875164,True
"Work out what is 1,734,874 times 1,338?",multiplication,multiplication,0.9939659,True
"Figure out how much simple interest does 664,745 earn at 19.59% for 7 years please",simple_interest,simple_interest,0.9973755,True
"Figure out simple interest on 1,957,716 at 7.21% for 8 years please",simple_interest,simple_interest,0.9993767,True
"Could you add 52.23% to 1,212,512 if possible",percent_increase,percent_increase,0.99895465,True
"Help me what is 338,899 minus 10,630 if possible",subtraction,subtraction,0.9975817,True
"Please what is 1,343,032 plus 11,055 for me",addition,addition,0.9958525,True
Help me evaluate 876^12?,power,power,0.9999348,True
"Tell me grow 1,143,008 by 94.05 percent please",percent_increase,percentage,0.41786587,False
"Please decrease 411,051 by 81.6% please",percent_decrease,percent_decrease,0.9995247,True
"Please compound interest on 2,481,296 at 19.58% for 13 years please",compound_interest,compound_interest,0.99852896,True
"Work out find the product of 523,057 and 19,452 for me",multiplication,multiplication,0.997449,True
"Help me reduce 324,275 by 58.79 percent exactly",percent_decrease,percent_decrease,0.9927475,True
"Help me calculate the variance of 4,812, 17,757, -17,629, -1,181, 19,086 please",statistics,statistics,0.59710526,True
"Please compound interest on 1,631,602 at 16.76% for 7 years please",compound_interest,compound_interest,0.99842787,True
"Please evaluate the square root of 27,225 exactly",square_root,square_root,0.9998994,True
"I need you to what is the average in this list: 11,491, 10,515, -3,240, -18,324, -13,141 if possible",statistics,statistics,0.98034143,True
Tell me what does 14 factorial equal?,factorial,factorial,0.93962073,True
"Tell me find the square root of 8,722,568 for me",square_root,square_root,0.99971455,True
"Work out subtract 12,058 from 225,028 if possible",subtraction,subtraction,0.9957903,True
"Can you CAGR from 977,007 to 3,378,400 over 1 years exactly",cagr,cagr,0.96423596,True
Work out calculate the tangent of 316.1 degrees please,trigonometry,trigonometry,0.99995434,True
I want to calculate raise 453 to the 9th power?,power,power,0.99983037,True
"Please solve 96x - 915 = 33,357?",equation,equation,0.999655,True
"Tell me calculate log10(1,000)?",logarithm,logarithm,0.9999294,True
I'd like to know find the factorial for 20 please,factorial,factorial,0.9989906,True
"Tell me find the square root of 18,210,724 for me",square_root,square_root,0.99964345,True
"How many feet are 72,469.01 meters please",unit_conversion,unit_conversion,0.99590564,True
"I want to calculate what is the root of 13,322,611 please",square_root,square_root,0.95216066,True
"Could you work out 19.39% of 1,157,278 exactly",percentage,percentage,0.9983052,True
"I need you to work out 60.66% of 948,201?",percentage,percentage,0.99486583,True
"I need you to what is 1,450,155 plus 16,950",addition,addition,0.99824023,True
"Help me monthly EMI for a loan of 4,211,743 at 15.07% over 24 years?",emi,emi,0.9999914,True
"Tell me reduce 1,992,888 by 45.36 percent?",percent_decrease,percent_decrease,0.99385095,True
"Could you calculate the mode of -5,010, 15,532, 3,857 for me",statistics,statistics,0.9971892,True
"Help me what value of x satisfies 30x + 961 = 2,131",equation,equation,0.9997987,True
"I want to calculate work out the minimum from these numbers 12,301, 12,881, 17,139, 5,741, 3,710, 6,712, -15,667, 18,423, -906, 361, 14,889, -421 if possible",statistics,statistics,0.99284875,True
"Work out what is 904,329 minus 8,417?",subtraction,subtraction,0.9963973,True
"Work out what is 1,835,285 times 6,433?",multiplication,multiplication,0.9927126,True
Could you calculate log10(100)?,logarithm,logarithm,0.9992255,True
"Could you what amount is 59.56% of 1,805,340 exactly",percentage,percentage,0.9998846,True
"Could you calculate log10(100,000) if possible",logarithm,logarithm,0.99860305,True
"Convert 41,812.06 pounds into kilograms for me",unit_conversion,unit_conversion,0.9154304,True
"Figure out decrease 1,730,152 by 76.71% please",percent_decrease,percent_decrease,0.9994844,True
"Please what monthly payment would I have for 2,430,689 at 12.95% over 11 years?",emi,emi,0.9972139,True
"Can you calculate CI for 2,432,737 with rate 4.04% and time 3 years for me",compound_interest,compound_interest,0.9980877,True
"How many pounds is 24,930.92 kg",unit_conversion,unit_conversion,0.99777114,True
"Can you compound interest on 3,016,088 at 2.59% for 5 years",compound_interest,compound_interest,0.99922156,True
Tell me evaluate ln(100) for me,logarithm,logarithm,0.8537323,True
"I want to calculate subtract 94.53% from 1,823,888 please",percent_decrease,percent_decrease,0.9958662,True
"I need you to what is 252,897 times 68 for me",multiplication,multiplication,0.99858606,True
"Turn 69,358.43 degrees F into Celsius",unit_conversion,trigonometry,0.9684256,False
"I want to calculate solve 40x + 256 = 17,616 if possible",equation,equation,0.99956864,True
"Could you CAGR from 1,320,781 to 1,694,315 over 8 years if possible",cagr,cagr,0.99283594,True
Figure out evaluate 127^12 for me,power,power,0.9998807,True
"Could you find the standard deviation for -16,635, -3,924, -3,057, -10,369, -19,601, -5,404?",statistics,statistics,0.9988255,True
"Figure out reduce 1,921,605 by 85.51 percent please",percent_decrease,percent_decrease,0.99552613,True
Can you what is cos(1.94) for me,trigonometry,percentage,0.2142852,False
"Can you reduce 1,236,547 by 85.94 percent?",percent_decrease,percent_decrease,0.99081284,True
"I'd like to know increase 836,944 by 74.62% for me",percent_increase,percent_increase,0.9993674,True
"Help me grow 1,254,106 by 78.27 percent if possible",percent_increase,percentage,0.39409956,False
"I'd like to know find the square root of 22,099,401 for me",square_root,square_root,0.99961084,True
"Help me calculate 1,662,586 * 2,678 exactly",multiplication,multiplication,0.9973634,True
"I want to calculate CAGR from 957,860 to 1,647,153 over 11 years for me",cagr,cagr,0.9950177,True
"Can you what is 1,334,955 minus 10,143 please",subtraction,subtraction,0.99745196,True
"I'd like to know what is 674,470 times 17,702 exactly",multiplication,multiplication,0.992388,True
"Help me find the total of 1,677,603 and 22,592 exactly",addition,addition,0.9977188,True
"Tell me take 11,918 away from 642,785",subtraction,subtraction,0.9994542,True
"Help me what is 1,216,037 minus 1,977",subtraction,subtraction,0.99732226,True
Could you give me the value of 2983 - (540 / 19)?,generic_expression,generic_expression,0.80801094,True
"Could you what does 1,987,672 become after a 62.62% increase if possible",percent_increase,percent_increase,0.998243,True
"Could you calculate the EMI on 7,309,382 at 16.5% for 1 years?",emi,emi,0.67329335,True
"Figure out simple interest on 1,539,643 at 17.1% for 25 years if possible",simple_interest,simple_interest,0.9994492,True
"How many pounds is 30,638.71 kg",unit_conversion,unit_conversion,0.9977584,True
"Work out decrease 1,657,571 by 34.92%?",percent_decrease,percent_decrease,0.9997632,True
"Figure out what is the natural log of 1,000",logarithm,logarithm,0.6365419,True
I want to calculate raise 826 to the 11th power exactly,power,power,0.9999112,True
"I'd like to know what monthly payment would I have for 1,173,275 at 1.66% over 18 years if possible",emi,emi,0.99695885,True
"I'd like to know find the square root of 835,396 exactly",square_root,square_root,0.9998561,True
"I want to calculate work out 54.96% of 1,054,835 if possible",percentage,percentage,0.99852496,True
"Please find the quotient of 29,478 and 1,617",division,division,0.99953544,True
"Can you calculate CI for 3,239,583 with rate 11.03% and time 21 years if possible",compound_interest,compound_interest,0.99851984,True
"Figure out calculate the EMI on 4,250,658 at 13.24% for 14 years please",emi,emi,0.6248508,True
"I want to calculate tell me 70.83 percent of 1,880,874?",percentage,percentage,0.99509144,True
"I need you to calculate 564,958 + 23,449 exactly",addition,addition,0.9947484,True
"Tell me find the square root of 18,468,057?",square_root,square_root,0.9998964,True
"Work out what remains after reducing 1,594,712 by 49.66% for me",percent_decrease,percent_decrease,0.831207,True
"I want to calculate calculate the EMI on 3,819,062 at 14.19% for 16 years for me",emi,emi,0.5420155,True
"Tell me how much simple interest does 1,249,617 earn at 6.28% for 10 years if possible",simple_interest,simple_interest,0.9979646,True
"I need you to find the base 10 log of 1,000 exactly",logarithm,logarithm,0.94850796,True
"I'd like to know multiply 34,752 by 12,362 please",multiplication,multiplication,0.9991547,True
"I'd like to know find the product of 713,856 and 21,005 if possible",multiplication,multiplication,0.99816775,True
"Can you compound interest on 6,363,172 at 2.83% for 1 years exactly",compound_interest,compound_interest,0.9984055,True
"Can you what remains after reducing 1,011,285 by 63.22% please",percent_decrease,percent_decrease,0.8542701,True
"Work out what is 679,189 minus 13,285 if possible",subtraction,subtraction,0.9969387,True
"Help me calculate CI for 6,019,219 with rate 5.57% and time 19 years if possible",compound_interest,compound_interest,0.9987728,True
"Turn 57,680.46 degrees F into Celsius?",unit_conversion,trigonometry,0.9431769,False
"Could you find the minimum for 12,948, -17,847, 10,912, 15,351, -9,148 if possible",statistics,statistics,0.99135184,True
"Tell me CAGR from 1,321,196 to 3,451,982 over 11 years?",cagr,cagr,0.9868007,True
"Please subtract 18,518 from 1,933,360 exactly",subtraction,subtraction,0.9961183,True
Help me raise 460 to the 12th power if possible,power,power,0.99996316,True
"Figure out what is the root of 23,902,321?",square_root,square_root,0.96479046,True
"I want to calculate calculate SI for 217,371 with rate 15.09% and time 2 years?",simple_interest,simple_interest,0.9986525,True
"Work out add 380,136 to 3,159 for me",addition,addition,0.9934743,True
"Help me calculate 5.75 percent of 1,014,962 exactly",percentage,percentage,0.9938134,True
"Work out what is the natural log of 10,000 if possible",logarithm,logarithm,0.8114178,True
Figure out factorial of 18 please,factorial,factorial,0.993359,True
I'd like to know find sine for an angle of 265.89 degrees,trigonometry,trigonometry,0.9997516,True
"Tell me take 875 away from 843,697?",subtraction,subtraction,0.99969494,True
"Can you how much simple interest does 7,708,832 earn at 19.04% for 12 years",simple_interest,simple_interest,0.9983511,True
"I want to calculate find the quotient of 1,642,171 and 399 exactly",division,division,0.996207,True
"Could you calculate SI for 3,051,405 with rate 12.31% and time 23 years exactly",simple_interest,simple_interest,0.9977984,True
"I need you to what is 261,117 times 5,988 if possible",multiplication,multiplication,0.996514,True
"How many miles are 13,453.32 km please",unit_conversion,unit_conversion,0.98864615,True
"Please calculate CI for 1,913,159 with rate 10.86% and time 12 years if possible",compound_interest,compound_interest,0.9972863,True
Tell me evaluate this expression: log10(100) + 239 for me,generic_expression,generic_expression,0.9977271,True
Tell me what does 5 factorial equal exactly,factorial,factorial,0.9898783,True
"Could you find the quotient of 8,952,336 and 2,438 for me",division,division,0.995353,True
"Help me solve 11x - 693 = -3,861 if possible",equation,equation,0.99970466,True
"Tell me what is 1,328,805 plus 16,069 if possible",addition,addition,0.99389875,True
"I need you to find the square root of 10,526,095 for me",square_root,square_root,0.9997986,True
"Figure out how much compound interest does 7,187,820 earn at 12.26% for 13 years?",compound_interest,compound_interest,0.995695,True
I'd like to know evaluate factorial(10)?,factorial,factorial,0.98349196,True
Tell me evaluate 205^12 please,power,power,0.9999379,True
I want to calculate calculate 12! if possible,factorial,power,0.6422092,False
"Work out what is 942,672 divided by 66 for me",division,division,0.9989229,True
"Work out calculate 899,302 - 7,074 if possible",subtraction,subtraction,0.99446243,True
Tell me calculate the tangent of 284.72 degrees for me,trigonometry,trigonometry,0.99995494,True
I'd like to know work out the following expression: 1534^4 + 819 please,generic_expression,generic_expression,0.90802085,True
"Figure out find the maximum for -4,751, -8,158, 19,339, -2,413, 16,723, -330, -13,695, 17,352 please",statistics,statistics,0.9710948,True
Tell me what does log10(10000) + 524 come to?,generic_expression,logarithm,0.88152987,False
"Can you calculate log10(1,000) please",logarithm,logarithm,0.9998012,True
"Could you calculate CI for 204,062 with rate 4.67% and time 4 years please",compound_interest,compound_interest,0.99743265,True
"I want to calculate determine x from 97x + 429 = 10,517?",equation,equation,0.9996475,True
Could you give me the value of sqrt(4888) + 362 if possible,generic_expression,square_root,0.7153075,False
"I want to calculate evaluate ln(100,000) for me",logarithm,logarithm,0.89480186,True
"Can you calculate SI for 3,464,386 with rate 16.97% and time 24 years please",simple_interest,simple_interest,0.9979709,True
"I'd like to know multiply 447,367 by 24,369 for me",multiplication,multiplication,0.9978993,True
"Work out find x where 60x + 925 equals 3,385?",equation,addition,0.2166096,False
"Could you calculate log10(1,000) if possible",logarithm,logarithm,0.9998615,True
"Tell me what does 1,290,615 become after a 11.83% increase",percent_increase,percent_increase,0.9989089,True
"Please calculate SI for 2,577,150 with rate 8.05% and time 1 years please",simple_interest,simple_interest,0.9976803,True
"I need you to calculate CAGR if 233,487 grows to 545,350 in 7 years?",cagr,cagr,0.9992405,True
"Help me what is 1,024,181 plus 22,791 for me",addition,addition,0.9939115,True
"Help me add 42.78% to 979,229 please",percent_increase,percent_increase,0.9981229,True
"Help me how much simple interest does 4,627,724 earn at 18.65% for 20 years exactly",simple_interest,simple_interest,0.996527,True
"Could you find the quotient of 994,533 and 384 if possible",division,division,0.99921846,True
"Turn 27,515.42 degrees F into Celsius please",unit_conversion,trigonometry,0.96110344,False
"Can you calculate 76.4 percent of 438,904 exactly",percentage,percentage,0.9907088,True
"Work out subtract 33.53% from 1,450,055 exactly",percent_decrease,percent_decrease,0.9972224,True
"I need you to how much simple interest does 6,932,299 earn at 8.11% for 4 years",simple_interest,simple_interest,0.99841666,True
"I need you to calculate the EMI on 549,576 at 21.69% for 8 years for me",emi,emi,0.67259544,True
"Help me solve 20x - 307 = 6,313 exactly",equation,equation,0.99960333,True
"Can you how much simple interest does 4,939,327 earn at 20.91% for 18 years please",simple_interest,simple_interest,0.99739885,True
"Help me what is 975,733 plus 5,508 if possible",addition,addition,0.9933589,True
"Please divide 665,990 by 1,681 for me",division,division,0.9988274,True
Could you factorial of 15 for me,factorial,factorial,0.9967462,True
"I need you to calculate 8.01 percent of 434,830?",percentage,percentage,0.9930796,True
"I'd like to know find the total of 513,730 and 6,361 for me",addition,addition,0.9988606,True
"Figure out what value of x satisfies 45x + 778 = -10,652?",equation,equation,0.99942696,True
"Please evaluate the square root of 1,481,089?",square_root,square_root,0.99984205,True
"Convert 10,751.8 Celsius to Fahrenheit",unit_conversion,unit_conversion,0.95287746,True
Tell me evaluate this expression: log10(10000) + 650,generic_expression,generic_expression,0.99897027,True
"Could you how much simple interest does 260,306 earn at 3.41% for 13 years if possible",simple_interest,simple_interest,0.99859613,True
"I want to calculate calculate log10(10,000)?",logarithm,logarithm,0.99891865,True
"Can you subtract 4,500 from 489,063 exactly",subtraction,subtraction,0.9951338,True
"Could you what monthly payment would I have for 217,517 at 6.25% over 19 years",emi,emi,0.9987651,True
"Can you calculate 1,607,399 - 9,309 please",subtraction,subtraction,0.9974329,True
"Tell me calculate 1,616,965 - 17,043?",subtraction,subtraction,0.99818844,True
"I want to calculate find the product of 995,069 and 141 exactly",multiplication,multiplication,0.99674785,True
Can you determine x from 1x - 693 = -500 exactly,equation,equation,0.9998698,True
"Figure out how much compound interest does 5,848,592 earn at 3.61% for 10 years",compound_interest,compound_interest,0.99656653,True
"I want to calculate how much simple interest does 1,679,165 earn at 16.81% for 1 years",simple_interest,simple_interest,0.99826366,True
"Can you calculate SI for 4,309,582 with rate 5.28% and time 7 years exactly",simple_interest,simple_interest,0.9976356,True
"I'd like to know CAGR from 309,176 to 1,334,207 over 15 years",cagr,cagr,0.98798954,True
"Figure out how much compound interest does 2,830,179 earn at 2.49% for 15 years please",compound_interest,compound_interest,0.9956031,True
"Convert 10,929.14 Celsius to Fahrenheit please",unit_conversion,unit_conversion,0.9047894,True
"Tell me how much compound interest does 3,525,448 earn at 17.41% for 15 years",compound_interest,compound_interest,0.9969439,True
Work out find x where 91x + 144 equals -129 for me,equation,addition,0.18690072,False
"I want to calculate how much compound interest does 6,276,440 earn at 8.82% for 15 years",compound_interest,compound_interest,0.99767727,True
"Please what monthly payment would I have for 4,821,825 at 21.75% over 5 years for me",emi,emi,0.9981723,True
"I'd like to know calculate 569,143 + 9,768 for me",addition,addition,0.9955989,True
"I'd like to know compound interest on 7,992,616 at 18.76% for 12 years",compound_interest,compound_interest,0.9986519,True
"Work out calculate 109,858 + 1,828 please",addition,addition,0.9964753,True
"Figure out simple interest on 7,841,501 at 13.27% for 25 years exactly",simple_interest,simple_interest,0.9990067,True
I'd like to know find x where 15x + 235 equals -770 exactly,equation,addition,0.25459757,False
"Could you how much simple interest does 4,644,100 earn at 13.2% for 9 years?",simple_interest,simple_interest,0.99829954,True
"I need you to how much simple interest does 4,695,818 earn at 10.59% for 6 years for me",simple_interest,simple_interest,0.9977429,True
"Please what is the median in this list: -8,678, 7,907, 18,629, 15,063, -14,725?",statistics,statistics,0.71982247,True
"I'd like to know calculate CAGR if 1,870,686 grows to 7,141,982 in 6 years exactly",cagr,cagr,0.9993605,True
"Could you subtract 92.04% from 764,937 if possible",percent_decrease,percent_decrease,0.9973143,True
"I want to calculate reduce 414,620 by 6.56 percent please",percent_decrease,percent_decrease,0.9916215,True
"I'd like to know multiply 1,597,189 by 12,937?",multiplication,multiplication,0.9990551,True
"Can you what value of x satisfies 75x + 321 = 15,021",equation,equation,0.99973613,True
"Figure out calculate CAGR if 1,002,998 grows to 1,237,677 in 10 years if possible",cagr,cagr,0.9996946,True
"Figure out what is 754,445 times 10,258 for me",multiplication,multiplication,0.9950847,True
"Can you decrease 1,624,150 by 41.39% please",percent_decrease,percent_decrease,0.9995759,True
"I'd like to know what does 286,742 become after a 68.26% increase please",percent_increase,percent_increase,0.99856347,True
"Figure out calculate CAGR if 950,423 grows to 3,885,145 in 19 years for me",cagr,cagr,0.99946016,True
"Convert 39,762.3 pounds into kilograms for me",unit_conversion,unit_conversion,0.9155126,True
"Help me find the compound annual growth rate from 783,812 to 1,951,425 over 2 years?",cagr,cagr,0.9940171,True
"Work out what is 956,910 minus 4,938 exactly",subtraction,subtraction,0.99544746,True
"Could you find the base 10 log of 1,000 for me",logarithm,logarithm,0.9730646,True
"Help me find the quotient of 654,996 and 896 please",division,division,0.9993291,True
"Please how much compound interest does 4,320,673 earn at 4.58% for 24 years please",compound_interest,compound_interest,0.99539834,True
"Tell me calculate the standard deviation of 9,402, 19,457, -3,454 if possible",statistics,statistics,0.9989428,True
"Please compound interest on 6,233,522 at 5.33% for 8 years?",compound_interest,compound_interest,0.9987565,True
"Help me what is 7,385,781 divided by 1,937",division,division,0.99854785,True
"I'd like to know calculate 17.83 percent of 427,385 exactly",percentage,percentage,0.9802085,True
"Figure out add 651,880 to 15,256",addition,addition,0.99566805,True
"Can you calculate sqrt(261,121) exactly",square_root,square_root,0.99754983,True
Help me what does 4 factorial equal please,factorial,factorial,0.9666736,True
"Tell me what is 1,275,800 times 7,113 if possible",multiplication,multiplication,0.99294925,True
"Tell me what remains after reducing 555,708 by 13.29%",percent_decrease,percent_decrease,0.8626436,True
"Could you determine x from 87x + 14 = 21,851 for me",equation,equation,0.99981195,True
"I'd like to know find the compound annual growth rate from 997,342 to 2,261,090 over 17 years exactly",cagr,cagr,0.99633336,True
"Please what is the root of 9,461,776 exactly",square_root,square_root,0.9724089,True
"Convert 20,568.7 miles into km?",unit_conversion,unit_conversion,0.9625531,True
"Figure out calculate log10(10,000)",logarithm,logarithm,0.9996594,True
"Tell me what is the mode in this list: -13,209, 514, -11,363, 17,674, -16,598 please",statistics,statistics,0.96428716,True
"Help me calculate the EMI on 1,656,825 at 9.33% for 3 years exactly",emi,emi,0.6579126,True
I'd like to know what is 312 power 8 exactly,power,power,0.99888486,True
"Tell me work out 42.9% of 1,622,134 if possible",percentage,percentage,0.99909997,True
"I'd like to know what does 58,856 become after a 30.09% increase?",percent_increase,percent_increase,0.99918836,True
"I need you to divide 678,565 by 1,218?",division,division,0.99940455,True
"Help me grow 1,425,396 by 84.58 percent exactly",percent_increase,percentage,0.38823828,False
"Tell me calculate 1,895,287 + 9,715 please",addition,addition,0.9973036,True
I need you to raise 204 to the 11th power if possible,power,power,0.999931,True
"I want to calculate calculate 1,405,789 * 11,960 exactly",multiplication,multiplication,0.99501354,True
"Figure out add 91.51% to 543,622",percent_increase,percent_increase,0.9972696,True
Figure out find the factorial for 7 please,factorial,factorial,0.99751294,True
"Work out calculate 1,894,767 - 24,383 please",subtraction,subtraction,0.9955635,True
"How many pounds is 92,837.8 kg exactly",unit_conversion,unit_conversion,0.99485755,True
"Work out add 61.45% to 1,339,977 please",percent_increase,percent_increase,0.99872607,True
"Help me calculate sqrt(6,885,376) please",square_root,square_root,0.9962846,True
"Tell me tell me 39.77 percent of 667,631 for me",percentage,percentage,0.9799886,True
"I'd like to know what monthly payment would I have for 3,394,572 at 14.78% over 3 years if possible",emi,emi,0.9971424,True
Work out what does 3 factorial equal?,factorial,factorial,0.96170694,True
"Help me what is the mean in this list: -12,937, 19,704, -6,301, -18,469, 9,956",statistics,statistics,0.735931,True
Tell me find tangent for an angle of 269.87 degrees exactly,trigonometry,trigonometry,0.9998185,True
"How many miles are 66,634.09 km exactly",unit_conversion,unit_conversion,0.99315685,True
"I want to calculate subtract 61.25% from 630,265 if possible",percent_decrease,percent_decrease,0.9962017,True
I want to calculate give me the value of sqrt(3249) + 428?,generic_expression,square_root,0.6032031,False
"I need you to calculate the EMI on 4,093,856 at 11.39% for 2 years?",emi,emi,0.6416151,True
"Work out what remains after reducing 1,856,048 by 21.67%?",percent_decrease,percent_decrease,0.8453139,True
"I'd like to know evaluate the square root of 186,624 exactly",square_root,square_root,0.9995745,True
I'd like to know evaluate factorial(18) for me,factorial,factorial,0.99467576,True
"Could you what is 1,929,135 times 3,739?",multiplication,multiplication,0.994703,True
"Figure out what value of x satisfies 39x + 442 = 1,885 please",equation,equation,0.99970055,True
"Please calculate log10(100,000) exactly",logarithm,logarithm,0.99740845,True
"Figure out find the base 10 log of 100,000",logarithm,logarithm,0.96341795,True
"Can you CAGR from 1,872,681 to 5,404,122 over 18 years exactly",cagr,cagr,0.9833022,True
"Tell me add 76.36% to 825,817?",percent_increase,percent_increase,0.99778,True
"Could you find the quotient of 400,112 and 276 exactly",division,division,0.99862003,True
I'd like to know calculate 16! please,factorial,factorial,0.5082187,True
"Work out subtract 24,609 from 1,502,886?",subtraction,subtraction,0.9944043,True
"I'd like to know find the compound annual growth rate from 714,729 to 2,946,516 over 5 years exactly",cagr,cagr,0.9965413,True
"Can you calculate 1,899,403 + 4,630 please",addition,addition,0.9977963,True
"Can you multiply 477,867 by 21,121 please",multiplication,multiplication,0.9990884,True
"Could you tell me 59.83 percent of 828,772?",percentage,percentage,0.99016106,True
"How many pounds is 43,541.7 kg for me",unit_conversion,unit_conversion,0.99524623,True
"I want to calculate add 70.23% to 801,433 for me",percent_increase,percent_increase,0.99341005,True
"I'd like to know what is the root of 1,249,924 please",square_root,square_root,0.9709028,True
"I want to calculate find the quotient of 1,703,397 and 1,694",division,division,0.99810624,True
"Could you how much simple interest does 6,844,893 earn at 17.19% for 11 years?",simple_interest,simple_interest,0.9976761,True
"I'd like to know what is 774,776 divided by 1,090 if possible",division,division,0.9979499,True
"Help me what monthly payment would I have for 3,923,655 at 10.33% over 10 years?",emi,emi,0.99702114,True
Could you evaluate this expression: (282 - 735) / 6?,generic_expression,generic_expression,0.9993887,True
"I need you to calculate 12.26 percent of 1,575,127 for me",percentage,percentage,0.986217,True
I need you to evaluate this expression: log10(1000) + 292 please,generic_expression,generic_expression,0.99820626,True
"I want to calculate subtract 6,134 from 225,685 please",subtraction,subtraction,0.99328786,True
"I want to calculate subtract 21,856 from 853,263?",subtraction,subtraction,0.98849237,True
"Could you take 20,819 away from 1,162,570 if possible",subtraction,subtraction,0.9995235,True
"Can you decrease 1,044,507 by 11.33% please",percent_decrease,percent_decrease,0.9995272,True
"Tell me grow 166,489 by 70.24 percent please",percent_increase,percentage,0.44604373,False
Please work out the following expression: 3357^5 + 638 please,generic_expression,generic_expression,0.96103,True
"Tell me what is the root of 20,216,663 for me",square_root,square_root,0.97229403,True
"I need you to subtract 3,424 from 1,036,868?",subtraction,subtraction,0.99685776,True
Could you work out the following expression: log10(10000) + 423 please,generic_expression,generic_expression,0.9588129,True
"Tell me calculate the mode of 12,472, 11,450, -13,173, -5,506, -12,293, 15,651, 510, 3,226, -3,931, -8,475 if possible",statistics,statistics,0.9959572,True
"How many feet are 11,030.81 meters if possible",unit_conversion,unit_conversion,0.99807954,True
"Please how much compound interest does 1,035,531 earn at 4.64% for 2 years please",compound_interest,compound_interest,0.99629635,True
"Figure out find the compound annual growth rate from 256,973 to 716,416 over 19 years",cagr,cagr,0.9953962,True
"I'd like to know calculate 1,834,145 / 1,858 please",division,division,0.99768925,True
"Figure out calculate sqrt(6,275,025) please",square_root,square_root,0.99112976,True
"Can you how much compound interest does 5,243,287 earn at 17.51% for 15 years if possible",compound_interest,compound_interest,0.9957029,True
"Can you simple interest on 869,194 at 19.4% for 16 years if possible",simple_interest,simple_interest,0.999642,True
"Work out what is 1,017,923 plus 14,547?",addition,addition,0.99572766,True
I need you to find cosine for an angle of 94.6 degrees?,trigonometry,trigonometry,0.99973804,True
"I want to calculate calculate 963,553 + 3",addition,addition,0.9952302,True
"Help me take 19,904 away from 1,593,363",subtraction,subtraction,0.9995461,True
"Figure out solve 12x + 4 = 3,232 exactly",equation,equation,0.99970204,True
"Help me evaluate the square root of 22,515,025 if possible",square_root,square_root,0.99985313,True
"Convert 13,195.12 miles into km?",unit_conversion,unit_conversion,0.9543598,True
"Tell me decrease 351,814 by 95.2% exactly",percent_decrease,percent_decrease,0.99943036,True
"Help me simple interest on 5,542,348 at 9.59% for 17 years exactly",simple_interest,simple_interest,0.99911994,True
"I'd like to know calculate sqrt(2,387,025)",square_root,square_root,0.992987,True
"Work out work out 77.43% of 1,895,120 for me",percentage,percentage,0.9965534,True
"How many pounds is 49,442.19 kg exactly",unit_conversion,unit_conversion,0.99587065,True
"I want to calculate take 23,158 away from 1,060,224 please",subtraction,subtraction,0.9988788,True
"Please calculate 869,284 * 17,061?",multiplication,multiplication,0.99864537,True
Please what is 646 power 2 please,power,power,0.998555,True
I want to calculate work out the following expression: 1771 - (535 / 11)?,generic_expression,generic_expression,0.9947153,True
"Tell me multiply 730,597 by 1,162 if possible",multiplication,multiplication,0.9993907,True
"I'd like to know what is the variance in this list: 4,391, 9,653, 12,623, -817, 9,589, -1,699, 8,942, 14,584, -2,281, -11,188, -12,512, -5,766",statistics,statistics,0.9677404,True
Could you find the factorial for 2 please,factorial,factorial,0.9993687,True
"I need you to what is 124,096 times 3,164 exactly",multiplication,multiplication,0.99333465,True
"Work out how much compound interest does 1,451,139 earn at 6.46% for 24 years if possible",compound_interest,compound_interest,0.9950722,True
"Figure out what is the mean in this list: 14,170, 3,386, 17,523, 6,540, -16,038, -14,173, 3,274, 80, -12,744, 18,065 exactly",statistics,statistics,0.6727884,True
"Figure out compound interest on 4,733,619 at 17.84% for 1 years",compound_interest,compound_interest,0.99917287,True
"Can you divide 5,875,120 by 1,840",division,division,0.9993333,True
"Please calculate SI for 6,511,014 with rate 10.95% and time 5 years",simple_interest,simple_interest,0.9988606,True
"Figure out grow 1,627,870 by 45.97 percent",percent_increase,percentage,0.48319867,False
"Could you what is 1,963,292 plus 9,830 exactly",addition,addition,0.9960108,True
"Help me grow 1,285,649 by 63.06 percent?",percent_increase,percentage,0.28780463,False
Work out raise 596 to the 7th power,power,power,0.9999621,True
"Could you CAGR from 1,219,307 to 4,515,408 over 15 years if possible",cagr,cagr,0.98993313,True
"Work out add 43.9% to 671,604 if possible",percent_increase,percent_increase,0.99845827,True
"Help me calculate log10(10,000)?",logarithm,logarithm,0.99950767,True
Help me give me the value of 1806^4 + 984 please,generic_expression,power,0.8110448,False
Please calculate 20! if possible,factorial,factorial,0.35292062,True
"Can you add 668,896 to 9,791 please",addition,addition,0.9940866,True
"Please monthly EMI for a loan of 5,005,358 at 3.73% over 24 years exactly",emi,emi,0.9999894,True
I need you to raise 168 to the 10th power if possible,power,power,0.99998474,True
"I want to calculate calculate log10(100,000)",logarithm,logarithm,0.99886465,True
"How many pounds is 83,227.12 kg exactly",unit_conversion,unit_conversion,0.99427384,True
Tell me what is sin(297.76) exactly,trigonometry,percentage,0.38165632,False
"I want to calculate work out the standard deviation from these numbers -19,820, 1,782, -18,222, -15,675, -14,522, -1,021 if possible",statistics,statistics,0.993291,True
"I'd like to know how much simple interest does 3,689,657 earn at 16.37% for 4 years",simple_interest,simple_interest,0.99804735,True
"Figure out find the square root of 5,257,849 please",square_root,square_root,0.9998005,True
Can you what is the natural log of 100,logarithm,logarithm,0.67571574,True
Work out raise 904 to the 10th power?,power,power,0.9995534,True
"Could you grow 1,418,202 by 86.79 percent",percent_increase,percentage,0.4318594,False
"Figure out find the compound annual growth rate from 1,933,338 to 3,346,297 over 10 years?",cagr,cagr,0.99460524,True
"Could you calculate SI for 4,199,467 with rate 21.49% and time 24 years?",simple_interest,simple_interest,0.9985154,True
"Help me find the compound annual growth rate from 1,623,262 to 4,398,495 over 16 years please",cagr,cagr,0.9947641,True
Tell me evaluate this expression: log10(10000) + 926 for me,generic_expression,generic_expression,0.99818265,True
"Can you find the product of 1,939,358 and 5,500 please",multiplication,multiplication,0.9985026,True
I need you to find tangent for an angle of 298.47 degrees exactly,trigonometry,trigonometry,0.9998155,True
"I'd like to know determine x from 49x - 120 = -17,074 please",equation,equation,0.9997054,True
"Tell me what monthly payment would I have for 5,932,141 at 20.26% over 13 years?",emi,emi,0.9974778,True
I want to calculate work out the following expression: (4311 - 813) / 24,generic_expression,generic_expression,0.9968566,True
"Work out find the quotient of 7,302,862 and 1,733?",division,division,0.99834216,True
"Please what is the natural log of 1,000 if possible",logarithm,logarithm,0.7659876,True
"Can you compound interest on 1,490,026 at 15.4% for 6 years if possible",compound_interest,compound_interest,0.9984843,True
"Could you what monthly payment would I have for 7,040,633 at 6.75% over 19 years?",emi,emi,0.99743986,True
"Convert 88,313.09 Celsius to Fahrenheit for me",unit_conversion,unit_conversion,0.953602,True
"Please reduce 661,858 by 71.97 percent",percent_decrease,percent_decrease,0.9958616,True
"Could you simple interest on 5,530,340 at 14.86% for 20 years?",simple_interest,simple_interest,0.9990459,True
"Help me evaluate the square root of 2,627,641 please",square_root,square_root,0.9998362,True
"Work out what remains after reducing 1,961,578 by 53.4% if possible",percent_decrease,percent_decrease,0.81029993,True
"I want to calculate calculate 593,052 - 21,217 for me",subtraction,subtraction,0.9868477,True
"Figure out what value of x satisfies 26x - 860 = -5,540 exactly",equation,equation,0.9993799,True
"I need you to add 923,746 to 13,338 if possible",addition,addition,0.992301,True
"I need you to increase 964,745 by 73.5%?",percent_increase,percent_increase,0.999603,True
"Figure out grow 1,240,514 by 12.52 percent please",percent_increase,percentage,0.40387797,False
"Figure out find the maximum for -15,420, 5,530, -11,636, 17,379, -3,048, 17,870 please",statistics,statistics,0.9018686,True
"I need you to work out the standard deviation from these numbers -15,362, -4,158, 1,262, 4,288, 9,493, 19,357, 4,617, 5,646, 7,889, -17,750?",statistics,statistics,0.99808073,True
Tell me what is sin(359.57) for me,trigonometry,percentage,0.25128594,False
"I want to calculate calculate the average of 15,025, -6,614, -11,852, -16,594, 13,657",statistics,statistics,0.9885959,True
"Could you evaluate ln(100,000) if possible",logarithm,logarithm,0.96655464,True
"Help me decrease 757,700 by 60.34%",percent_decrease,percent_decrease,0.9995547,True
"Figure out calculate CAGR if 211,674 grows to 309,954 in 9 years exactly",cagr,cagr,0.9993781,True
Can you evaluate 480^8 exactly,power,power,0.99980754,True
"Turn 90,710.55 degrees F into Celsius exactly",unit_conversion,trigonometry,0.9342851,False
Work out raise 800 to the 4th power?,power,power,0.9996482,True
"Please what monthly payment would I have for 5,212,986 at 2.94% over 19 years if possible",emi,emi,0.9977539,True
"Please take 15,987 away from 1,044,661 exactly",subtraction,subtraction,0.9996401,True
"I need you to calculate 1,092,603 + 12,197 for me",addition,addition,0.9977429,True
Help me evaluate 772^2 if possible,power,power,0.9999385,True
Could you evaluate ln(10) exactly,logarithm,logarithm,0.9395271,True
"Help me work out 57.29% of 1,007,723 for me",percentage,percentage,0.9966239,True
"Can you what is the maximum in this list: -17,816, 1,533, 11,505",statistics,statistics,0.55737555,True
"Help me what monthly payment would I have for 6,886,569 at 13.07% over 5 years if possible",emi,emi,0.9972541,True
"Please what monthly payment would I have for 2,208,618 at 8.34% over 2 years for me",emi,emi,0.9985844,True
I'd like to know calculate 678 to the power of 4?,power,power,0.999998,True
"Can you calculate the EMI on 6,793,402 at 20.78% for 12 years please",emi,emi,0.6439021,True
"Work out what is 173,784 times 20,148 please",multiplication,multiplication,0.9947752,True
"Tell me add 232,691 to 10,870 for me",addition,addition,0.9948849,True
"I want to calculate what value of x satisfies 87x + 633 = 8,985 exactly",equation,equation,0.9992211,True
Can you evaluate factorial(13) please,factorial,factorial,0.9859978,True
"How many miles are 94,176.15 km exactly",unit_conversion,unit_conversion,0.993622,True
Could you work out the following expression: sqrt(1589) + 450 for me,generic_expression,generic_expression,0.7822088,True
"Please evaluate the square root of 17,631,601 if possible",square_root,square_root,0.99973947,True
"I need you to what does 1,651,961 become after a 62.18% increase if possible",percent_increase,percent_increase,0.99841464,True
"I want to calculate what remains after reducing 1,610,792 by 28.02% exactly",percent_decrease,percent_decrease,0.6911241,True
"Help me decrease 1,501,154 by 39.49% exactly",percent_decrease,percent_decrease,0.9996258,True
I'd like to know what is tan(71.21)?,trigonometry,percentage,0.29511055,False
Can you evaluate cos at 139.11 degrees please,trigonometry,trigonometry,0.9996997,True
I want to calculate calculate 754 to the power of 12 please,power,power,0.99999404,True
Help me what does (4554 + 521) * 2 come to if possible,generic_expression,multiplication,0.5603739,False
"Help me solve 61x + 888 = -20,828?",equation,equation,0.99955004,True
"Can you calculate 67.8 percent of 1,420,966 exactly",percentage,percentage,0.9944323,True
"Could you calculate 31.01 percent of 1,698,977 if possible",percentage,percentage,0.99557257,True
"Please solve 30x + 14 = 4,004?",equation,equation,0.99985933,True
"I need you to what is the natural log of 1,000?",logarithm,logarithm,0.7821695,True
"Convert 31,059.19 pounds into kilograms if possible",unit_conversion,unit_conversion,0.9276497,True
"Could you CAGR from 440,343 to 1,448,742 over 17 years?",cagr,cagr,0.96537834,True
"I want to calculate what is the root of 18,178,825 exactly",square_root,square_root,0.9514162,True
Work out give me the value of 1013 - (446 / 9)?,generic_expression,generic_expression,0.8463271,True
"Could you add 211,725 to 442 if possible",addition,addition,0.9951174,True
I want to calculate what is 42 power 5 if possible,power,power,0.9997764,True
I need you to give me the value of log10(1000) + 782?,generic_expression,logarithm,0.5814814,False
"Could you what is 214,373 times 3,312 if possible",multiplication,multiplication,0.99594563,True
"I need you to how much simple interest does 3,467,289 earn at 5.66% for 1 years?",simple_interest,simple_interest,0.99788326,True
"Figure out take 5,903 away from 1,575,480 exactly",subtraction,subtraction,0.99889344,True
"Help me take 639 away from 1,884,338?",subtraction,subtraction,0.99963605,True
"I want to calculate add 55.41% to 1,936,535 for me",percent_increase,percent_increase,0.99853563,True
Figure out raise 464 to the 8th power?,power,power,0.99955887,True
Work out what is 713 power 11 for me,power,power,0.9981652,True
"I need you to what amount is 89.09% of 1,584,343 if possible",percentage,percentage,0.9999238,True
"Please add 16.44% to 1,339,409 exactly",percent_increase,percent_increase,0.9981982,True
"I need you to find the minimum for 16,651, 9,468, -2,402, 4,228, -12,208, -15,468 for me",statistics,statistics,0.99358624,True
Work out evaluate 829^5?,power,power,0.99998045,True
"I'd like to know grow 1,445,530 by 90.68 percent if possible",percent_increase,percent_increase,0.32097074,True
"Tell me what is 1,974,344 minus 12,988?",subtraction,subtraction,0.9965777,True
"Tell me divide 1,543,104 by 1,692?",division,division,0.99960965,True
"Work out how much compound interest does 6,029,216 earn at 9.74% for 3 years for me",compound_interest,compound_interest,0.99730116,True
"Can you evaluate the square root of 784,996?",square_root,square_root,0.9999186,True
"Could you work out 17% of 9,476?",percentage,percentage,0.99863666,True
I'd like to know calculate 11! exactly,factorial,factorial,0.8991882,True
"Convert 32,755.15 pounds into kilograms exactly",unit_conversion,unit_conversion,0.91104954,True
"Could you add 819,429 to 24,836?",addition,addition,0.9932868,True
"Tell me find the compound annual growth rate from 621,500 to 721,842 over 5 years if possible",cagr,cagr,0.9976083,True
"Turn 88,307.46 degrees F into Celsius",unit_conversion,trigonometry,0.9626059,False
"Could you add 1,200,028 to 4,224",addition,addition,0.9957961,True
"Tell me find the square root of 2,213,620",square_root,square_root,0.99991107,True
"Convert 45,322.8 pounds into kilograms?",unit_conversion,unit_conversion,0.9244626,True
"Could you what is 1,654,147 times 19,239 exactly",multiplication,multiplication,0.9938751,True
Work out what does (1347 - 230) / 4 come to if possible,generic_expression,generic_expression,0.4248109,True
"Convert 81,756.62 pounds into kilograms for me",unit_conversion,unit_conversion,0.93683606,True
"Can you how much compound interest does 4,996,919 earn at 20.69% for 2 years exactly",compound_interest,compound_interest,0.99556434,True
"I'd like to know calculate SI for 1,380,128 with rate 6.79% and time 22 years if possible",simple_interest,simple_interest,0.9987233,True
"I'd like to know add 305,687 to 13,292 for me",addition,addition,0.9924225,True
"I need you to work out the standard deviation from these numbers -7,516, 3,055, 6,449, 19,887, 12,104 if possible",statistics,statistics,0.9979693,True
I need you to work out the following expression: 764 - (792 / 2) exactly,generic_expression,generic_expression,0.98904335,True
"Could you find the product of 1,913,962 and 9,837",multiplication,multiplication,0.99878985,True
"Help me simple interest on 5,852,908 at 18.88% for 1 years please",simple_interest,simple_interest,0.9992849,True
Figure out raise 390 to the 11th power if possible,power,power,0.99988234,True
"Please calculate log10(100,000) please",logarithm,logarithm,0.9986021,True
"Could you calculate SI for 2,910,685 with rate 20.87% and time 4 years for me",simple_interest,simple_interest,0.9981857,True
"Please calculate the EMI on 1,106,784 at 17.32% for 13 years?",emi,emi,0.6315679,True
"Can you multiply 1,020,065 by 9,718 if possible",multiplication,multiplication,0.9992323,True
"I need you to solve 13x + 915 = 2,826 exactly",equation,equation,0.99958426,True
"Work out evaluate ln(10,000) if possible",logarithm,logarithm,0.96822727,True
Tell me raise 583 to the 11th power if possible,power,power,0.99990106,True
"Could you calculate CI for 780,391 with rate 12.11% and time 24 years?",compound_interest,compound_interest,0.9979966,True
"Figure out calculate CI for 4,848,842 with rate 13.35% and time 6 years please",compound_interest,compound_interest,0.9985507,True
Could you what does sqrt(1810) + 285 come to for me,generic_expression,square_root,0.9842249,False
"Figure out grow 1,122,030 by 94.17 percent for me",percent_increase,percentage,0.34289235,False
"Can you what monthly payment would I have for 242,389 at 19.29% over 16 years for me",emi,emi,0.9985677,True
"Tell me what remains after reducing 1,556,666 by 84.73%?",percent_decrease,percent_decrease,0.85651356,True
"Help me calculate the median of -17,275, 16,195, 3,497, 10,052, -15,119, -4,626 please",statistics,statistics,0.6714265,True
"Tell me solve 94x + 315 = -6,923?",equation,equation,0.99962676,True
Tell me what is 778 power 7?,power,power,0.99863285,True
I want to calculate evaluate ln(10) exactly,logarithm,logarithm,0.8072,True
"Figure out what does 1,442,613 become after a 0.86% increase exactly",percent_increase,percent_increase,0.9970722,True
I need you to raise 708 to the 2th power?,power,power,0.99973184,True
"I want to calculate calculate log10(100,000) please",logarithm,logarithm,0.9981187,True
"I'd like to know decrease 285,109 by 14.69% for me",percent_decrease,percent_decrease,0.998531,True
"I need you to evaluate ln(10,000) for me",logarithm,logarithm,0.9416651,True
"Work out determine x from 12x - 268 = -3,376",equation,equation,0.9998221,True
"I need you to find the minimum for 12,596, 3,320, 5,511, -2,867, 1,253, -2,130, -8,560, 3,649, -4,254, -17,560, -12,386, 1,186 for me",statistics,statistics,0.99812394,True
"Help me divide 870,325 by 154 please",division,division,0.9995964,True
"Please reduce 876,460 by 19.62 percent please",percent_decrease,percent_decrease,0.9942246,True
"I want to calculate work out the standard deviation from these numbers -19,318, -19,706, -9,867?",statistics,statistics,0.99809116,True
"Work out calculate 1,761,937 / 2,045 if possible",division,division,0.9958033,True
I need you to what does 16 factorial equal if possible,factorial,factorial,0.6671972,True
Can you calculate 12! please,factorial,factorial,0.4913005,True
"Can you what is the variance in this list: 18,147, 16,212, -16,246, 9,246, -19,373, -7,167, 596, 5,502, -5,086, 5,538, 11,767, -14,008 please",statistics,statistics,0.86074346,True
"I'd like to know find the compound annual growth rate from 1,406,669 to 3,861,854 over 2 years please",cagr,cagr,0.9971011,True
"Could you what is the natural log of 639,824.04 for me",logarithm,logarithm,0.69669354,True
"Can you find the total of 798,188 and 20,434 exactly",addition,addition,0.99792886,True
"I'd like to know calculate sqrt(16,785,409) exactly",square_root,square_root,0.9769374,True
"Convert 36,961.19 Celsius to Fahrenheit?",unit_conversion,unit_conversion,0.9215985,True
"I'd like to know calculate log10(100,000) please",logarithm,logarithm,0.997766,True
"Could you what remains after reducing 729,246 by 18.99% please",percent_decrease,percent_decrease,0.8452692,True
Can you evaluate factorial(4) please,factorial,factorial,0.9941413,True
Could you evaluate this expression: (4668 - 772) / 25 for me,generic_expression,generic_expression,0.9991716,True
"Could you tell me 45.34 percent of 1,447,449 if possible",percentage,percentage,0.992755,True
"Tell me work out the standard deviation from these numbers 11,322, 16,591, -8,717, -2,392, -7,106, 3,712, 15,471, 19,190 please",statistics,statistics,0.99846375,True
I want to calculate evaluate this expression: (1725 - 397) / 10 please,generic_expression,generic_expression,0.9996468,True
"Help me divide 354,855 by 1,446 please",division,division,0.9997323,True
"Tell me add 557,226 to 19,399 if possible",addition,addition,0.99488384,True
"Tell me monthly EMI for a loan of 5,496,889 at 9.26% over 10 years for me",emi,emi,0.99999607,True
"Please compound interest on 4,229,469 at 2.21% for 14 years",compound_interest,compound_interest,0.9990175,True
"Can you calculate 7,228 * 17,314?",multiplication,multiplication,0.9991165,True
I want to calculate what is tan(280.84),trigonometry,percentage,0.41021287,False
"Help me find the product of 1,945,800 and 8,406 if possible",multiplication,multiplication,0.99831617,True
"Figure out calculate 37.18 percent of 35,256 for me",percentage,percentage,0.9927933,True
"How many pounds is 58,752.65 kg?",unit_conversion,unit_conversion,0.99627435,True
"Work out divide 1,745,353 by 729",division,division,0.9996551,True
"Please how much simple interest does 5,990,569 earn at 21.39% for 7 years please",simple_interest,simple_interest,0.9975097,True
"Could you work out 34.74% of 852,836",percentage,percentage,0.9951349,True
"Please find the square root of 21,864,976?",square_root,square_root,0.9999224,True
"Help me find the quotient of 1,737,146 and 1,245",division,division,0.9993437,True
"Please find the compound annual growth rate from 748,402 to 1,088,554 over 17 years if possible",cagr,cagr,0.9980743,True
"Please tell me 63.49 percent of 427,239 exactly",percentage,percentage,0.9824821,True
Could you evaluate factorial(5),factorial,factorial,0.987258,True
"Work out monthly EMI for a loan of 7,772,286 at 16.66% over 14 years if possible",emi,emi,0.99998796,True
"I'd like to know how much compound interest does 6,876,189 earn at 21.78% for 16 years?",compound_interest,compound_interest,0.9953614,True
"Convert 79,670.85 pounds into kilograms if possible",unit_conversion,unit_conversion,0.9345415,True
"I need you to tell me 93.79 percent of 597,023 please",percentage,percentage,0.9799202,True
"Could you calculate 838,794 / 1,738 please",division,division,0.99842715,True
"I need you to find the standard deviation for 1,334, 7,127, -19,795, 4,003, -3,840, 19,916 exactly",statistics,statistics,0.99729365,True
"I want to calculate reduce 1,151,076 by 83.75 percent?",percent_decrease,percent_decrease,0.9885457,True
"I need you to reduce 1,036,289 by 54.96 percent for me",percent_decrease,percent_decrease,0.99237156,True
"I want to calculate CAGR from 1,222,547 to 5,484,941 over 9 years?",cagr,cagr,0.99418795,True
"Figure out add 2.44% to 612,871 please",percent_increase,percent_increase,0.99682945,True
Can you what is 856 power 10,power,power,0.9992919,True
"Work out what is 828,673 plus 1,106 for me",addition,addition,0.9950504,True
Help me evaluate sin at 94.43 degrees,trigonometry,trigonometry,0.99987257,True
Tell me calculate the sine of 253.42 degrees for me,trigonometry,trigonometry,0.99988866,True
"Could you calculate SI for 6,202,510 with rate 10.48% and time 25 years if possible",simple_interest,simple_interest,0.99899536,True
Work out raise 303 to the 9th power exactly,power,power,0.9998977,True
"I'd like to know calculate log10(10,000)",logarithm,logarithm,0.99933016,True
I need you to calculate the sine of 215.02 degrees,trigonometry,trigonometry,0.99987316,True
"Help me calculate sqrt(7,480,225) exactly",square_root,square_root,0.99002624,True
Tell me what is 115 power 2 exactly,power,power,0.99433786,True
"I want to calculate add 15.99% to 136,722 if possible",percent_increase,percent_increase,0.99559623,True
"Can you what is the natural log of 10,000 if possible",logarithm,logarithm,0.87450767,True
"Help me simple interest on 2,099,630 at 2.69% for 12 years",simple_interest,simple_interest,0.99966276,True
"I'd like to know calculate log10(124,724) for me",logarithm,logarithm,0.99758327,True
"Tell me what value of x satisfies 99x - 756 = -32,535 if possible",equation,equation,0.9996439,True
"I need you to find the quotient of 586,008 and 574?",division,division,0.999191,True
"I need you to what is 1,585,470 divided by 2,404 exactly",division,division,0.9962296,True
"Can you monthly EMI for a loan of 4,389,811 at 21.19% over 15 years for me",emi,emi,0.99999356,True
"I want to calculate divide 6,044,864 by 1,648 for me",division,division,0.99724364,True
"Can you evaluate the square root of 22,771,984",square_root,square_root,0.9998487,True
"Please subtract 75.24% from 86,217 if possible",percent_decrease,percent_decrease,0.99883,True
"Figure out what is 167,312 plus 8,378 exactly",addition,addition,0.99216557,True
"Work out compound interest on 7,809,100 at 6.97% for 9 years if possible",compound_interest,compound_interest,0.99910104,True
"Tell me increase 83,138 by 22.93% for me",percent_increase,percent_increase,0.99962735,True
"Tell me calculate sqrt(11,344,254) if possible",square_root,square_root,0.99693716,True
I want to calculate find sine for an angle of 129.79 degrees if possible,trigonometry,trigonometry,0.9998623,True
I need you to give me the value of sqrt(2411) + 511 for me,generic_expression,square_root,0.8660019,False
I'd like to know evaluate this expression: 414^5 + 860,generic_expression,generic_expression,0.9914375,True
"Convert 79,322.74 pounds into kilograms for me",unit_conversion,unit_conversion,0.9181907,True
"Please calculate the EMI on 2,284,406 at 8.38% for 14 years?",emi,emi,0.6378694,True
"Could you CAGR from 1,271,810 to 2,985,166 over 18 years?",cagr,cagr,0.98280025,True
"Tell me simple interest on 4,385,586 at 12.3% for 18 years",simple_interest,simple_interest,0.99966836,True
"Help me what is the variance in this list: 3,583, 14,785, 2,044 for me",statistics,statistics,0.50205916,True
"Can you find the total of 1,410,321 and 22,333 for me",addition,addition,0.99826187,True
"Tell me take 23,956 away from 1,588,235?",subtraction,subtraction,0.9996232,True
"Tell me find the product of 847,417 and 492 for me",multiplication,multiplication,0.9985304,True
"I'd like to know evaluate the square root of 16,524,225 for me",square_root,square_root,0.999419,True
I want to calculate work out the following expression: log10(1000) + 331 for me,generic_expression,generic_expression,0.9596149,True
Work out calculate 490 to the power of 5 if possible,power,power,0.9999924,True
"I'd like to know what is 461,445 divided by 2,056",division,division,0.9981603,True
"Convert 26,708.2 miles into km if possible",unit_conversion,unit_conversion,0.9781684,True
"I'd like to know multiply 1,932,529 by 7,155",multiplication,multiplication,0.999263,True
"Figure out work out 67.05% of 1,482,441",percentage,percentage,0.998415,True
Work out evaluate factorial(15) for me,factorial,factorial,0.99529356,True
"I need you to compound interest on 1,748,507 at 17.06% for 16 years if possible",compound_interest,compound_interest,0.9981183,True
"Help me what is the maximum in this list: 13,456, 16,371, -14,547 please",statistics,statistics,0.44685397,True
"I need you to what is the standard deviation in this list: -16,183, 15,170, -3,305, -2,426, 15,779, -12,245 if possible",statistics,statistics,0.9953998,True
"Could you take 22,534 away from 75,944?",subtraction,subtraction,0.9996643,True
I'd like to know work out the following expression: 1835 * 9 + 817,generic_expression,generic_expression,0.9915338,True
"Convert 94,764.92 miles into km?",unit_conversion,unit_conversion,0.9759695,True
"Could you what is the root of 16,673,725?",square_root,square_root,0.9892235,True
"Work out what remains after reducing 1,032,221 by 13.57% for me",percent_decrease,percent_decrease,0.8167667,True
Tell me what is tan(185.71) for me,trigonometry,percentage,0.24662063,False
"Figure out increase 778,778 by 47.05% for me",percent_increase,percent_increase,0.99942565,True
"Convert 89,440.01 feet into meters if possible",unit_conversion,unit_conversion,0.98964244,True
"Figure out take 10,357 away from 814,108",subtraction,subtraction,0.99927443,True
I'd like to know what is 563 power 3?,power,power,0.99975294,True
"Work out subtract 53.03% from 1,852,241",percent_decrease,percent_decrease,0.99720085,True
"I need you to how much compound interest does 116,940 earn at 14.75% for 4 years",compound_interest,compound_interest,0.9976973,True
Could you evaluate this expression: (3427 - 587) / 17 exactly,generic_expression,generic_expression,0.99912983,True
"Can you calculate sqrt(11,909,401) for me",square_root,square_root,0.9903526,True
"Could you what value of x satisfies 41x - 487 = 2,260 please",equation,equation,0.99977416,True
"I'd like to know add 1,524,289 to 15,477 please",addition,addition,0.9955389,True
"I want to calculate determine x from 96x + 828 = 14,556 if possible",equation,equation,0.99973696,True
"I need you to what is the root of 21,910,882",square_root,square_root,0.9889242,True
Could you calculate 354 to the power of 4?,power,power,0.99999523,True
"Turn 73,598.65 degrees F into Celsius",unit_conversion,trigonometry,0.97048867,False
"Can you what is 292,714 divided by 336",division,division,0.99961793,True
"Figure out find the compound annual growth rate from 1,445,161 to 2,856,416 over 19 years exactly",cagr,cagr,0.9947154,True
"Figure out calculate the mean of 7,309, 11,039, 19,357, 15,317, 17,538 exactly",statistics,statistics,0.32936808,True
"Please calculate the EMI on 7,407,319 at 7.83% for 7 years?",emi,emi,0.6587599,True
"Help me find the total of 895,030 and 15,189 exactly",addition,addition,0.9985678,True
"Could you calculate log10(10,000) if possible",logarithm,logarithm,0.9991416,True
"Can you calculate log10(658,289.64)",logarithm,logarithm,0.9987956,True
"Help me what is the variance in this list: 8,500, -1,369, -10,998, -6,454, -11,661 please",statistics,statistics,0.80844975,True
"Tell me determine x from 67x + 448 = -13,086 please",equation,equation,0.9997445,True
"I'd like to know take 20,874 away from 1,838,590 exactly",subtraction,subtraction,0.99922514,True
Work out what is tan(356.5) if possible,trigonometry,percentage,0.3517726,False
"Can you compound interest on 4,011,120 at 20.32% for 17 years exactly",compound_interest,compound_interest,0.9983012,True
"I want to calculate take 16,525 away from 1,015,165 exactly",subtraction,subtraction,0.9979042,True
"Figure out evaluate the square root of 16,192,576 please",square_root,square_root,0.9998266,True
"Please how much simple interest does 4,499,231 earn at 3.86% for 25 years please",simple_interest,simple_interest,0.99757105,True
"I need you to what is 1,352,041 times 1,699 if possible",multiplication,multiplication,0.9940513,True
"Work out compound interest on 3,225,524 at 19.7% for 19 years for me",compound_interest,compound_interest,0.9992937,True
I need you to give me the value of 3909 - (295 / 17)?,generic_expression,generic_expression,0.8142722,True
"Can you what monthly payment would I have for 2,239,988 at 11.02% over 8 years exactly",emi,emi,0.9972042,True
"I want to calculate evaluate ln(800,238.55)",logarithm,logarithm,0.9533549,True
"Tell me calculate 1,226,240 + 7,347?",addition,addition,0.99758613,True
"I need you to grow 1,521,847 by 38.43 percent",percent_increase,percentage,0.3800352,False
"I need you to what monthly payment would I have for 7,200,705 at 8.67% over 5 years if possible",emi,emi,0.9970771,True
"I want to calculate calculate 62.71 percent of 1,817,858 please",percentage,percentage,0.9955331,True
"Help me find the square root of 16,064,064",square_root,square_root,0.9998467,True
"I want to calculate decrease 74,745 by 46.17% for me",percent_decrease,percent_decrease,0.99916625,True
"Tell me what does 55,589 become after a 41.01% increase exactly",percent_increase,percent_increase,0.9975581,True
"Can you find the quotient of 700,715 and 1,961?",division,division,0.9992899,True
"Could you increase 559,038 by 37.36%",percent_increase,percent_increase,0.99965537,True
"Can you add 1,626,961 to 21,599?",addition,addition,0.9932447,True
"Please evaluate the square root of 9,922,500",square_root,square_root,0.99977845,True
"I need you to decrease 1,205,977 by 27.58% for me",percent_decrease,percent_decrease,0.99941707,True
"How many pounds is 59,410.12 kg",unit_conversion,unit_conversion,0.9965366,True
"Tell me evaluate ln(10,000) if possible",logarithm,logarithm,0.96900374,True
"I need you to CAGR from 864,536 to 1,783,714 over 8 years?",cagr,cagr,0.97129625,True
"I want to calculate increase 518,810 by 91.2% if possible",percent_increase,percent_increase,0.99960655,True
"Could you what value of x satisfies 63x + 758 = 11,657 if possible",equation,equation,0.99977165,True
"I need you to calculate CI for 6,268,074 with rate 9.2% and time 4 years if possible",compound_interest,compound_interest,0.99746037,True
"Can you increase 909,076 by 67.11% for me",percent_increase,percent_increase,0.99950325,True
"Can you monthly EMI for a loan of 6,387,424 at 9.04% over 6 years exactly",emi,emi,0.99998975,True
"Can you compound interest on 7,953,347 at 16.87% for 7 years?",compound_interest,compound_interest,0.99885213,True
"I need you to compound interest on 6,247,895 at 10.27% for 17 years for me",compound_interest,compound_interest,0.9983839,True
"I need you to find the square root of 21,279,792 please",square_root,square_root,0.99983954,True
Help me evaluate this expression: 2135^3 + 541,generic_expression,generic_expression,0.99810034,True
"I'd like to know find the product of 1,431,953 and 2,658 exactly",multiplication,multiplication,0.9972459,True
Figure out what is 704 power 2,power,power,0.9980129,True
"I need you to tell me 56.83 percent of 615,174 exactly",percentage,percentage,0.9709868,True
"I need you to how much compound interest does 845,627 earn at 12.39% for 17 years if possible",compound_interest,compound_interest,0.9959557,True
"Please what is 1,995,247 times 17,227 exactly",multiplication,multiplication,0.99370664,True
Please raise 947 to the 4th power for me,power,power,0.99997604,True
Figure out evaluate this expression: 1388^5 + 340 for me,generic_expression,generic_expression,0.9947466,True
"I need you to calculate 1,840,025 + 265 please",addition,addition,0.9980971,True
Please calculate 93 to the power of 10,power,power,0.9999999,True
I want to calculate evaluate this expression: 1667 - (10 / 19)?,generic_expression,generic_expression,0.9995808,True
"Tell me what value of x satisfies 7x - 129 = -2,628 for me",equation,equation,0.99971205,True
"I need you to find the product of 1,353,723 and 21,741?",multiplication,multiplication,0.99873763,True
Could you evaluate factorial(12) if possible,factorial,factorial,0.97131497,True
"Work out what remains after reducing 1,421,344 by 61.37%?",percent_decrease,percent_decrease,0.8464746,True
"I'd like to know what is the median in this list: 3,487, -4,381, -14,546",statistics,statistics,0.6370076,True
"I need you to find the compound annual growth rate from 231,162 to 991,587 over 5 years for me",cagr,cagr,0.99642485,True
I need you to find the factorial for 19 exactly,factorial,factorial,0.99698955,True
"Could you evaluate ln(1,000)?",logarithm,logarithm,0.99635446,True
"Please subtract 870 from 714,913?",subtraction,subtraction,0.9947984,True
I'd like to know calculate the cosine of 207.35 degrees if possible,trigonometry,trigonometry,0.9998754,True
"Work out calculate the average of 15,019, 17,713, -6,441, -12,313, -7,461, -14,541, 14,475, 18,103, 7,457, -16,989, -3,175, 16,969 if possible",statistics,statistics,0.9936621,True
"Please compound interest on 6,127,890 at 16.99% for 24 years?",compound_interest,compound_interest,0.9983758,True
"Help me what is the root of 16,564,900?",square_root,square_root,0.9766514,True
"Please subtract 76.53% from 389,344",percent_decrease,percent_decrease,0.9984724,True
"Help me find the square root of 4,112,784 please",square_root,square_root,0.99991643,True
"Tell me calculate 1,271,351 + 13,704 for me",addition,addition,0.9970636,True
"I'd like to know tell me 2.72 percent of 1,167,257 exactly",percentage,percentage,0.98677874,True
"Can you calculate CAGR if 628,128 grows to 665,522 in 5 years if possible",cagr,cagr,0.9997633,True
"Help me work out 50.72% of 1,803,239 exactly",percentage,percentage,0.99865496,True
"Help me what is 1,177,403 times 16,006 for me",multiplication,multiplication,0.99571913,True
Could you work out the following expression: log10(100) + 134?,generic_expression,generic_expression,0.9328186,True
Help me evaluate this expression: (1374 + 488) * 18 please,generic_expression,generic_expression,0.999337,True
"Can you calculate the median of 16,553, 19,853, -3,397 for me",statistics,statistics,0.47768074,True
Work out give me the value of (4515 - 681) / 15 exactly,generic_expression,generic_expression,0.8652633,True
"I'd like to know find the product of 570,421 and 6,417 exactly",multiplication,multiplication,0.9963988,True
Figure out evaluate ln(100) please,logarithm,logarithm,0.9266105,True
"Could you calculate 4,488,397 / 2,161 for me",division,division,0.9941724,True
I'd like to know what is 596 power 2?,power,power,0.9997297,True
"Work out calculate sqrt(2,022,413)",square_root,square_root,0.9954763,True
Could you calculate 20! if possible,factorial,power,0.18708654,False
"Work out determine x from 100x + 979 = -38,821",equation,equation,0.99961394,True
"Please multiply 618,177 by 22,162 exactly",multiplication,multiplication,0.9980275,True
"Can you compound interest on 2,218,752 at 12.52% for 9 years if possible",compound_interest,compound_interest,0.99828005,True
"Work out evaluate ln(100,000) please",logarithm,logarithm,0.94133943,True
Help me evaluate sin at 17.06 degrees if possible,trigonometry,trigonometry,0.99972504,True
Can you what is 600 power 11 please,power,power,0.9987476,True
"I'd like to know calculate CAGR if 1,633,421 grows to 2,021,336 in 5 years for me",cagr,cagr,0.9996171,True
"Help me subtract 22.46% from 1,166,789 please",percent_decrease,percent_decrease,0.9979468,True
"Turn 99,506.95 degrees F into Celsius if possible",unit_conversion,trigonometry,0.9513865,False
"Work out what is 1,122,569 plus 12,710 if possible",addition,addition,0.9936365,True
Please evaluate ln(10) exactly,logarithm,logarithm,0.9241394,True
"Turn 90,810.38 degrees F into Celsius if possible",unit_conversion,trigonometry,0.95401996,False
"Can you calculate the EMI on 504,511 at 12.33% for 7 years exactly",emi,emi,0.6875986,True
"Can you how much compound interest does 4,204,622 earn at 20.62% for 14 years please",compound_interest,compound_interest,0.99611735,True
"Work out calculate the mode of -3,767, 19,402, 5,931, 15,709, -5,456, 5,297, -17,871, 10,461, 12,937, -2,640 exactly",statistics,statistics,0.9951798,True
Tell me what does 6 factorial equal for me,factorial,factorial,0.9866421,True
"I'd like to know add 35.33% to 919,281 please",percent_increase,percent_increase,0.99821883,True
"Work out find the product of 198,183 and 22,399 for me",multiplication,multiplication,0.99743736,True
"Can you CAGR from 1,402,540 to 5,950,064 over 1 years exactly",cagr,cagr,0.97437614,True
"Tell me what value of x satisfies 98x + 675 = 27,429 please",equation,equation,0.9996567,True
"Help me find the product of 671,680 and 24,533 if possible",multiplication,multiplication,0.9986085,True
"Could you what is 973,171 times 14,443 for me",multiplication,multiplication,0.9961456,True
"I want to calculate CAGR from 1,443,664 to 4,603,476 over 7 years?",cagr,cagr,0.99411434,True
"Please find the quotient of 473,751 and 210 please",division,division,0.9994759,True
Can you calculate 14!,factorial,factorial,0.39360404,True
"Figure out take 6,658 away from 201,440?",subtraction,subtraction,0.9992004,True
"I want to calculate what amount is 65.83% of 396,079 for me",percentage,percentage,0.999778,True
I want to calculate give me the value of (3439 - 381) / 23?,generic_expression,generic_expression,0.91607964,True
"Tell me calculate CI for 7,988,949 with rate 6.25% and time 22 years",compound_interest,compound_interest,0.9993094,True
Help me find x where 19x + 435 equals -382?,equation,addition,0.2531029,False
"Help me find x where 83x + 2 equals -14,274",equation,addition,0.27160645,False
"Please increase 1,159,828 by 17.88%?",percent_increase,percent_increase,0.9996896,True
I want to calculate what is 541 power 3?,power,power,0.9996295,True
"Can you CAGR from 1,501,121 to 5,686,295 over 18 years",cagr,cagr,0.9880585,True
"Work out calculate 65.27 percent of 1,348,251?",percentage,percentage,0.9972362,True
"Figure out subtract 14,264 from 1,654,920 if possible",subtraction,subtraction,0.99713373,True
"Can you calculate SI for 910,939 with rate 12.02% and time 14 years if possible",simple_interest,simple_interest,0.99924856,True
Help me evaluate cos at 304.04 degrees exactly,trigonometry,trigonometry,0.999423,True
"I'd like to know what is the natural log of 659,871.73 if possible",logarithm,logarithm,0.5121031,True
"Help me calculate CI for 6,491,628 with rate 3% and time 7 years",compound_interest,compound_interest,0.99981457,True
Help me calculate the tangent of 62.49 degrees exactly,trigonometry,trigonometry,0.9999083,True
"I'd like to know multiply 1,251,487 by 24,558",multiplication,multiplication,0.9989806,True
"I'd like to know find the square root of 22,496,049",square_root,square_root,0.9998859,True
"Please calculate CAGR if 1,247,144 grows to 4,197,889 in 14 years for me",cagr,cagr,0.99957424,True
"Could you take 24,261 away from 261,889 for me",subtraction,subtraction,0.99893695,True
"Help me calculate 1,385,028 - 13,285 exactly",subtraction,subtraction,0.99624145,True
"I'd like to know find the base 10 log of 1,000?",logarithm,logarithm,0.9484394,True
"I want to calculate subtract 20,782 from 76,479 please",subtraction,subtraction,0.9887311,True
"Could you what is 611,084 times 10,355 exactly",multiplication,multiplication,0.9954541,True
"I'd like to know decrease 351,514 by 30.5% please",percent_decrease,percent_decrease,0.9992047,True
I want to calculate find tangent for an angle of 120.6 degrees,trigonometry,trigonometry,0.99994373,True
"Work out work out the standard deviation from these numbers 18,324, 15,289, 15,819 if possible",statistics,statistics,0.9962351,True
"Tell me find the compound annual growth rate from 1,569,727 to 6,747,685 over 17 years?",cagr,cagr,0.9936679,True
"I need you to tell me 48.58 percent of 1,734,290?",percentage,percentage,0.9893378,True
"Tell me CAGR from 627,343 to 2,675,038 over 3 years if possible",cagr,cagr,0.9945116,True
I'd like to know evaluate factorial(14),factorial,factorial,0.9895628,True
"Can you work out 22.19% of 293,130",percentage,percentage,0.9962029,True
Please calculate the sine of 2.75 degrees?,trigonometry,trigonometry,0.99988675,True
"Please what is the variance in this list: -6,252, 5,860, -17,501 please",statistics,statistics,0.68611753,True
"I want to calculate evaluate the square root of 1,698,761?",square_root,square_root,0.9994772,True
"I want to calculate work out 77.22% of 164,372 please",percentage,percentage,0.9979716,True
"I need you to simple interest on 1,760,521 at 9.2% for 3 years please",simple_interest,simple_interest,0.9991166,True
Help me what is cos(346.12) exactly,trigonometry,percentage,0.28420958,False
"Please calculate the EMI on 7,651,127 at 18.19% for 5 years",emi,emi,0.6789274,True
"I want to calculate find the base 10 log of 100,000 exactly",logarithm,logarithm,0.91399515,True
"I need you to what is 593,471 times 15,660?",multiplication,multiplication,0.99766976,True
"Work out calculate sqrt(304,216)?",square_root,square_root,0.9994949,True
I want to calculate work out the following expression: sqrt(2964) + 2,generic_expression,generic_expression,0.93907493,True
"Could you work out 12.36% of 1,742,863",percentage,percentage,0.9982968,True
"Figure out subtract 35.66% from 627,965 exactly",percent_decrease,percent_decrease,0.99570173,True
"Please subtract 15,562 from 1,276,879 please",subtraction,subtraction,0.9972613,True
"Figure out calculate sqrt(4,519,876) exactly",square_root,square_root,0.98806936,True
"Could you work out the average from these numbers 1,769, 6,907, -3,283, -11,546, -4,406, -16,650 please",statistics,statistics,0.9977406,True
"How many pounds is 96,405.71 kg please",unit_conversion,unit_conversion,0.9955134,True
"Could you what remains after reducing 695,903 by 79.46% if possible",percent_decrease,percent_decrease,0.82719624,True
"I want to calculate work out the standard deviation from these numbers 14,560, 7,026, 11,865, 2,093, -9,301, 4,759, -12,231, 6,283?",statistics,statistics,0.99893993,True
"Turn 43,887.11 degrees F into Celsius if possible",unit_conversion,trigonometry,0.9529634,False
I need you to what does 10 factorial equal for me,factorial,factorial,0.8934152,True
Can you what is the natural log of 100 please,logarithm,logarithm,0.7746994,True
"I'd like to know evaluate the square root of 2,343,961?",square_root,square_root,0.99980146,True
I need you to evaluate 307^9 if possible,power,power,0.9999707,True
Can you raise 291 to the 4th power exactly,power,power,0.9999201,True
I need you to work out the following expression: (2330 - 100) / 3 if possible,generic_expression,generic_expression,0.99345857,True
"Work out what is 416,207 plus 14,774 for me",addition,addition,0.9946802,True
"I want to calculate what is 543,508 times 22,274 exactly",multiplication,multiplication,0.9758616,True
"I want to calculate CAGR from 1,004,591 to 3,126,703 over 2 years?",cagr,cagr,0.994779,True
"I need you to calculate CAGR if 1,417,762 grows to 6,238,581 in 9 years please",cagr,cagr,0.99922514,True
"Can you increase 640,166 by 37.58%",percent_increase,percent_increase,0.99956816,True
"I want to calculate calculate CI for 2,738,609 with rate 13.7% and time 7 years if possible",compound_interest,compound_interest,0.9982078,True
"Work out add 95.81% to 1,985,674 if possible",percent_increase,percent_increase,0.9991387,True
"Tell me what is 1,245,515 minus 24,845",subtraction,subtraction,0.99394435,True
Can you raise 506 to the 7th power for me,power,power,0.9999808,True
"I'd like to know solve 72x - 159 = -6,711",equation,equation,0.9996196,True
"Tell me calculate CAGR if 300,502 grows to 703,821 in 7 years if possible",cagr,cagr,0.9997757,True
I want to calculate what is the natural log of 100?,logarithm,logarithm,0.5227408,True
"Can you find the product of 442,032 and 7,375 if possible",multiplication,multiplication,0.9981641,True
Please factorial of 2,factorial,factorial,0.9995378,True
"I'd like to know what remains after reducing 1,952,671 by 65.03% exactly",percent_decrease,percent_decrease,0.8189396,True
I want to calculate evaluate ln(10) for me,logarithm,logarithm,0.7616575,True
"Can you compound interest on 755,812 at 19.37% for 13 years for me",compound_interest,compound_interest,0.99910444,True
"Tell me compound interest on 4,304,942 at 8.62% for 1 years?",compound_interest,compound_interest,0.999297,True
"Please add 30.54% to 1,279,306 exactly",percent_increase,percent_increase,0.9989562,True
"Tell me find the standard deviation for -18,023, 16,417, 6,460, -7,293, 10,229, 19,231, 4,941, -8,691 for me",statistics,statistics,0.99851865,True
"Turn 99,001.69 degrees F into Celsius for me",unit_conversion,trigonometry,0.95612645,False
"Figure out calculate CAGR if 1,690,588 grows to 2,895,141 in 20 years",cagr,cagr,0.9997478,True
"Please compound interest on 3,529,881 at 17.79% for 2 years",compound_interest,compound_interest,0.99906534,True
"Could you find the mode for -10,863, -19,279, -16,980?",statistics,statistics,0.98800826,True
"I want to calculate calculate 1,946,141 + 10,617 please",addition,addition,0.9959984,True
"Tell me tell me 53.28 percent of 1,164,929 for me",percentage,percentage,0.9865041,True
"Could you calculate log10(419,670.59) if possible",logarithm,logarithm,0.9981254,True
"I'd like to know what is 1,796,247 minus 24,779 please",subtraction,subtraction,0.99479055,True
"Can you add 2.33% to 1,908,252 if possible",percent_increase,percent_increase,0.99882215,True
"Tell me calculate 592,556 / 883 please",division,division,0.99753785,True
"Figure out decrease 595,050 by 37.89% exactly",percent_decrease,percent_decrease,0.9990695,True
"Work out calculate CI for 7,045,404 with rate 17.42% and time 3 years",compound_interest,compound_interest,0.9985941,True
"Tell me find the total of 240,890 and 12,132 exactly",addition,addition,0.99795,True
Figure out give me the value of 1160^3 + 411,generic_expression,power,0.7982626,False
"Please calculate 92.63 percent of 1,432,997 if possible",percentage,percentage,0.9952893,True
"I want to calculate subtract 68.32% from 1,782,848 please",percent_decrease,percent_decrease,0.9964244,True
"Help me work out 90.08% of 210,627",percentage,percentage,0.99514836,True
"Could you CAGR from 1,647,573 to 3,389,227 over 9 years for me",cagr,cagr,0.99004185,True
"Figure out work out 42.6% of 1,707,789 if possible",percentage,percentage,0.9991399,True
"Help me find the product of 1,273,514 and 11,529?",multiplication,multiplication,0.99870336,True
Figure out what is 804 power 10 exactly,power,power,0.99447423,True
"Tell me find the total of 626,811 and 17,416?",addition,addition,0.9992099,True
"Tell me calculate CAGR if 1,188,236 grows to 1,547,434 in 9 years if possible",cagr,cagr,0.9997373,True
"Could you monthly EMI for a loan of 6,796,042 at 17.21% over 4 years?",emi,emi,0.9999918,True
"I need you to calculate the EMI on 7,584,412 at 18.22% for 17 years?",emi,emi,0.63784295,True
Work out calculate 131 to the power of 10 for me,power,power,0.99999225,True
"I want to calculate grow 1,221,245 by 58.25 percent",percent_increase,percentage,0.56053454,False
"Convert 64,702.98 miles into km if possible",unit_conversion,unit_conversion,0.98449844,True
"Figure out grow 80,292 by 95.49 percent?",percent_increase,percentage,0.3645551,False
"Figure out add 1,486,461 to 1,250 exactly",addition,addition,0.9970029,True
Could you give me the value of (1307 - 88) / 13 exactly,generic_expression,generic_expression,0.811422,True
"Turn 19,443.88 degrees F into Celsius if possible",unit_conversion,trigonometry,0.96029323,False
"Figure out determine x from 80x + 480 = 1,520?",equation,equation,0.9997826,True
"I'd like to know simple interest on 5,819,574 at 15.71% for 1 years for me",simple_interest,simple_interest,0.9990876,True
"Can you what amount is 31.02% of 1,077,583 please",percentage,percentage,0.9999417,True
"I need you to calculate 67.06 percent of 1,644,236 please",percentage,percentage,0.9958289,True
"Help me add 18.19% to 260,517 exactly",percent_increase,percent_increase,0.9967026,True
"Can you calculate sqrt(8,173,881)",square_root,square_root,0.9950617,True
Help me evaluate ln(10) if possible,logarithm,logarithm,0.9590181,True
"Figure out tell me 28.03 percent of 768,989 please",percentage,percentage,0.98886555,True
Can you raise 558 to the 10th power please,power,power,0.9999554,True
"Please what value of x satisfies 92x - 376 = -23,468",equation,equation,0.9996556,True
"Could you what does 1,041,537 become after a 13.74% increase?",percent_increase,percent_increase,0.99836797,True
Help me what is sin(113.31) please,trigonometry,percentage,0.31975082,False
"Figure out find x where 78x - 619 equals 9,755 for me",equation,addition,0.22847289,False
"I want to calculate CAGR from 677,637 to 2,745,359 over 13 years",cagr,cagr,0.9964946,True
"Could you what is the minimum in this list: 1,096, -9,880, -16,335, 17,822, 10,554, -10,657, 7,000, 12,106, -7,042, -9,015 for me",statistics,statistics,0.99519134,True
"Tell me calculate 23.99 percent of 308,840",percentage,percentage,0.99442977,True
"Work out work out the mode from these numbers 3,673, -5,790, 9,441, 5,027, -519, -13,794, -18,349, 11,775, -3,834, 10,893, 18,197, -13,532 exactly",statistics,statistics,0.99649906,True
"Can you how much compound interest does 2,405,681 earn at 17.5% for 6 years please",compound_interest,compound_interest,0.9968256,True
"Can you what is the maximum in this list: 6,198, -16,703, 11,545?",statistics,statistics,0.72608006,True
"Can you calculate 794,203 - 12,382 if possible",subtraction,subtraction,0.9975631,True
"Can you solve 51x + 615 = -15,858 exactly",equation,equation,0.99953973,True
"I want to calculate how much simple interest does 2,566,182 earn at 19.24% for 14 years?",simple_interest,simple_interest,0.9975643,True
I need you to determine x from 39x + 380 = 146 for me,equation,equation,0.9998584,True
"Tell me calculate the average of 3,835, -16,166, 19,644, -8,150, -4,455, 15,707, -2,479, 10,226, 12,047, -5,738 if possible",statistics,statistics,0.9982724,True
"Work out solve 71x - 331 = 6,627 exactly",equation,equation,0.99956197,True
Help me what is 574 power 2 exactly,power,power,0.9940665,True
Figure out what is cos(296.08) please,trigonometry,percentage,0.40779048,False
"Work out monthly EMI for a loan of 5,403,394 at 14.93% over 12 years if possible",emi,emi,0.9999908,True
"Figure out multiply 179,595 by 20,075",multiplication,multiplication,0.9993587,True
"I want to calculate calculate CI for 3,077,940 with rate 4.04% and time 7 years if possible",compound_interest,compound_interest,0.99861574,True
"Could you calculate CI for 2,521,364 with rate 20.17% and time 1 years for me",compound_interest,compound_interest,0.9979011,True
"Figure out monthly EMI for a loan of 5,548,126 at 6.62% over 9 years exactly",emi,emi,0.9999895,True
"Work out find the total of 460,760 and 12,293 if possible",addition,addition,0.9985922,True
"Can you grow 1,275,724 by 4.66 percent if possible",percent_increase,percentage,0.39572307,False
"I want to calculate reduce 293,538 by 68.75 percent if possible",percent_decrease,percent_decrease,0.9856551,True
"How many miles are 32,282.33 km if possible",unit_conversion,unit_conversion,0.9965342,True
"Please how much simple interest does 7,928,824 earn at 3.61% for 6 years please",simple_interest,simple_interest,0.9977822,True
"I want to calculate calculate CAGR if 1,077,280 grows to 4,126,088 in 19 years if possible",cagr,cagr,0.9995802,True
"Convert 95,106.1 Celsius to Fahrenheit for me",unit_conversion,unit_conversion,0.9476135,True
"I need you to calculate CI for 3,012,507 with rate 16.78% and time 10 years please",compound_interest,compound_interest,0.9973463,True
"Figure out how much compound interest does 6,846,057 earn at 4.05% for 24 years please",compound_interest,compound_interest,0.99482465,True
I'd like to know find sine for an angle of 68.64 degrees for me,trigonometry,trigonometry,0.9995443,True
"Please calculate sqrt(5,424,241) if possible",square_root,square_root,0.99259263,True
I need you to factorial of 11 for me,factorial,factorial,0.98999757,True
"Can you what is the variance in this list: 10,427, 10,185, 14,071, -9,253, -16,486?",statistics,statistics,0.5446946,True
"Tell me work out the mode from these numbers -2,910, -4,132, 282, -7,306, 1,737, 7,727, -771, 2,184, 2,764, 8,452 please",statistics,statistics,0.99927086,True
"Help me what is 1,940,376 plus 9,665 for me",addition,addition,0.9941339,True
"I want to calculate find the compound annual growth rate from 483,753 to 574,911 over 1 years please",cagr,cagr,0.9962435,True
"Tell me take 7,262 away from 80,120",subtraction,subtraction,0.9994747,True
"Can you CAGR from 1,391,088 to 1,495,149 over 14 years",cagr,cagr,0.98796797,True
"I need you to tell me 85.69 percent of 1,062,339 for me",percentage,percentage,0.9829633,True
I want to calculate find tangent for an angle of 59.52 degrees?,trigonometry,trigonometry,0.9998635,True
"Please grow 261,957 by 85.93 percent exactly",percent_increase,percentage,0.3313371,False
"I'd like to know how much simple interest does 2,281,577 earn at 12.39% for 11 years if possible",simple_interest,simple_interest,0.9979925,True
"I need you to evaluate the square root of 13,784,493?",square_root,square_root,0.99975985,True
"Help me decrease 614,971 by 88.71% please",percent_decrease,percent_decrease,0.9993704,True
"Please what is the natural log of 1,000?",logarithm,logarithm,0.7243755,True
"I'd like to know add 33.68% to 1,167,552?",percent_increase,percent_increase,0.9987208,True
"Work out calculate SI for 1,024,891 with rate 5.48% and time 18 years",simple_interest,simple_interest,0.99897563,True
Could you what does 8 factorial equal for me,factorial,factorial,0.96324515,True
"Could you calculate 9.11 percent of 1,579,305 for me",percentage,percentage,0.9916053,True
"Help me compound interest on 35,031 at 15.95% for 22 years if possible",compound_interest,compound_interest,0.9992582,True
"Figure out work out 5.75% of 205,850 if possible",percentage,percentage,0.9965926,True
"Work out find the average for 15,012, 2,175, 11,966, 1,043, -19,271, 853, 14,935, -11,952 for me",statistics,statistics,0.98533463,True
"Could you reduce 1,646,218 by 27.16 percent if possible",percent_decrease,percent_decrease,0.99550444,True
Could you give me the value of 2900 - (638 / 24)?,generic_expression,generic_expression,0.8380867,True
"Tell me what is the average in this list: -13,300, 3,681, 17,464 if possible",statistics,statistics,0.98930335,True
"I want to calculate what remains after reducing 12,384 by 60.38% for me",percent_decrease,percent_decrease,0.7053456,True
"Can you decrease 1,875,065 by 52.69% if possible",percent_decrease,percent_decrease,0.9995229,True
Could you evaluate factorial(3) for me,factorial,factorial,0.9958941,True
"Please find the maximum for 2,140, 19,527, -12,163, 12,460, -10,959 please",statistics,statistics,0.7439531,True
I want to calculate calculate the tangent of 134.48 degrees exactly,trigonometry,trigonometry,0.99989617,True
"I want to calculate calculate 317,704 / 1,203 for me",division,division,0.9944019,True
"Help me subtract 6,678 from 1,524,371",subtraction,subtraction,0.9976037,True
Please work out the following expression: 2194 * 2 + 952 exactly,generic_expression,generic_expression,0.9918622,True
Could you evaluate 691^9,power,power,0.99994373,True
"Can you calculate 120,297 * 15,655 please",multiplication,multiplication,0.9982652,True
"I want to calculate add 285,833 to 1,223 if possible",addition,addition,0.9947389,True
"Figure out what remains after reducing 459,075 by 14.18%",percent_decrease,percent_decrease,0.84507966,True
"Help me find the product of 1,834,464 and 22,509 please",multiplication,multiplication,0.9985972,True
"I'd like to know find x where 53x + 828 equals -15,337",equation,addition,0.36495522,False
"I want to calculate what value of x satisfies 67x + 767 = -17,725 please",equation,equation,0.99949515,True
"Figure out find the mean for 8,676, 14,687, 3,051 exactly",statistics,statistics,0.63380724,True
Could you raise 545 to the 3th power please,power,power,0.99995124,True
"I'd like to know reduce 352,397 by 95.97 percent please",percent_decrease,percent_decrease,0.9940304,True
"I'd like to know calculate 44.08 percent of 1,058,713 please",percentage,percentage,0.99481034,True
Please calculate the tangent of 5.6 degrees exactly,trigonometry,trigonometry,0.99996245,True
Work out evaluate this expression: 3007 - (438 / 10) for me,generic_expression,generic_expression,0.99951875,True
"Convert 14,774.44 miles into km if possible",unit_conversion,unit_conversion,0.98364455,True
"I'd like to know calculate 551,632 + 15,726 exactly",addition,addition,0.9955734,True
Please give me the value of 4859 * 23 + 373 exactly,generic_expression,generic_expression,0.86354685,True
"Please work out 12.96% of 692,125 exactly",percentage,percentage,0.99060565,True
I'd like to know find x where 86x - 181 equals -181 if possible,equation,addition,0.23509918,False
"I'd like to know calculate SI for 3,588,547 with rate 5.63% and time 15 years exactly",simple_interest,simple_interest,0.9971724,True
"Tell me what monthly payment would I have for 7,849,806 at 19.17% over 23 years",emi,emi,0.9981127,True
"I'd like to know calculate the mean of -5,376, -9,976, -10,774, 15,681, -12,001, 8,477?",statistics,statistics,0.860942,True
"How many miles are 27,537.28 km exactly",unit_conversion,unit_conversion,0.99326116,True
"Figure out how much simple interest does 7,550,618 earn at 15.15% for 23 years please",simple_interest,simple_interest,0.99738437,True
"I need you to how much compound interest does 7,917,759 earn at 14.49% for 1 years for me",compound_interest,compound_interest,0.9959617,True
I want to calculate raise 793 to the 8th power for me,power,power,0.9999871,True
"Can you subtract 22,229 from 121,252 exactly",subtraction,subtraction,0.99272245,True
"Could you grow 351,796 by 61.3 percent please",percent_increase,percentage,0.4116755,False
"Tell me work out the average from these numbers -14,039, 13,263, 1,883, 8,243, -3,379, 1,323, -2,863, 14,230?",statistics,statistics,0.9955167,True
"I'd like to know calculate sqrt(2,739,025) exactly",square_root,square_root,0.98310846,True
"Work out calculate sqrt(2,527,939) exactly",square_root,square_root,0.987104,True
I need you to evaluate factorial(11),factorial,factorial,0.9263305,True
"Work out evaluate ln(678,760.44) please",logarithm,logarithm,0.9837104,True
"Could you subtract 4.15% from 1,944,290 please",percent_decrease,percent_decrease,0.99711823,True
"Can you calculate 1,975,687 + 21,987 if possible",addition,addition,0.9964734,True
Can you evaluate factorial(4) exactly,factorial,factorial,0.99725467,True
"I'd like to know calculate the EMI on 7,479,955 at 19.28% for 21 years if possible",emi,emi,0.6200919,True
"I'd like to know what is 1,223,664 minus 3,446",subtraction,subtraction,0.9960692,True
"Please solve 71x + 265 = -32,182 if possible",equation,equation,0.9996661,True
Help me factorial of 17?,factorial,factorial,0.99376243,True
"Please calculate 69.59 percent of 1,782,085 for me",percentage,percentage,0.9909209,True
Work out what is the natural log of 10 if possible,logarithm,logarithm,0.6745425,True
"Help me calculate SI for 4,322,108 with rate 20.03% and time 3 years please",simple_interest,simple_interest,0.99816895,True
"Can you divide 1,821,483 by 1,110?",division,division,0.9996008,True
"Help me how much compound interest does 7,099,805 earn at 20.04% for 22 years please",compound_interest,compound_interest,0.9952158,True
"I need you to calculate the EMI on 6,788,879 at 21.3% for 25 years exactly",emi,emi,0.64212596,True
"Work out calculate 13.04 percent of 734,435?",percentage,percentage,0.9939075,True
"Can you what does 1,776,958 become after a 85.19% increase exactly",percent_increase,percent_increase,0.9973406,True
"I'd like to know divide 5,931,420 by 1,634",division,division,0.9984281,True
"I need you to find the product of 1,683,214 and 5,100 if possible",multiplication,multiplication,0.99828255,True
I'd like to know work out the following expression: sin(39) for me,generic_expression,generic_expression,0.98816395,True
"Can you what amount is 17.65% of 225,303 for me",percentage,percentage,0.9996512,True
"Figure out calculate 1,215,516 + 19,132",addition,addition,0.9967338,True
"Can you how much compound interest does 2,686,962 earn at 5.55% for 17 years please",compound_interest,compound_interest,0.9960312,True
"Please calculate 1,771,300 - 6,696?",subtraction,subtraction,0.9977457,True
"Can you find the total of 1,206,138 and 5,218 exactly",addition,addition,0.9987594,True
"Can you CAGR from 993,632 to 3,494,986 over 6 years exactly",cagr,cagr,0.98014235,True
I want to calculate evaluate factorial(8) if possible,factorial,factorial,0.9814942,True
"I need you to evaluate the square root of 14,837,393?",square_root,square_root,0.99971217,True
"I'd like to know subtract 93.36% from 675,682 please",percent_decrease,percent_decrease,0.997938,True
"Work out what is 1,876,164 plus 9,629",addition,addition,0.99471855,True
"Help me tell me 31.13 percent of 1,074,602 please",percentage,percentage,0.99239963,True
I want to calculate calculate the cosine of 203.6 degrees?,trigonometry,trigonometry,0.9997887,True
"Please what is 1,070,464 divided by 1,496?",division,division,0.99900836,True
"Figure out what is the root of 864,900?",square_root,square_root,0.9822266,True
"Figure out simple interest on 2,591,000 at 12.13% for 14 years exactly",simple_interest,simple_interest,0.9991805,True
"I need you to calculate SI for 6,895,658 with rate 3.58% and time 14 years for me",simple_interest,simple_interest,0.99814403,True
I want to calculate calculate 20!?,factorial,power,0.5119992,False
"Could you work out 89.11% of 813,558 if possible",percentage,percentage,0.99631256,True
Can you evaluate 390^3,power,power,0.9999713,True
"Help me take 17,265 away from 1,304,881 exactly",subtraction,subtraction,0.99954057,True
"Work out work out the standard deviation from these numbers 5,784, -8,345, 17,865, -18,465, 15,039, 6,139, -19,919, -7,952, 6,362, 18,007",statistics,statistics,0.9984785,True
"How many miles are 23,975.88 km please",unit_conversion,unit_conversion,0.9926644,True
"I want to calculate what is 1,023,701 times 6,680?",multiplication,multiplication,0.98609596,True
I need you to what is tan(113)?,trigonometry,percentage,0.32959887,False
"Can you what does 901,525 become after a 60.63% increase please",percent_increase,percent_increase,0.99865377,True
"Work out what amount is 30.17% of 935,514?",percentage,percentage,0.99990726,True
"Please what is the root of 7,480,225?",square_root,square_root,0.9881698,True
Figure out calculate 553 to the power of 7 for me,power,power,0.9999831,True
"I want to calculate work out the standard deviation from these numbers 11,742, 8,784, -2,175, -2,945, 7,556, 4,786, 5,928, 7,088 please",statistics,statistics,0.9993554,True
"Tell me what value of x satisfies 11x + 659 = 3,101?",equation,equation,0.999668,True
"Tell me what is the natural log of 495,277.97 for me",logarithm,logarithm,0.61858463,True
"Help me find the compound annual growth rate from 1,605,775 to 4,103,958 over 7 years exactly",cagr,cagr,0.99550605,True
"I want to calculate evaluate the square root of 1,796,578 please",square_root,square_root,0.99949384,True
"I want to calculate work out the average from these numbers 7,915, -11,264, 14,875, 15,108, 19,277, 3,656, -18,812, -5,670, -18,044, -2,149 for me",statistics,statistics,0.9962464,True
"Figure out monthly EMI for a loan of 4,593,358 at 4.64% over 14 years if possible",emi,emi,0.99999297,True
"Help me calculate 2,361,266 / 1,877",division,division,0.99846673,True
"Please solve 97x + 738 = -23,803 please",equation,equation,0.9996458,True
Help me work out the following expression: (4882 + 825) * 8 please,generic_expression,generic_expression,0.9890399,True
"Can you what does 868,702 become after a 60.74% increase exactly",percent_increase,percent_increase,0.9980148,True
"Tell me simple interest on 4,979,855 at 14.8% for 4 years?",simple_interest,simple_interest,0.9995433,True
"Help me calculate 1,576,222 * 6,310 if possible",multiplication,multiplication,0.9977817,True
I want to calculate what is 442 power 10?,power,power,0.9993357,True
"Help me find the quotient of 2,221,506 and 1,306 exactly",division,division,0.9983981,True
Help me calculate 17!,factorial,trigonometry,0.4015963,False
I need you to evaluate 930^9 please,power,power,0.99994516,True
"I'd like to know find the quotient of 565,573 and 289 exactly",division,division,0.99706453,True
"Please tell me 93.67 percent of 1,542,418 for me",percentage,percentage,0.98187155,True
I'd like to know what is 472 power 5 if possible,power,power,0.99968314,True
"I'd like to know divide 2,206,620 by 585 exactly",division,division,0.99671257,True
"I'd like to know calculate SI for 402,418 with rate 3.1% and time 15 years",simple_interest,simple_interest,0.9986143,True
"Tell me what is 664,933 minus 14,987?",subtraction,subtraction,0.9974619,True
"I'd like to know subtract 13,621 from 551,854 if possible",subtraction,subtraction,0.99568653,True
"Figure out increase 125,748 by 7.19% please",percent_increase,percent_increase,0.99962366,True
"Help me find the compound annual growth rate from 814,190 to 1,318,215 over 12 years if possible",cagr,cagr,0.9975279,True
"Please divide 11,875,348 by 2,428",division,division,0.99799085,True
"Tell me CAGR from 1,254,652 to 3,332,760 over 9 years please",cagr,cagr,0.9900253,True
Can you evaluate this expression: sin(196) for me,generic_expression,generic_expression,0.99961406,True
"Tell me evaluate the square root of 7,902,311?",square_root,square_root,0.9997942,True
"Could you find the compound annual growth rate from 948,143 to 3,587,307 over 13 years for me",cagr,cagr,0.9956254,True
Please factorial of 17 exactly,factorial,factorial,0.99895334,True
"Work out solve 78x - 509 = 4,951 for me",equation,equation,0.9996805,True
"I want to calculate what value of x satisfies 71x + 780 = -15,621?",equation,equation,0.99933845,True
"I'd like to know find the compound annual growth rate from 662,306 to 1,485,061 over 13 years if possible",cagr,cagr,0.9979824,True
"I need you to calculate SI for 3,840,764 with rate 12.24% and time 1 years if possible",simple_interest,simple_interest,0.9984484,True
"I'd like to know take 1,203 away from 1,671,065",subtraction,subtraction,0.9995166,True
"I'd like to know determine x from 75x + 730 = 16,855",equation,equation,0.9996593,True
"Please what value of x satisfies 17x + 308 = -3,908 please",equation,equation,0.99968505,True
"I need you to what monthly payment would I have for 7,071,586 at 8.87% over 16 years please",emi,emi,0.99752384,True
"I need you to monthly EMI for a loan of 1,812,929 at 15.31% over 20 years for me",emi,emi,0.9999888,True
"I need you to work out the average from these numbers -4,280, -11,670, 2,464, 19,770, 7,349, 6,475, 11,159, 6,194, -5,479, 14,596, 19,895, -6,424?",statistics,statistics,0.99724305,True
"Figure out find the quotient of 1,088,180 and 134 exactly",division,division,0.998771,True
"I'd like to know find the total of 263,317 and 646 exactly",addition,addition,0.99881244,True
Tell me what is sin(107.42) exactly,trigonometry,percentage,0.36153322,False
"Could you how much compound interest does 6,507,351 earn at 12.43% for 17 years?",compound_interest,compound_interest,0.9961964,True
"How many feet are 77,453.42 meters?",unit_conversion,unit_conversion,0.99651575,True
"Help me find the total of 3,675 and 16,806 exactly",addition,addition,0.99882334,True
"I need you to find the standard deviation for -12,072, 822, 18,623 for me",statistics,statistics,0.9958312,True
Work out find the base 10 log of 100 if possible,logarithm,logarithm,0.9411677,True
I want to calculate what is the natural log of 10 for me,logarithm,logarithm,0.8359385,True
"I'd like to know calculate 1,612,198 - 3,578 exactly",subtraction,subtraction,0.9947491,True
"Please find the mean for 9,201, -8,220, 19,058 please",statistics,statistics,0.82254773,True
Please evaluate this expression: (269 + 49) * 14 if possible,generic_expression,generic_expression,0.9997359,True
"Tell me what is 129,947 minus 2,486?",subtraction,subtraction,0.99717087,True
"Help me how much simple interest does 2,706,093 earn at 21.29% for 6 years?",simple_interest,simple_interest,0.9978955,True
"Work out how much simple interest does 3,588,849 earn at 6.94% for 14 years for me",simple_interest,simple_interest,0.99803334,True
"Could you calculate 825,114 * 5,539?",multiplication,multiplication,0.99810684,True
"Tell me calculate CAGR if 1,721,332 grows to 4,107,022 in 3 years if possible",cagr,cagr,0.9997714,True
"I need you to solve 75x - 150 = 31,950?",equation,equation,0.9996123,True
"I want to calculate find the quotient of 1,792,617 and 1,175 if possible",division,division,0.9974861,True
"Work out compound interest on 6,556,283 at 1.5% for 10 years",compound_interest,compound_interest,0.9994881,True
"Can you multiply 799,299 by 11,995 please",multiplication,multiplication,0.99942183,True
Figure out give me the value of 521^4 + 919 please,generic_expression,power,0.7917385,False
"Help me work out 89.7% of 1,260,107",percentage,percentage,0.99865925,True
"Tell me monthly EMI for a loan of 3,265,135 at 13.31% over 12 years?",emi,emi,0.99999213,True
"Tell me add 1,126,129 to 21,513 if possible",addition,addition,0.9929147,True
"I need you to what is 1,080,656 times 19,379 please",multiplication,multiplication,0.9950369,True
"I want to calculate find the quotient of 385,814 and 286 for me",division,division,0.99585515,True
"I'd like to know tell me 12.86 percent of 1,781,851?",percentage,percentage,0.9897675,True
"Can you calculate 1,653,418 - 13,956",subtraction,subtraction,0.99834824,True
"Convert 76,160.75 feet into meters please",unit_conversion,unit_conversion,0.9827681,True
"Please calculate 1,348,292 + 18,978",addition,addition,0.99830735,True
I need you to what value of x satisfies 1x + 116 = 41 exactly,equation,equation,0.9998771,True
"I'd like to know find the base 10 log of 1,000 for me",logarithm,logarithm,0.95137995,True
"Figure out find the square root of 7,772,944 exactly",square_root,square_root,0.99953043,True
I want to calculate factorial of 11 exactly,factorial,factorial,0.99879396,True
"Can you how much compound interest does 6,494,321 earn at 6.28% for 15 years please",compound_interest,compound_interest,0.99632263,True
"I want to calculate find the total of 610,532 and 7,074 for me",addition,addition,0.99802184,True
"Can you calculate 2,328,132 / 1,572 please",division,division,0.99867153,True
Can you what does sin(211) come to,generic_expression,trigonometry,0.20453401,False
Help me what does 1744 * 23 + 527 come to,generic_expression,multiplication,0.5431869,False
Tell me evaluate tan at 122.06 degrees for me,trigonometry,trigonometry,0.99953985,True
"Tell me find x where 77x + 411 equals 35,138 if possible",equation,addition,0.20121866,False
"Please evaluate the square root of 16,080,100 exactly",square_root,square_root,0.9995728,True
"Work out compound interest on 7,015,072 at 10.66% for 23 years",compound_interest,compound_interest,0.999288,True
"I want to calculate find the product of 1,900,337 and 16,693 if possible",multiplication,multiplication,0.99674845,True
I need you to calculate 210 to the power of 7 for me,power,power,0.99999344,True
"I want to calculate evaluate the square root of 5,814,528?",square_root,square_root,0.9996081,True
"Tell me subtract 5,448 from 696,132 for me",subtraction,subtraction,0.9959137,True
I'd like to know what is 313 power 2 please,power,power,0.9997328,True
"I want to calculate determine x from 10x + 972 = 5,922 if possible",equation,equation,0.99975413,True
"Could you calculate the EMI on 1,462,188 at 15.44% for 4 years please",emi,emi,0.6325598,True
Work out evaluate cos at 87.14 degrees if possible,trigonometry,trigonometry,0.99972266,True
"I'd like to know calculate 1,294,661 + 15,240 for me",addition,addition,0.99725145,True
"Can you calculate CI for 5,320,229 with rate 11.98% and time 1 years if possible",compound_interest,compound_interest,0.9977203,True
"Can you determine x from 49x - 709 = 22,076?",equation,equation,0.99971515,True
"Could you find the total of 1,059,506 and 22,599 for me",addition,addition,0.9980179,True
"I need you to calculate CI for 1,804,061 with rate 6.63% and time 12 years if possible",compound_interest,compound_interest,0.9979538,True
"Please what is the median in this list: 11,606, -5,655, 9,906, -12,151, -3,923, 18,493, 396, -119, -11,065, 8,674 for me",statistics,statistics,0.9270382,True
I'd like to know evaluate 100^9,power,power,0.9999778,True
"Figure out calculate CAGR if 1,211,306 grows to 5,126,584 in 11 years for me",cagr,cagr,0.9995198,True
"Can you calculate the EMI on 1,206,618 at 12.76% for 3 years",emi,emi,0.6900654,True
"I want to calculate find the compound annual growth rate from 1,332,982 to 2,132,110 over 10 years",cagr,cagr,0.99743074,True
"Work out take 23,046 away from 56,946 exactly",subtraction,subtraction,0.99871683,True
I want to calculate calculate the cosine of 10.06 degrees,trigonometry,trigonometry,0.99995434,True
"Please what value of x satisfies 96x - 316 = -39,292?",equation,equation,0.99955255,True
"I want to calculate how much simple interest does 4,070,924 earn at 11.69% for 4 years exactly",simple_interest,simple_interest,0.99680233,True
"I'd like to know calculate 1,031,212 - 18,421 exactly",subtraction,subtraction,0.9951201,True
"How many pounds is 53,541.43 kg exactly",unit_conversion,unit_conversion,0.99543875,True
"I'd like to know what is the root of 15,186,609 please",square_root,square_root,0.9809796,True
"I want to calculate what monthly payment would I have for 3,989,058 at 18.99% over 16 years please",emi,emi,0.99563676,True
"Help me what remains after reducing 799,689 by 90.67%",percent_decrease,percent_decrease,0.86124986,True
"I'd like to know decrease 1,981,810 by 34.06%",percent_decrease,percent_decrease,0.9994659,True
"I'd like to know calculate log10(10,000)?",logarithm,logarithm,0.9989215,True
"Work out find the square root of 4,159,239 please",square_root,square_root,0.9998642,True
"Tell me calculate sqrt(11,857,356)?",square_root,square_root,0.99806064,True
"Tell me find the quotient of 1,712,474 and 631 for me",division,division,0.9990466,True
"Figure out what is the mean in this list: 8,424, 19,819, -9,385, -1,071, -2,268, 1,456, 9,678, 16,384, 9,085, -523, -12,052, -19,366 if possible",statistics,statistics,0.9584366,True
"I want to calculate calculate log10(100,000)?",logarithm,logarithm,0.99835014,True
"I'd like to know monthly EMI for a loan of 4,694,922 at 21.06% over 19 years exactly",emi,emi,0.9999814,True
"Work out how much compound interest does 2,215,214 earn at 20.24% for 12 years",compound_interest,compound_interest,0.9966851,True
"Can you determine x from 96x - 369 = -16,305 please",equation,equation,0.999619,True
"Work out subtract 15.33% from 1,582,453?",percent_decrease,percent_decrease,0.9962083,True
"Help me determine x from 63x + 293 = 1,616",equation,equation,0.99985456,True
Could you calculate the sine of 291.56 degrees if possible,trigonometry,trigonometry,0.99986684,True
"Help me how much compound interest does 3,670,098 earn at 14.05% for 3 years",compound_interest,compound_interest,0.9968478,True
"Help me what monthly payment would I have for 6,435,892 at 20.25% over 6 years please",emi,emi,0.9974661,True
Help me give me the value of 4409 * 17 + 962 please,generic_expression,generic_expression,0.82705253,True
I'd like to know what is 593 power 2 if possible,power,power,0.9996099,True
"Work out what is 869,244 plus 11,964 for me",addition,addition,0.9945903,True
"Work out CAGR from 438,056 to 1,570,567 over 7 years if possible",cagr,cagr,0.9921525,True
"Figure out find the product of 1,528,000 and 16,579",multiplication,multiplication,0.9990237,True
Please calculate 0! exactly,factorial,factorial,0.9951649,True
"Tell me what does 1,232,810 become after a 85.59% increase for me",percent_increase,percent_increase,0.99716955,True
"Convert 90,811.17 Celsius to Fahrenheit",unit_conversion,unit_conversion,0.9621061,True
"I'd like to know multiply 1,246,953 by 6,729 exactly",multiplication,multiplication,0.9982907,True
"I need you to compound interest on 6,969,679 at 21.6% for 1 years?",compound_interest,compound_interest,0.998774,True
"I need you to what is the root of 18,914,267?",square_root,square_root,0.98094386,True
"I need you to calculate 316,371 * 5,274",multiplication,multiplication,0.9982293,True
Work out find the factorial for 13 please,factorial,factorial,0.99885106,True
"Tell me reduce 1,139,973 by 93.15 percent for me",percent_decrease,percent_decrease,0.99539477,True
Tell me find cosine for an angle of 213.26 degrees?,trigonometry,trigonometry,0.99969757,True
"Please evaluate the square root of 20,052,484?",square_root,square_root,0.9998864,True
"I need you to find the base 10 log of 1,000?",logarithm,logarithm,0.9590179,True
"Tell me how much compound interest does 1,009,377 earn at 17.93% for 17 years exactly",compound_interest,compound_interest,0.9949325,True
Work out find the base 10 log of 10,logarithm,logarithm,0.98132056,True
"I want to calculate calculate 1,491,438 / 1,111",division,division,0.9963075,True
"Tell me how much compound interest does 6,763,702 earn at 11.07% for 16 years if possible",compound_interest,compound_interest,0.9949184,True
"Tell me what amount is 59.04% of 1,996,280 for me",percentage,percentage,0.9998739,True
"I want to calculate CAGR from 870,106 to 942,201 over 20 years?",cagr,cagr,0.9934889,True
"Could you monthly EMI for a loan of 3,083,148 at 13.89% over 19 years?",emi,emi,0.99998975,True
"I need you to calculate the average of 13,478, 16,562, 9,387, 6,890, 13,932, -3,775, 17,641, 12,371, -13,921, 13,568 for me",statistics,statistics,0.9877402,True
"Can you subtract 35.08% from 1,619,617",percent_decrease,percent_decrease,0.99785304,True
"I'd like to know calculate 632,995 + 11,472 exactly",addition,addition,0.995447,True
"Can you what is 1,843,920 divided by 1,576 exactly",division,division,0.9979804,True
"Please calculate CAGR if 1,853,628 grows to 4,080,781 in 4 years for me",cagr,cagr,0.99963987,True
Work out what does log10(10000) + 900 come to please,generic_expression,logarithm,0.87444794,False
"Can you add 74.79% to 1,024,923 exactly",percent_increase,percent_increase,0.9986265,True
"Please monthly EMI for a loan of 7,709,704 at 6.94% over 17 years if possible",emi,emi,0.9999938,True
"Convert 54,863.65 pounds into kilograms?",unit_conversion,unit_conversion,0.9397796,True
I'd like to know calculate 17!,factorial,power,0.5991322,False
I'd like to know what does sin(180) come to,generic_expression,addition,0.2108345,False
"Please CAGR from 1,124,613 to 1,230,326 over 10 years exactly",cagr,cagr,0.98247266,True
"Could you calculate 15.09 percent of 1,056,954 please",percentage,percentage,0.9961397,True
"How many miles are 26,306.19 km?",unit_conversion,unit_conversion,0.9935772,True
Please find the factorial for 14?,factorial,factorial,0.9980459,True
"Work out find the standard deviation for 12,710, 8,334, -4,694, 16,400, -15,615, -2,437, -12,486, -14,781 if possible",statistics,statistics,0.9983236,True
Help me evaluate sin at 219.98 degrees please,trigonometry,trigonometry,0.99979514,True
"Tell me what is 224,622 divided by 506 if possible",division,division,0.997804,True
Tell me what is 289 power 2 exactly,power,power,0.99393696,True
"Work out calculate 907,669 - 15,140 if possible",subtraction,subtraction,0.9956376,True
"Figure out what is 1,678,756 plus 13,150",addition,addition,0.9959674,True
"Figure out find the base 10 log of 100,000?",logarithm,logarithm,0.9422203,True
"Could you calculate CAGR if 182,006 grows to 261,716 in 20 years for me",cagr,cagr,0.99979717,True
"Figure out decrease 159,525 by 78.84%",percent_decrease,percent_decrease,0.99952507,True
"Work out reduce 602,266 by 11.5 percent",percent_decrease,percent_decrease,0.9959645,True
Tell me evaluate this expression: sqrt(2042) + 483 for me,generic_expression,generic_expression,0.9925426,True
Can you calculate the sine of 45.75 degrees for me,trigonometry,trigonometry,0.99994445,True
"Help me evaluate the square root of 320,356 if possible",square_root,square_root,0.9999045,True
"Can you calculate 5,898,117 / 2,063",division,division,0.9960723,True
"Could you calculate SI for 4,421,661 with rate 12.92% and time 1 years if possible",simple_interest,simple_interest,0.99863786,True
"Tell me calculate CI for 606,926 with rate 21.11% and time 10 years for me",compound_interest,compound_interest,0.9990275,True
Tell me evaluate cos at 334.8 degrees if possible,trigonometry,trigonometry,0.9996942,True
"Help me what does 1,365,794 become after a 22.41% increase please",percent_increase,percent_increase,0.99757177,True
"Can you calculate the EMI on 1,951,487 at 8.48% for 12 years please",emi,emi,0.6437718,True
"Please what is the root of 7,728,400 exactly",square_root,square_root,0.9795473,True
"How many feet are 15,000.18 meters if possible",unit_conversion,unit_conversion,0.9970049,True
"Can you reduce 776,506 by 5.29 percent?",percent_decrease,percent_decrease,0.99297196,True
"I'd like to know decrease 803,003 by 58.18% exactly",percent_decrease,percent_decrease,0.99905103,True
"Please calculate CAGR if 1,654,645 grows to 2,094,348 in 20 years for me",cagr,cagr,0.9996631,True
"Help me what is 1,485,642 divided by 1,878 if possible",division,division,0.9987212,True
"Please add 9.28% to 651,868?",percent_increase,percent_increase,0.9977664,True
"I need you to CAGR from 1,104,145 to 2,036,531 over 1 years exactly",cagr,cagr,0.97767764,True
"Please what is 1,051,816 times 7,600 exactly",multiplication,multiplication,0.9940095,True
"Work out grow 333,113 by 12 percent if possible",percent_increase,percentage,0.5092865,False
"Help me increase 1,794,473 by 18.86%?",percent_increase,percent_increase,0.9997911,True
"Convert 42,826.49 feet into meters if possible",unit_conversion,unit_conversion,0.99132514,True
"Figure out simple interest on 6,913,030 at 10.17% for 8 years",simple_interest,simple_interest,0.99952054,True
"Tell me calculate the EMI on 1,743,053 at 14.37% for 23 years?",emi,emi,0.6230741,True
"Tell me evaluate the square root of 11,949,834",square_root,square_root,0.9997738,True
"Convert 88,613.86 miles into km?",unit_conversion,unit_conversion,0.9725242,True
"How many miles are 4,460.47 km if possible",unit_conversion,unit_conversion,0.99342006,True
Work out evaluate 629^4 exactly,power,power,0.9998716,True
"Work out calculate sqrt(9,329,062)",square_root,square_root,0.9935301,True
"Tell me how much simple interest does 1,961,704 earn at 7.48% for 10 years if possible",simple_interest,simple_interest,0.998302,True
Work out work out the following expression: sqrt(114) + 811 for me,generic_expression,generic_expression,0.857978,True
"Could you calculate SI for 7,229,695 with rate 16.57% and time 2 years exactly",simple_interest,simple_interest,0.9971692,True
"Tell me calculate 1,120,965 - 17,562 if possible",subtraction,subtraction,0.99712974,True
"I'd like to know find the quotient of 2,258,288 and 899 please",division,division,0.9985826,True
"Could you find the compound annual growth rate from 1,910,415 to 6,124,930 over 18 years",cagr,cagr,0.9945312,True
"Work out calculate the EMI on 3,669,784 at 6.05% for 7 years?",emi,emi,0.6175703,True
"Figure out work out the maximum from these numbers 18,130, -19,708, -6,735, 17,536, -17,585, -10,536?",statistics,statistics,0.86506927,True
"I need you to subtract 1,528 from 106,412 for me",subtraction,subtraction,0.997017,True
"I need you to calculate CI for 354,227 with rate 5.69% and time 23 years",compound_interest,compound_interest,0.9984193,True
Work out find sine for an angle of 280.47 degrees?,trigonometry,trigonometry,0.99952626,True
"Please calculate 789,987 / 1,029",division,division,0.99927574,True
"Can you calculate the EMI on 5,898,006 at 12.1% for 25 years if possible",emi,emi,0.633708,True
"Tell me calculate the mode of -11,928, -17,267, 8,727, 6,434, 12,397, -19,707, -13,408, 4,270",statistics,statistics,0.9885876,True
"Tell me find the average for -7,587, 5,490, 19,853, 5,446, -3,862, 15,192, -15,675, 18,003 if possible",statistics,statistics,0.99715155,True
"Tell me simple interest on 6,586,608 at 3.06% for 17 years for me",simple_interest,simple_interest,0.99946254,True
"Figure out work out 24.03% of 383,439 if possible",percentage,percentage,0.99588156,True
I need you to what is 242 power 10 for me,power,power,0.9995958,True
"Could you what does 1,411,535 become after a 4.66% increase for me",percent_increase,percent_increase,0.9980774,True
"Work out calculate CI for 540,706 with rate 19.83% and time 2 years please",compound_interest,compound_interest,0.9984731,True
"Figure out calculate 2,772,648 / 776 please",division,division,0.9943368,True
"Could you calculate SI for 6,966,005 with rate 18.4% and time 20 years",simple_interest,simple_interest,0.9982345,True
"Tell me tell me 35.07 percent of 1,848,186 for me",percentage,percentage,0.9880701,True
"Help me what is the root of 17,530,969 please",square_root,square_root,0.98373336,True
"I want to calculate multiply 1,330,203 by 14,950 if possible",multiplication,multiplication,0.9983297,True
Could you evaluate this expression: 776 - (722 / 23) exactly,generic_expression,generic_expression,0.9991854,True
"Help me simple interest on 7,216,467 at 5.09% for 20 years",simple_interest,simple_interest,0.9996076,True
"I want to calculate tell me 68.11 percent of 1,439,792",percentage,percentage,0.9950942,True
"Help me compound interest on 3,305,009 at 10.12% for 6 years",compound_interest,compound_interest,0.9993765,True
"Tell me find the compound annual growth rate from 114,091 to 411,279 over 11 years if possible",cagr,cagr,0.9972556,True
"Tell me what amount is 13.69% of 1,702,054 for me",percentage,percentage,0.9998791,True
I'd like to know what is 810 power 8?,power,power,0.9997749,True
Figure out calculate the cosine of 289.28 degrees for me,trigonometry,trigonometry,0.9999423,True
"Convert 19,289.53 pounds into kilograms for me",unit_conversion,unit_conversion,0.911746,True
"I want to calculate take 15,227 away from 1,959,593?",subtraction,subtraction,0.9986393,True
I want to calculate what does sqrt(3602) + 358 come to if possible,generic_expression,square_root,0.94541365,False
"Work out work out 7.64% of 1,638,225 for me",percentage,percentage,0.9957509,True
"Tell me what is the root of 20,020,957 please",square_root,square_root,0.98278415,True
I'd like to know work out the following expression: (1516 + 955) * 4?,generic_expression,generic_expression,0.9863891,True
"Tell me find the product of 1,214,360 and 10,405 if possible",multiplication,multiplication,0.99833494,True
"Tell me calculate 3,662,208 / 2,244?",division,division,0.99605644,True
"Figure out calculate CAGR if 1,422,660 grows to 3,844,641 in 10 years please",cagr,cagr,0.9995509,True
Help me raise 452 to the 11th power,power,power,0.9998907,True
"Figure out compound interest on 7,485,578 at 18.93% for 18 years please",compound_interest,compound_interest,0.9986792,True
"Figure out find the product of 368,882 and 20,065 exactly",multiplication,multiplication,0.9975721,True
Figure out raise 568 to the 12th power if possible,power,power,0.9999604,True
"I'd like to know find the total of 96,607 and 20,158 exactly",addition,addition,0.9978744,True
"Help me take 1,851 away from 1,303,106 exactly",subtraction,subtraction,0.99929297,True
Figure out what is sin(63.05)?,trigonometry,percentage,0.5078344,False
"I'd like to know what amount is 50.97% of 1,885,533?",percentage,percentage,0.9998909,True
"Figure out calculate sqrt(15,492,096)",square_root,square_root,0.99384886,True
"I'd like to know evaluate the square root of 23,454,649?",square_root,square_root,0.9997893,True
"Tell me calculate SI for 4,566,375 with rate 9.41% and time 17 years",simple_interest,simple_interest,0.9989687,True
I want to calculate give me the value of (2672 - 417) / 17,generic_expression,generic_expression,0.91025877,True
"I need you to reduce 474,406 by 29.43 percent for me",percent_decrease,percent_decrease,0.9917532,True
I'd like to know what does (412 + 892) * 24 come to for me,generic_expression,multiplication,0.5523158,False
Work out what is the natural log of 100 if possible,logarithm,logarithm,0.56251615,True
I'd like to know calculate 734 to the power of 6,power,power,0.999998,True
Please what does 157^5 + 604 come to?,generic_expression,power,0.7751185,False
"Please grow 295,645 by 73.06 percent for me",percent_increase,percent_increase,0.34522882,True
Can you find the factorial for 17?,factorial,factorial,0.9975297,True
"Tell me compound interest on 5,402,128 at 16.69% for 8 years if possible",compound_interest,compound_interest,0.9989526,True
"Work out what does 165,121 become after a 92.89% increase please",percent_increase,percent_increase,0.99793124,True
Help me what does 6 factorial equal please,factorial,factorial,0.9663907,True
Work out what is cos(137.41)?,trigonometry,percentage,0.47340286,False
"Help me what remains after reducing 1,530,411 by 34.14%?",percent_decrease,percent_decrease,0.8612607,True
Help me find the base 10 log of 10 for me,logarithm,logarithm,0.9724123,True
"Help me what is 1,051,265 divided by 806 exactly",division,division,0.9977895,True
"I need you to divide 130,368 by 97 for me",division,division,0.99938905,True
Work out what does 2 factorial equal,factorial,factorial,0.95771056,True
"I need you to CAGR from 965,127 to 3,079,428 over 3 years for me",cagr,cagr,0.9859343,True
"Please evaluate the square root of 11,689,561",square_root,square_root,0.999835,True
Can you give me the value of 1562^4 + 240?,generic_expression,power,0.7927058,False
"I want to calculate what amount is 25.2% of 367,056?",percentage,percentage,0.99990976,True
Tell me calculate 15! please,factorial,factorial,0.6114373,True
I'd like to know calculate 1! for me,factorial,factorial,0.9895816,True
"Please calculate log10(1,000) please",logarithm,logarithm,0.99984133,True
Figure out what is the natural log of 100 if possible,logarithm,logarithm,0.5493405,True
Can you evaluate sin at 302.05 degrees,trigonometry,trigonometry,0.9998468,True
I'd like to know what is sin(31.5) exactly,trigonometry,factorial,0.2449658,False
"Please calculate CAGR if 1,359,093 grows to 4,187,507 in 1 years",cagr,cagr,0.9995907,True
"Could you grow 152,745 by 31.57 percent exactly",percent_increase,percentage,0.37584808,False
I'd like to know evaluate tan at 104.99 degrees please,trigonometry,trigonometry,0.99964154,True
"Help me subtract 16,292 from 1,068,109?",subtraction,subtraction,0.99792767,True
"Help me evaluate ln(1,000)",logarithm,logarithm,0.995732,True
Tell me work out the following expression: (3227 - 186) / 4?,generic_expression,generic_expression,0.9924845,True
"I'd like to know calculate SI for 2,319,265 with rate 17.7% and time 24 years for me",simple_interest,simple_interest,0.9984491,True
"I want to calculate calculate the EMI on 5,786,626 at 12.13% for 12 years for me",emi,emi,0.5348673,True
"Please monthly EMI for a loan of 1,982,343 at 3.32% over 2 years",emi,emi,0.9999956,True
"Help me compound interest on 6,304,830 at 13.7% for 19 years exactly",compound_interest,compound_interest,0.99893564,True
"Help me calculate 601,378 - 5,634 if possible",subtraction,subtraction,0.99660635,True
"I'd like to know what is the maximum in this list: -13,892, 12,508, -5,278, -16,766, 19,557 if possible",statistics,statistics,0.7073819,True
"Please calculate 6.84 percent of 807,350 if possible",percentage,percentage,0.992786,True
"Work out find the compound annual growth rate from 1,277,899 to 5,363,187 over 2 years if possible",cagr,cagr,0.99739933,True
"Help me compound interest on 3,132,297 at 8.97% for 19 years for me",compound_interest,compound_interest,0.9992482,True
"Work out find x where 38x + 402 equals 9,294 exactly",equation,addition,0.20364171,False
"Figure out tell me 6.27 percent of 1,491,823",percentage,percentage,0.9956599,True
"I'd like to know work out the median from these numbers 12,384, 14,107, -6,832, -3,539, -7,255, 16,013 for me",statistics,statistics,0.9089136,True
"I need you to find the minimum for -1,873, 7,231, 16,655, -11,727, -11,537, -1,677, 14,495, -10,530?",statistics,statistics,0.98506826,True
"Help me what does 1,710,249 become after a 13.1% increase please",percent_increase,percent_increase,0.99768066,True
"Can you find the square root of 5,659,641 exactly",square_root,square_root,0.9995338,True
"Could you calculate sqrt(10,023,642) if possible",square_root,square_root,0.9917368,True
Figure out calculate 727 to the power of 9 for me,power,power,0.99998355,True
"Help me subtract 8,810 from 766,753 exactly",subtraction,subtraction,0.9949491,True
"Convert 43,255.14 Celsius to Fahrenheit please",unit_conversion,unit_conversion,0.9262047,True
"Please tell me 49.45 percent of 1,205,887",percentage,percentage,0.99508107,True
"Please calculate 34,331 + 20,244 please",addition,addition,0.9950991,True
"Figure out monthly EMI for a loan of 4,416,342 at 9.98% over 19 years please",emi,emi,0.99999106,True
Tell me what does (430 - 774) / 23 come to?,generic_expression,generic_expression,0.39079624,True
Help me find the factorial for 9 exactly,factorial,factorial,0.9994394,True
"I'd like to know subtract 9,057 from 1,357,813?",subtraction,subtraction,0.99704176,True
I need you to calculate the sine of 156.27 degrees,trigonometry,trigonometry,0.9999,True
"Work out CAGR from 1,527,548 to 4,804,140 over 20 years please",cagr,cagr,0.9914001,True
"Work out compound interest on 2,964,657 at 2.11% for 15 years exactly",compound_interest,compound_interest,0.9987956,True
"Tell me calculate 68,679 - 22,006 if possible",subtraction,subtraction,0.9947915,True
"Convert 29,410.26 feet into meters?",unit_conversion,unit_conversion,0.98501486,True
Help me calculate log10(10) if possible,logarithm,logarithm,0.9997918,True
"Please what is 560,891 divided by 957 if possible",division,division,0.9992551,True
"Tell me tell me 73.73 percent of 723,473?",percentage,percentage,0.98815536,True
Could you evaluate factorial(18) for me,factorial,factorial,0.9888649,True
"Help me subtract 9.65% from 813,109 if possible",percent_decrease,percent_decrease,0.99694484,True
Help me calculate 763 to the power of 8 exactly,power,power,0.9999777,True
Could you evaluate this expression: (480 - 555) / 25 for me,generic_expression,generic_expression,0.9992637,True
Figure out calculate 943 to the power of 6 if possible,power,power,0.9999945,True
"Please subtract 3,515 from 1,414,747?",subtraction,subtraction,0.997133,True
"Tell me monthly EMI for a loan of 5,002,309 at 2.07% over 13 years exactly",emi,emi,0.99999154,True
"Tell me calculate 1,196,664 * 6,252?",multiplication,multiplication,0.99832326,True
"Can you take 11,441 away from 1,461,655 exactly",subtraction,subtraction,0.9996165,True
"Work out work out the minimum from these numbers -4,376, -3,427, 12,036, -15,113, 1,737, 7,701, 3,265, 16,375, 10,791, 4,676, 4,423, 5,404 exactly",statistics,statistics,0.99727255,True
"I want to calculate what monthly payment would I have for 5,844,755 at 14.58% over 4 years for me",emi,emi,0.9971449,True
"Can you solve 93x - 500 = -11,474 if possible",equation,equation,0.9996582,True
"I need you to what amount is 23.29% of 233,350 if possible",percentage,percentage,0.99979657,True
I want to calculate factorial of 16 for me,factorial,factorial,0.9988533,True
"Work out increase 1,379,662 by 83.39% please",percent_increase,percent_increase,0.9996666,True
"Could you calculate CAGR if 1,943,249 grows to 6,376,332 in 19 years exactly",cagr,cagr,0.9992198,True
I need you to work out the following expression: log10(1000) + 885 if possible,generic_expression,generic_expression,0.9509689,True
"I need you to increase 457,318 by 84.96% if possible",percent_increase,percent_increase,0.99959093,True
"Convert 71,366.37 pounds into kilograms for me",unit_conversion,unit_conversion,0.9291988,True
"How many pounds is 4,793.71 kg if possible",unit_conversion,unit_conversion,0.9970457,True
"Help me tell me 90.47 percent of 1,686,925 if possible",percentage,percentage,0.9911479,True
Could you what does 8 factorial equal exactly,factorial,factorial,0.96839416,True
"Tell me work out the minimum from these numbers 18,672, -15,851, 19,010, -17,459, 15,908, -16,632, 13,021, -1,869, -10,532, -10,843, -16,831, 12,722 if possible",statistics,statistics,0.9537578,True
"I need you to what is 766,374 minus 10,010?",subtraction,subtraction,0.9968556,True
I want to calculate what does 1935 - (638 / 19) come to exactly,generic_expression,generic_expression,0.43977267,True
"Figure out calculate 5.51 percent of 573,772",percentage,percentage,0.9959139,True
"Please evaluate ln(581,421.48)",logarithm,logarithm,0.99123466,True
"I'd like to know calculate 799,248 - 1,136 for me",subtraction,subtraction,0.9960045,True
"I need you to grow 1,509,034 by 92.1 percent if possible",percent_increase,percentage,0.3361208,False
Tell me evaluate tan at 291.7 degrees if possible,trigonometry,trigonometry,0.9997056,True
"I'd like to know calculate the maximum of 6,679, 19,449, 15,779, 1,494, -2,325, 9,406, -16,522, -19,129 exactly",statistics,statistics,0.8843695,True
"Help me subtract 17,087 from 1,056,312 exactly",subtraction,subtraction,0.99665856,True
I need you to evaluate 173^3 please,power,power,0.9999536,True
"Help me multiply 1,359,825 by 7,434 please",multiplication,multiplication,0.99958736,True
"Could you decrease 1,050,303 by 93.8% exactly",percent_decrease,percent_decrease,0.99938226,True
"Could you calculate 916,552 * 5,860 if possible",multiplication,multiplication,0.99772245,True
"Please tell me 17.53 percent of 494,556 exactly",percentage,percentage,0.9815269,True
"Tell me how much simple interest does 3,055,549 earn at 6.8% for 18 years if possible",simple_interest,simple_interest,0.9984457,True
"Could you find the product of 1,617,511 and 21,015?",multiplication,multiplication,0.9990589,True
I want to calculate calculate log10(10)?,logarithm,logarithm,0.99954283,True
"Please subtract 5,118 from 402,166",subtraction,subtraction,0.99537367,True
I need you to what is 438 power 4 please,power,power,0.9994863,True
Can you determine x from 3x + 528 = -303 please,equation,equation,0.9999387,True
"I'd like to know how much simple interest does 4,679,018 earn at 11.85% for 2 years if possible",simple_interest,simple_interest,0.9978016,True
"Work out what value of x satisfies 90x + 147 = 36,417 please",equation,equation,0.9996006,True
"Tell me calculate CI for 1,685,119 with rate 9.23% and time 8 years for me",compound_interest,compound_interest,0.9983931,True
"Tell me compound interest on 7,141,091 at 13.26% for 16 years if possible",compound_interest,compound_interest,0.99877053,True
"I want to calculate calculate 188,917 + 22,577 for me",addition,addition,0.99032074,True
"I'd like to know what does 1,944,290 become after a 21.42% increase if possible",percent_increase,percent_increase,0.9984359,True
"Work out increase 167,376 by 27.86% for me",percent_increase,percent_increase,0.9995433,True
"I need you to tell me 83.35 percent of 1,765,918 if possible",percentage,percentage,0.9891522,True
"Work out what is 1,865,962 divided by 468 exactly",division,division,0.99754,True
"I want to calculate subtract 4,359 from 63,726 for me",subtraction,subtraction,0.99574006,True
Work out give me the value of (3360 - 572) / 12?,generic_expression,generic_expression,0.8498644,True
"I need you to subtract 50.83% from 897,688 for me",percent_decrease,percent_decrease,0.99723697,True
"How many miles are 14,716.44 km",unit_conversion,unit_conversion,0.99399537,True
"I'd like to know what is 48,393 plus 1,476 exactly",addition,addition,0.9954129,True
"I need you to what is 716,675 divided by 2,434",division,division,0.99862504,True
I'd like to know find sine for an angle of 285.06 degrees exactly,trigonometry,trigonometry,0.99901664,True
"Tell me calculate CI for 5,104,169 with rate 13.29% and time 10 years if possible",compound_interest,compound_interest,0.99873453,True
"Figure out calculate log10(10,000)?",logarithm,logarithm,0.99944216,True
Figure out evaluate factorial(19) for me,factorial,factorial,0.99091434,True
Please evaluate factorial(14),factorial,factorial,0.9949826,True
"Help me find the maximum for -7,081, -16,096, 10,777 exactly",statistics,statistics,0.8422704,True
"Tell me calculate 953,161 - 479 for me",subtraction,subtraction,0.9971246,True
"Work out calculate CAGR if 1,068,818 grows to 3,025,645 in 18 years exactly",cagr,cagr,0.9994061,True
"Can you solve 57x - 261 = 22,653 please",equation,equation,0.9997309,True
"I'd like to know CAGR from 1,539,270 to 5,743,369 over 8 years?",cagr,cagr,0.98839825,True
Please what is the natural log of 100?,logarithm,logarithm,0.6804094,True
"Please calculate 912,893 * 22,330",multiplication,multiplication,0.9979234,True
"Could you calculate 232,014 + 3,521 for me",addition,addition,0.99571556,True
Tell me what is cos(351.94)?,trigonometry,percentage,0.4526091,False
Help me find tangent for an angle of 206.9 degrees please,trigonometry,trigonometry,0.9999391,True
I'd like to know find tangent for an angle of 221.64 degrees if possible,trigonometry,trigonometry,0.99980026,True
"Tell me calculate CI for 2,533,427 with rate 7.72% and time 21 years?",compound_interest,compound_interest,0.9987961,True
"I need you to subtract 14,243 from 51,655 for me",subtraction,subtraction,0.9967018,True
"I need you to CAGR from 1,119,621 to 1,375,103 over 5 years please",cagr,cagr,0.9834816,True
"Tell me what remains after reducing 1,233,475 by 71.01%?",percent_decrease,percent_decrease,0.85390675,True
"I'd like to know find the total of 352,756 and 2,846 please",addition,addition,0.9994049,True
"Tell me find the minimum for 18,745, -8,964, -13,092",statistics,statistics,0.9978708,True
"I'd like to know calculate CAGR if 1,852,031 grows to 5,825,237 in 4 years please",cagr,cagr,0.99955946,True
"Help me work out the mean from these numbers -9,273, 11,285, -9,851, 17,632, -6,557, 13,180, -10,289, 3,065 please",statistics,statistics,0.93870795,True
"Figure out calculate 417,248 + 14,138 please",addition,addition,0.99652064,True
"Work out calculate 1,512,196 - 10,453?",subtraction,subtraction,0.99645644,True
Tell me what does 3502 - (790 / 19) come to for me,generic_expression,subtraction,0.38596973,False
Figure out what does 8 factorial equal exactly,factorial,factorial,0.97038716,True
"Please what is 789,681 minus 20,530 if possible",subtraction,subtraction,0.99757105,True
"Tell me what is 951,049 times 23,073 for me",multiplication,multiplication,0.99458575,True
Help me calculate 0! please,factorial,factorial,0.97787684,True
"Can you solve 32x + 293 = -10,139?",equation,equation,0.99955136,True
"I want to calculate what is the root of 8,679,051 if possible",square_root,square_root,0.9345772,True
"Tell me find the quotient of 1,479,492 and 412 for me",division,division,0.9989667,True
"Help me calculate CAGR if 1,038,361 grows to 1,254,012 in 2 years exactly",cagr,cagr,0.9994704,True
"Can you calculate the EMI on 3,000,085 at 10.29% for 18 years for me",emi,emi,0.69069964,True
"Help me what is 130,526 minus 4,502",subtraction,subtraction,0.99778444,True
"Tell me simple interest on 4,720,151 at 6.02% for 5 years for me",simple_interest,simple_interest,0.9995296,True
Could you determine x from 40x + 957 = -523?,equation,equation,0.9998721,True
"How many miles are 26,873.24 km please",unit_conversion,unit_conversion,0.98950094,True
"Tell me find the average for -15,211, 13,599, -19,260",statistics,statistics,0.99288225,True
"I want to calculate calculate CAGR if 1,534,856 grows to 5,932,913 in 6 years?",cagr,cagr,0.9992878,True
"Help me calculate 1,437,697 + 11,478?",addition,addition,0.99721056,True
"Convert 50,073.8 miles into km if possible",unit_conversion,unit_conversion,0.97780627,True
"I want to calculate find the total of 76,223 and 5,766 please",addition,addition,0.9987752,True
"Could you what is the root of 24,422,413 exactly",square_root,square_root,0.98552936,True
"Work out calculate sqrt(10,421,471)",square_root,square_root,0.9940303,True
"Can you work out 13.98% of 269,508 for me",percentage,percentage,0.99091244,True
"Figure out work out the mean from these numbers -17,242, -11,872, -15,070, 15,172, -19,470 please",statistics,statistics,0.40845752,True
"How many pounds is 59,613.84 kg for me",unit_conversion,unit_conversion,0.9963291,True
Figure out calculate the sine of 203.76 degrees please,trigonometry,trigonometry,0.9999088,True
"I need you to calculate 18,250 - 16,834 if possible",subtraction,subtraction,0.99766845,True
"Figure out calculate the EMI on 722,239 at 6.36% for 1 years if possible",emi,emi,0.6301568,True
"Figure out calculate sqrt(134,689) exactly",square_root,square_root,0.99645066,True
"Work out calculate 1,741,736 / 431 exactly",division,division,0.9959699,True
"Figure out find the median for 10,420, -6,889, 4,360, 11,669, 19,178, 5,714 please",statistics,statistics,0.77649665,True
"Work out work out 21.78% of 1,114,906 exactly",percentage,percentage,0.99695635,True
I need you to calculate 14! for me,factorial,factorial,0.22907631,True
"Can you increase 1,056,005 by 11.14%?",percent_increase,percent_increase,0.9996507,True
"Work out subtract 25.1% from 370,422 if possible",percent_decrease,percent_decrease,0.99784267,True
"I'd like to know what remains after reducing 845,415 by 16.22% please",percent_decrease,percent_decrease,0.8244296,True
Figure out find the base 10 log of 10,logarithm,logarithm,0.9769512,True
"I want to calculate add 109,976 to 20,651 if possible",addition,addition,0.98586977,True
"I'd like to know calculate the median of 15,817, 12,236, 9,029, 10,486, -18,943 please",statistics,statistics,0.31762218,True
"Can you take 15,761 away from 1,199,691 please",subtraction,subtraction,0.9996251,True
"Tell me subtract 67.52% from 379,880?",percent_decrease,percent_decrease,0.99778,True
"Work out calculate CAGR if 840,472 grows to 2,129,309 in 20 years please",cagr,cagr,0.9995491,True
"How many feet are 5,813.69 meters for me",unit_conversion,unit_conversion,0.9957943,True
"Tell me simple interest on 4,091,542 at 16.78% for 24 years?",simple_interest,simple_interest,0.9993345,True
"I need you to find x where 56x + 236 equals 22,300 if possible",equation,addition,0.28968814,False
Tell me evaluate factorial(8) please,factorial,factorial,0.99734396,True
"How many pounds is 12,178.95 kg please",unit_conversion,unit_conversion,0.9935596,True
"Please tell me 82.96 percent of 82,776 please",percentage,percentage,0.98676074,True
"Please calculate CI for 2,596,565 with rate 8.88% and time 2 years?",compound_interest,compound_interest,0.9987643,True
"Tell me calculate the EMI on 6,033,226 at 14.82% for 14 years exactly",emi,emi,0.6266344,True
"Please work out the variance from these numbers -121, -14,903, 9,258, 16,450, 10,588, -17,884 please",statistics,statistics,0.54682624,True
"Help me tell me 89.12 percent of 1,979,386 exactly",percentage,percentage,0.98589516,True
"I'd like to know what value of x satisfies 32x + 614 = 14,406",equation,equation,0.99969625,True
"I want to calculate CAGR from 477,500 to 1,140,966 over 10 years if possible",cagr,cagr,0.9960898,True
"Figure out how much compound interest does 5,523,246 earn at 21.31% for 5 years please",compound_interest,compound_interest,0.99540186,True
Could you evaluate cos at 94.8 degrees exactly,trigonometry,trigonometry,0.9995777,True
"Please calculate 689,587 / 2,423",division,division,0.99715173,True
"I need you to what monthly payment would I have for 1,516,344 at 12.87% over 9 years please",emi,emi,0.9962536,True
"I'd like to know compound interest on 1,698,022 at 21.07% for 5 years exactly",compound_interest,compound_interest,0.99775296,True
"Could you evaluate the square root of 1,815,032?",square_root,square_root,0.9996606,True
"Help me calculate sqrt(720,801) please",square_root,square_root,0.999548,True
"I want to calculate what is 533,065 times 4,019 please",multiplication,multiplication,0.9887411,True
"Work out subtract 10,962 from 1,124,936?",subtraction,subtraction,0.99765515,True
Work out what is 99 power 8 if possible,power,power,0.999037,True
Figure out what does (1198 + 225) * 9 come to if possible,generic_expression,multiplication,0.53875583,False
"Help me work out 73.72% of 776,339 please",percentage,percentage,0.99520713,True
"Help me divide 666,592 by 563 exactly",division,division,0.9993729,True
"I'd like to know what remains after reducing 888,189 by 68.65%?",percent_decrease,percent_decrease,0.8337596,True
"I want to calculate calculate 591,780 - 24,039 if possible",subtraction,subtraction,0.9846602,True
"I want to calculate what does 1,101,684 become after a 29.22% increase if possible",percent_increase,percent_increase,0.9972149,True
"Turn 61,646.43 degrees F into Celsius?",unit_conversion,trigonometry,0.94913673,False
Work out evaluate ln(10)?,logarithm,logarithm,0.97657317,True
"Help me find the compound annual growth rate from 1,651,514 to 4,418,293 over 1 years exactly",cagr,cagr,0.99331325,True
"Can you what is the root of 14,455,204 exactly",square_root,square_root,0.9792443,True
"How many pounds is 23,981.45 kg exactly",unit_conversion,unit_conversion,0.9955843,True
"Could you CAGR from 654,241 to 2,365,767 over 3 years please",cagr,cagr,0.9822735,True
"Please calculate SI for 688,235 with rate 15.77% and time 18 years for me",simple_interest,simple_interest,0.9974612,True
"Convert 12,850.73 miles into km if possible",unit_conversion,unit_conversion,0.9755258,True
"Tell me what is the root of 10,824,065 exactly",square_root,square_root,0.97819364,True
Can you what is 474 power 3,power,power,0.9992986,True
"Please how much simple interest does 3,356,707 earn at 5.97% for 3 years for me",simple_interest,simple_interest,0.9983041,True
"Figure out tell me 32.12 percent of 261,523 please",percentage,percentage,0.98934865,True
"Please monthly EMI for a loan of 171,928 at 13.7% over 20 years for me",emi,emi,0.9999976,True
Could you raise 797 to the 6th power exactly,power,power,0.99992836,True
"Figure out calculate SI for 7,745,888 with rate 19.59% and time 4 years if possible",simple_interest,simple_interest,0.9992848,True
"Can you calculate 1,473,366 + 24,839",addition,addition,0.9969664,True
"Can you calculate 52.48 percent of 886,341 exactly",percentage,percentage,0.9913634,True
"Help me calculate the maximum of -18,940, -16,634, -19,917 exactly",statistics,statistics,0.515498,True
"Figure out find the median for -2,005, -19,187, -19,203, 12,466, -13,465, 18,933, -18,366, -1,382 please",statistics,statistics,0.7225625,True
"I'd like to know increase 1,048,876 by 30.95% please",percent_increase,percent_increase,0.999742,True
I want to calculate what is 758 power 2?,power,power,0.99973756,True
"I want to calculate calculate 546,442 - 21,622 if possible",subtraction,subtraction,0.98620945,True
Can you find the factorial for 10 exactly,factorial,factorial,0.99952376,True
"Figure out calculate 1,335,820 - 18,756 exactly",subtraction,subtraction,0.995447,True
"Work out calculate 62,439 * 17,744 if possible",multiplication,multiplication,0.99782383,True
"I'd like to know decrease 1,836,400 by 92.31% for me",percent_decrease,percent_decrease,0.99925715,True
"I want to calculate add 1,795,361 to 15,849 if possible",addition,addition,0.9925054,True
"How many feet are 51,593.85 meters",unit_conversion,unit_conversion,0.99835086,True
"Help me what is 1,946,248 times 16,539 for me",multiplication,multiplication,0.99499893,True
"Can you CAGR from 505,381 to 573,124 over 10 years if possible",cagr,cagr,0.99105376,True
"Could you calculate 1,185,603 - 17,998",subtraction,subtraction,0.9973303,True
I need you to evaluate sin at 357.8 degrees for me,trigonometry,trigonometry,0.99960476,True
Work out what is tan(176.8) exactly,trigonometry,percentage,0.27058616,False
"Help me calculate CAGR if 616,847 grows to 1,500,901 in 5 years for me",cagr,cagr,0.9995745,True
"Please add 142,608 to 15,891",addition,addition,0.9952714,True
I want to calculate factorial of 11,factorial,factorial,0.9973635,True
Tell me calculate 820 to the power of 10 exactly,power,power,0.9999492,True
Can you calculate the tangent of 315.35 degrees for me,trigonometry,trigonometry,0.9999542,True
"Figure out what remains after reducing 963,738 by 22.14% for me",percent_decrease,percent_decrease,0.8165942,True
"I want to calculate calculate 915,670 / 1,665",division,division,0.9966421,True
Could you raise 460 to the 7th power?,power,power,0.9997607,True
"Figure out what is 1,976,186 minus 13,720 for me",subtraction,subtraction,0.9947225,True
"Please monthly EMI for a loan of 3,886,012 at 4.11% over 1 years?",emi,emi,0.9999895,True
Figure out find tangent for an angle of 329.45 degrees,trigonometry,trigonometry,0.99993587,True
"I need you to what does 1,633,457 become after a 53.27% increase please",percent_increase,percent_increase,0.9983961,True
Work out find the factorial for 3 please,factorial,factorial,0.9995639,True
"Figure out find the quotient of 231,737 and 303?",division,division,0.9991339,True
"Tell me calculate CI for 172,505 with rate 7.75% and time 14 years exactly",compound_interest,compound_interest,0.99783164,True
"Tell me determine x from 90x + 339 = -44,481 exactly",equation,equation,0.9995285,True
Tell me what does 18 factorial equal if possible,factorial,factorial,0.9150742,True
Can you calculate 472 to the power of 4 if possible,power,power,0.9999962,True
"I want to calculate monthly EMI for a loan of 2,205,576 at 15.16% over 12 years?",emi,emi,0.99998903,True
"Tell me calculate 710,711 + 19,606?",addition,addition,0.99642664,True
"Can you what value of x satisfies 88x - 226 = -21,434 for me",equation,equation,0.99961555,True
"I need you to calculate the EMI on 6,956,915 at 3.82% for 8 years?",emi,emi,0.64099354,True
I'd like to know what is 861 power 12?,power,power,0.9996767,True
"Help me what amount is 2.09% of 464,625 for me",percentage,percentage,0.99975723,True
"Can you what is 1,971,122 divided by 421 exactly",division,division,0.9983858,True
"I'd like to know find x where 60x - 938 equals 8,302 if possible",equation,addition,0.26246145,False
Figure out evaluate factorial(14) exactly,factorial,factorial,0.9938107,True
"Help me simple interest on 377,793 at 5.59% for 22 years please",simple_interest,simple_interest,0.9994924,True
"Could you monthly EMI for a loan of 3,710,464 at 1.74% over 15 years for me",emi,emi,0.9999918,True
"Please what is 1,823,550 divided by 713 exactly",division,division,0.99777204,True
"Can you work out the maximum from these numbers -14,334, -14,680, 5,017, -11,280, 15,024, -13,930 if possible",statistics,statistics,0.7353096,True
"I'd like to know calculate sqrt(7,300,804) if possible",square_root,square_root,0.98884785,True
"Could you work out the average from these numbers -2,334, -10,273, 7,618?",statistics,statistics,0.99869055,True
"Work out calculate log10(10,000) if possible",logarithm,logarithm,0.9994956,True
"I need you to find the total of 1,135,073 and 779 if possible",addition,addition,0.9989875,True
I'd like to know what is 449 power 11,power,power,0.9997738,True
"I'd like to know calculate sqrt(8,555,625) please",square_root,square_root,0.98370254,True
"I want to calculate find the base 10 log of 100,000 for me",logarithm,logarithm,0.947465,True
"I'd like to know divide 1,036,949 by 337 exactly",division,division,0.99859315,True
Turn 559.46 degrees F into Celsius,unit_conversion,trigonometry,0.9866058,False
"Can you determine x from 35x + 903 = 17,318 please",equation,equation,0.99971646,True
Can you give me the value of 1226 * 24 + 748 exactly,generic_expression,generic_expression,0.8540242,True
"Please calculate 655,822 - 21,381 please",subtraction,subtraction,0.9964365,True
"Work out find the product of 1,261,872 and 20,111 please",multiplication,multiplication,0.9989599,True
"Can you what remains after reducing 668,402 by 51.73% if possible",percent_decrease,percent_decrease,0.84851855,True
"Can you calculate the median of 16,885, 69, -5,532, 6,084, 1,597, 18,401 please",statistics,statistics,0.69671386,True
"I need you to calculate CI for 7,831,744 with rate 9.3% and time 13 years for me",compound_interest,compound_interest,0.9982383,True
"Tell me what is 421,588 plus 6,857 for me",addition,addition,0.9939889,True
"Could you what is 787,753 plus 18,663 exactly",addition,addition,0.99471104,True
"Tell me work out the average from these numbers -2,623, -15,612, -1,980, 9,537, 15,791, -260, 6,175, 1,463, 4,585, 16,557, -5,053, -11,292?",statistics,statistics,0.9984459,True
"I'd like to know what does 1,748,104 become after a 3.33% increase",percent_increase,percent_increase,0.99932027,True
Figure out evaluate factorial(13) please,factorial,factorial,0.98224777,True
"Can you add 37.46% to 54,620 exactly",percent_increase,percent_increase,0.99720687,True
"Can you what is 170,410 times 14,952",multiplication,multiplication,0.998128,True
I need you to evaluate 303^2 please,power,power,0.9999089,True
"Help me how much simple interest does 6,457,265 earn at 19.51% for 20 years",simple_interest,simple_interest,0.99807286,True
"I'd like to know simple interest on 6,120,131 at 19.27% for 15 years",simple_interest,simple_interest,0.99915874,True
"I want to calculate what is the root of 12,262,997 if possible",square_root,square_root,0.95113647,True
"Please calculate 905,503 / 227",division,division,0.99828607,True
"I want to calculate find the quotient of 1,454,388 and 892 exactly",division,division,0.9971903,True
"I need you to calculate 80.69 percent of 1,756,581 exactly",percentage,percentage,0.99194664,True
"I need you to calculate CI for 6,466,475 with rate 13.44% and time 1 years please",compound_interest,compound_interest,0.99710673,True
"Help me calculate 4,332,432 / 1,048 exactly",division,division,0.9969138,True
"Can you how much simple interest does 7,244,088 earn at 10.87% for 16 years",simple_interest,simple_interest,0.9981552,True
"Convert 42,222.17 miles into km?",unit_conversion,unit_conversion,0.9707671,True
"I need you to CAGR from 194,438 to 601,746 over 20 years?",cagr,cagr,0.97565395,True
"Please how much compound interest does 3,576,531 earn at 13.53% for 2 years exactly",compound_interest,compound_interest,0.99518245,True
"I want to calculate how much compound interest does 1,005,379 earn at 13.86% for 20 years?",compound_interest,compound_interest,0.99604493,True
"Can you subtract 12,179 from 1,035,083",subtraction,subtraction,0.99788123,True
"I'd like to know find the product of 1,176,683 and 11,576",multiplication,multiplication,0.9988557,True
Can you evaluate ln(10) if possible,logarithm,logarithm,0.96935534,True
"Work out add 1,330,750 to 7,090 for me",addition,addition,0.99499077,True
"Can you evaluate the square root of 21,307,456",square_root,square_root,0.99985516,True
"Work out subtract 91.09% from 1,833,265 please",percent_decrease,percent_decrease,0.99769694,True
"Tell me subtract 8,653 from 1,923,039?",subtraction,subtraction,0.9973755,True
"I'd like to know calculate SI for 5,670,730 with rate 13.51% and time 11 years",simple_interest,simple_interest,0.99906033,True
"I need you to work out 7.3% of 1,105,885 for me",percentage,percentage,0.9951342,True
"How many feet are 39,956.32 meters for me",unit_conversion,unit_conversion,0.9968232,True
Figure out raise 879 to the 3th power,power,power,0.99995637,True
Can you what does (1411 + 280) * 4 come to,generic_expression,multiplication,0.6502821,False
"Please take 382 away from 1,780,147 please",subtraction,subtraction,0.99978846,True
Tell me evaluate this expression: sqrt(1057) + 821 if possible,generic_expression,generic_expression,0.9962004,True
"Convert 16,572.5 pounds into kilograms?",unit_conversion,unit_conversion,0.9223582,True
"I need you to calculate log10(1,000) exactly",logarithm,logarithm,0.99939954,True
"Can you how much compound interest does 7,138,170 earn at 1.97% for 15 years?",compound_interest,compound_interest,0.99648994,True
"Please how much compound interest does 1,838,038 earn at 14.88% for 3 years if possible",compound_interest,compound_interest,0.99548066,True
"How many pounds is 72,215 kg",unit_conversion,unit_conversion,0.99916625,True
Work out calculate 15!,factorial,factorial,0.43251273,True
"I need you to what is 1,803,148 minus 9,710 for me",subtraction,subtraction,0.99589145,True
"Work out subtract 8,271 from 1,760,660 if possible",subtraction,subtraction,0.9969572,True
Figure out calculate 2! for me,factorial,factorial,0.96980435,True
"Could you calculate SI for 4,452,234 with rate 10.27% and time 2 years exactly",simple_interest,simple_interest,0.9972892,True
I'd like to know what does (1620 + 539) * 19 come to for me,generic_expression,multiplication,0.6058672,False
"I'd like to know CAGR from 759,063 to 2,652,626 over 18 years exactly",cagr,cagr,0.9853989,True
"Tell me calculate 69.7 percent of 1,218,184",percentage,percentage,0.9970613,True
"Figure out find the compound annual growth rate from 723,566 to 1,588,212 over 3 years please",cagr,cagr,0.9945668,True
"I'd like to know tell me 94.35 percent of 782,997?",percentage,percentage,0.9839109,True
"I need you to what monthly payment would I have for 7,247,453 at 17.11% over 11 years?",emi,emi,0.9967411,True
"Help me calculate CI for 3,879,888 with rate 5.3% and time 13 years exactly",compound_interest,compound_interest,0.9986669,True
"Work out how much simple interest does 5,470,749 earn at 10.14% for 14 years for me",simple_interest,simple_interest,0.99801,True
Tell me calculate 63 to the power of 11 for me,power,power,0.99999666,True
"Please add 1,592,452 to 8,958 please",addition,addition,0.9945516,True
"Figure out what amount is 7.83% of 777,883",percentage,percentage,0.99988866,True
"Please monthly EMI for a loan of 3,325,057 at 3.78% over 11 years for me",emi,emi,0.99999404,True
"How many pounds is 25,331.83 kg exactly",unit_conversion,unit_conversion,0.9960329,True
"Can you what is 1,681,007 times 8,481 if possible",multiplication,multiplication,0.99561876,True
"Help me how much compound interest does 5,060,209 earn at 13.16% for 21 years",compound_interest,compound_interest,0.997138,True
"Work out monthly EMI for a loan of 2,393,745 at 9.48% over 10 years if possible",emi,emi,0.99999344,True
"Tell me what is 4,738,552 divided by 1,981?",division,division,0.9983924,True
"How many feet are 78,362.54 meters if possible",unit_conversion,unit_conversion,0.9976936,True
"Help me calculate CAGR if 1,551,595 grows to 2,638,612 in 9 years please",cagr,cagr,0.99969053,True
"Tell me calculate 49.51 percent of 881,724 exactly",percentage,percentage,0.98953885,True
"I'd like to know work out 29.92% of 1,605,787 for me",percentage,percentage,0.9949079,True
Tell me evaluate this expression: (3330 - 730) / 17 for me,generic_expression,generic_expression,0.9992823,True
"Could you how much simple interest does 1,270,139 earn at 20.74% for 14 years if possible",simple_interest,simple_interest,0.9981931,True
"Help me what is 278,922 divided by 1,374 please",division,division,0.9994289,True
"Can you evaluate ln(873,782.32) if possible",logarithm,logarithm,0.97999877,True
"Can you what value of x satisfies 55x - 728 = -5,898 please",equation,equation,0.9997472,True
"I'd like to know calculate the EMI on 3,339,264 at 14.13% for 20 years for me",emi,emi,0.64942706,True
"Please find the product of 1,439,333 and 17,384 if possible",multiplication,multiplication,0.99850583,True
"I need you to calculate CI for 6,010,791 with rate 5.98% and time 20 years",compound_interest,compound_interest,0.9982015,True
"Tell me reduce 1,919,752 by 36.75 percent?",percent_decrease,percent_decrease,0.9920231,True
Can you calculate 8! please,factorial,trigonometry,0.33212808,False
"Please calculate SI for 4,969,983 with rate 9.05% and time 2 years",simple_interest,simple_interest,0.99892527,True
"I need you to subtract 13,780 from 516,769?",subtraction,subtraction,0.99632686,True
"Can you find the product of 1,427,463 and 13,927?",multiplication,multiplication,0.99896896,True
"Work out what does 737,249 become after a 77.18% increase if possible",percent_increase,percent_increase,0.99759465,True
"Figure out find the total of 795,127 and 7,009 exactly",addition,addition,0.99770516,True
"Work out calculate SI for 3,536,591 with rate 15.95% and time 9 years",simple_interest,simple_interest,0.99918133,True
Could you raise 714 to the 3th power if possible,power,power,0.9999645,True
Tell me give me the value of sqrt(1253) + 558 for me,generic_expression,square_root,0.8540885,False
"I want to calculate calculate SI for 4,633,796 with rate 7.66% and time 10 years",simple_interest,simple_interest,0.99875426,True
"I want to calculate monthly EMI for a loan of 6,629,363 at 17.14% over 20 years exactly",emi,emi,0.9999831,True
"Help me what is the variance in this list: -11,445, -14,465, 9,122, -17,171, 7,950, 5,662, -18,597, -677 exactly",statistics,statistics,0.79653054,True
"I want to calculate CAGR from 786,783 to 2,051,455 over 20 years for me",cagr,cagr,0.9968681,True
"Please determine x from 97x - 157 = -48,560",equation,equation,0.99972564,True
"Help me calculate SI for 6,930,573 with rate 11.8% and time 24 years exactly",simple_interest,simple_interest,0.9984201,True
"I need you to decrease 376,504 by 80.03%?",percent_decrease,percent_decrease,0.9989549,True
"I'd like to know evaluate ln(983,838.5)?",logarithm,logarithm,0.9512677,True
Tell me raise 927 to the 2th power if possible,power,power,0.99997115,True
"Tell me evaluate the square root of 13,010,059 exactly",square_root,square_root,0.9995634,True
"Tell me what value of x satisfies 93x + 877 = 36,403 for me",equation,equation,0.99960965,True
"Please calculate 2.04 percent of 1,892,781 please",percentage,percentage,0.9964322,True
"Figure out what does 1,958,689 become after a 55.9% increase if possible",percent_increase,percent_increase,0.9979487,True
"I want to calculate evaluate ln(529,522.88) if possible",logarithm,logarithm,0.9291321,True
Can you work out the following expression: 4689^2 + 565,generic_expression,generic_expression,0.9965113,True
"Figure out grow 1,885,559 by 78.65 percent",percent_increase,percentage,0.49395013,False
"Help me calculate SI for 960,140 with rate 10.01% and time 12 years please",simple_interest,simple_interest,0.9988348,True
"I'd like to know simple interest on 5,591,493 at 13.85% for 2 years please",simple_interest,simple_interest,0.99883825,True
"Please work out the variance from these numbers 9,057, 7,301, 1,850, -9,841, 9,123, 5,132, 12,103, 16,851, 18,494, -2,663, -12,195, -16,381 please",statistics,statistics,0.9386252,True
"Help me what monthly payment would I have for 4,745,090 at 13.49% over 17 years please",emi,emi,0.996881,True
"I want to calculate find the base 10 log of 10,000",logarithm,logarithm,0.95974344,True
"I need you to calculate SI for 5,489,500 with rate 9.68% and time 14 years",simple_interest,simple_interest,0.99819416,True
"Help me find the square root of 34,596 if possible",square_root,square_root,0.99996936,True
"Help me work out the variance from these numbers -6,626, -19,529, 12,797, 10,782, 9,683, -17,162 exactly",statistics,statistics,0.74549806,True
"Can you calculate 45.8 percent of 1,359,490 for me",percentage,percentage,0.9941955,True
"I'd like to know what is 254,594 divided by 843?",division,division,0.9988103,True
Tell me calculate 490 to the power of 6 for me,power,power,0.99998415,True
"Can you find the square root of 22,829,284 exactly",square_root,square_root,0.99980706,True
Can you evaluate this expression: (3110 + 787) * 24 please,generic_expression,generic_expression,0.99954766,True
"Figure out work out 67.15% of 855,613",percentage,percentage,0.9964259,True
"Work out what is 878,699 divided by 1,361 for me",division,division,0.99886,True
Please find the factorial for 19,factorial,factorial,0.9993618,True
"Work out what does 1,138,973 become after a 71.43% increase",percent_increase,percent_increase,0.9984503,True
"Figure out find the quotient of 81,368 and 506 please",division,division,0.9993734,True
"I'd like to know calculate SI for 490,229 with rate 19.17% and time 18 years for me",simple_interest,simple_interest,0.9979978,True
"Tell me work out the mode from these numbers -15,490, 4,400, 14,676, -17,689, 4,028, 13,837, -8,590, -6,503, 3,348, -7,629?",statistics,statistics,0.9985083,True
"I want to calculate grow 691,338 by 40.34 percent?",percent_increase,percentage,0.43854743,False
Could you calculate the sine of 292.84 degrees if possible,trigonometry,trigonometry,0.999866,True
"Can you add 12.64% to 1,706,442 please",percent_increase,percent_increase,0.99855775,True
"Help me grow 1,217,492 by 62.54 percent",percent_increase,percentage,0.44715643,False
"Figure out what monthly payment would I have for 1,695,648 at 11.25% over 2 years please",emi,emi,0.9965823,True
"Work out calculate the EMI on 1,661,026 at 16.84% for 2 years?",emi,emi,0.6136319,True
"I need you to evaluate the square root of 6,454,268 for me",square_root,square_root,0.9996141,True
"Can you solve 85x + 354 = 5,284",equation,equation,0.99980897,True
"Tell me what monthly payment would I have for 7,268,396 at 10.95% over 18 years for me",emi,emi,0.99826294,True
"I need you to find the base 10 log of 100,000 if possible",logarithm,logarithm,0.9618054,True
"Help me calculate CAGR if 1,482,064 grows to 5,591,977 in 16 years exactly",cagr,cagr,0.99945194,True
"I need you to evaluate ln(100,000) for me",logarithm,logarithm,0.9320655,True
"Please grow 1,637,651 by 49.88 percent please",percent_increase,percentage,0.31416383,False
"I'd like to know what is 1,788,605 minus 15,931 if possible",subtraction,subtraction,0.9946074,True
"Work out simple interest on 6,811,364 at 20.92% for 21 years",simple_interest,simple_interest,0.99951434,True
"Figure out calculate CAGR if 1,096,195 grows to 1,405,139 in 3 years exactly",cagr,cagr,0.99938476,True
"I'd like to know evaluate ln(100,000) exactly",logarithm,logarithm,0.89205265,True
"Could you calculate the EMI on 2,280,640 at 21.7% for 4 years?",emi,emi,0.6681429,True
"Figure out simple interest on 3,563,438 at 2.46% for 6 years",simple_interest,simple_interest,0.99957603,True
"I'd like to know how much compound interest does 1,351,824 earn at 19.2% for 6 years",compound_interest,compound_interest,0.9976695,True
"Convert 70,392.18 feet into meters?",unit_conversion,unit_conversion,0.9855612,True
Figure out evaluate 475^8 exactly,power,power,0.9998646,True
"Figure out what is 1,043,015 times 24,846",multiplication,multiplication,0.9908116,True
"I want to calculate what is the root of 5,183,798?",square_root,square_root,0.9460617,True
"Convert 12,741.52 pounds into kilograms please",unit_conversion,unit_conversion,0.89854145,True
Please evaluate factorial(16) for me,factorial,factorial,0.9962094,True
"Can you how much compound interest does 5,893,271 earn at 3.49% for 23 years exactly",compound_interest,compound_interest,0.9951668,True
"I want to calculate add 24.38% to 69,004 exactly",percent_increase,percent_increase,0.9964179,True
Help me factorial of 2,factorial,factorial,0.9993333,True
"Figure out calculate 26.56 percent of 136,479 please",percentage,percentage,0.99347633,True
"Could you what does 1,125,506 become after a 56.58% increase exactly",percent_increase,percent_increase,0.99722147,True
"Could you evaluate the square root of 21,560,787",square_root,square_root,0.9998373,True
"Help me work out the median from these numbers 18,821, -8,247, -6,538, 17,632, 17,153?",statistics,statistics,0.83359563,True
"Work out what is 1,113,226 plus 3,608?",addition,addition,0.9952049,True
"Please what is 1,084,177 plus 17,192 exactly",addition,addition,0.9962496,True
"Please what does 339,406 become after a 95.57% increase please",percent_increase,percent_increase,0.99819654,True
"I need you to calculate 1,062,044 * 11,375 please",multiplication,multiplication,0.9982817,True
"Can you monthly EMI for a loan of 1,415,022 at 9.78% over 25 years",emi,emi,0.99999404,True
Help me what does 18 factorial equal?,factorial,factorial,0.9300571,True
"Please what is 1,121,515 times 14,005?",multiplication,multiplication,0.99559057,True
"I need you to determine x from 46x - 903 = 7,377 if possible",equation,equation,0.99975234,True
"Tell me find the quotient of 1,716,371 and 329 please",division,division,0.99917704,True
Help me factorial of 12 if possible,factorial,factorial,0.9950126,True
"Please what amount is 89.13% of 1,594,936 for me",percentage,percentage,0.99982893,True
"I want to calculate work out the standard deviation from these numbers -13,467, 9,902, -13,659, 4,580, -17,699, 17,296 if possible",statistics,statistics,0.99615943,True
Figure out find the base 10 log of 100?,logarithm,logarithm,0.9472381,True
"I want to calculate what is 410,172 divided by 1,542?",division,division,0.99806565,True
Can you calculate 10! if possible,factorial,factorial,0.21934383,True
"Figure out calculate the EMI on 3,816,727 at 7.9% for 11 years for me",emi,emi,0.6627998,True
"Could you work out 31.38% of 690,904 if possible",percentage,percentage,0.9965771,True
"I need you to calculate the EMI on 2,096,418 at 17.83% for 19 years exactly",emi,emi,0.6354282,True
"Can you work out the mean from these numbers 596, 12,722, -941, -7,709, -1,864 please",statistics,statistics,0.83263665,True
I'd like to know what is cos(254.16) if possible,trigonometry,percentage,0.19724669,False
Please find the base 10 log of 100 please,logarithm,logarithm,0.9545191,True
"I want to calculate find the compound annual growth rate from 1,856,887 to 5,434,463 over 12 years?",cagr,cagr,0.9959858,True
"Please divide 1,229,449 by 1,322",division,division,0.99956185,True
"Work out what value of x satisfies 41x - 46 = 15,288 if possible",equation,equation,0.9997601,True
"I want to calculate find the base 10 log of 618,495.4 if possible",logarithm,logarithm,0.7150328,True
"I want to calculate subtract 18,437 from 502,340 if possible",subtraction,subtraction,0.9950376,True
"Please calculate 48.66 percent of 121,973 if possible",percentage,percentage,0.99526066,True
"Help me what is 325,235 minus 11,678?",subtraction,subtraction,0.9979651,True
"Tell me find the product of 284,740 and 1,612 for me",multiplication,multiplication,0.9976584,True
"I'd like to know work out 71.68% of 1,289,810 for me",percentage,percentage,0.9968027,True
"Tell me what is the minimum in this list: -9,972, 765, -5,403, 2,667, 14,089, -12,555, 1,558, 14,409, -7,179, -9,738, -10,529, 7,686 if possible",statistics,statistics,0.9975495,True
"Figure out find the product of 488,306 and 8,904?",multiplication,multiplication,0.99763274,True
"Work out tell me 63.46 percent of 1,902,819 for me",percentage,percentage,0.989758,True
Work out solve 8x - 850 = -714?,equation,equation,0.999884,True
"How many feet are 79,204.18 meters exactly",unit_conversion,unit_conversion,0.9964616,True
Tell me give me the value of (4171 - 828) / 11?,generic_expression,generic_expression,0.7931708,True
"Please tell me 63.27 percent of 939,577 if possible",percentage,percentage,0.98832625,True
Please evaluate factorial(14) for me,factorial,factorial,0.9961826,True
I need you to evaluate factorial(11) exactly,factorial,factorial,0.9781415,True
"Work out what is 1,498,897 divided by 2,015 for me",division,division,0.9963529,True
"Please calculate the EMI on 2,974,569 at 10.29% for 17 years please",emi,emi,0.6435469,True
"I'd like to know monthly EMI for a loan of 4,549,003 at 15.55% over 24 years for me",emi,emi,0.99999213,True
"I want to calculate calculate CI for 2,897,466 with rate 14.24% and time 10 years for me",compound_interest,compound_interest,0.9988513,True
Can you find the base 10 log of 10 exactly,logarithm,logarithm,0.93974495,True
Work out calculate the cosine of 60.09 degrees,trigonometry,trigonometry,0.9999682,True
"Work out calculate CI for 4,044,732 with rate 10.68% and time 8 years",compound_interest,compound_interest,0.9992362,True
"Please grow 1,571,370 by 65.8 percent exactly",percent_increase,percentage,0.3040684,False
"Figure out tell me 29.9 percent of 989,836 if possible",percentage,percentage,0.9925413,True
Could you evaluate ln(100) please,logarithm,logarithm,0.94406855,True
"Could you find the base 10 log of 1,000?",logarithm,logarithm,0.9650836,True
"Can you what monthly payment would I have for 2,131,341 at 18.96% over 14 years please",emi,emi,0.9971727,True
Can you what is sin(127.32) if possible,trigonometry,percentage,0.34652448,False
Please calculate 4! please,factorial,factorial,0.9778683,True
"I'd like to know grow 1,711,973 by 49.18 percent?",percent_increase,percent_increase,0.3270844,True
"Please what monthly payment would I have for 5,058,800 at 21.49% over 1 years",emi,emi,0.9979207,True
"Could you find the compound annual growth rate from 1,515,698 to 3,001,201 over 10 years?",cagr,cagr,0.9935546,True
Can you evaluate 843^9 if possible,power,power,0.999967,True
"Can you work out 97.49% of 776,535?",percentage,percentage,0.99555993,True
"Can you what is the maximum in this list: 3,888, -7,246, 19,464, -19,317, 6,263, 782, 2,216, -11,592, -10,032, 2,486, -10,601, -16,507 please",statistics,statistics,0.93700486,True
"Could you what does 1,577,374 become after a 27.11% increase for me",percent_increase,percent_increase,0.9981179,True
"Can you what is 730,048 times 1,146 exactly",multiplication,multiplication,0.99607855,True
"Work out calculate CI for 2,384,901 with rate 8.58% and time 18 years for me",compound_interest,compound_interest,0.9985043,True
"I want to calculate calculate the EMI on 3,798,632 at 6.25% for 7 years?",emi,emi,0.53513896,True
"Figure out solve 20x - 140 = 2,420 exactly",equation,equation,0.9995505,True
"Figure out calculate 1,618,258 - 18,797",subtraction,subtraction,0.99729234,True
"Can you what is the mean in this list: 9,648, 8,840, 15,974, 17,731, 9,794, 9,632, -5,780, 13,922, -4,550, 84?",statistics,statistics,0.9432594,True
"Tell me monthly EMI for a loan of 3,310,946 at 12.01% over 18 years?",emi,emi,0.9999907,True
I need you to raise 436 to the 8th power?,power,power,0.9997923,True
Help me what does 14 factorial equal?,factorial,factorial,0.9302677,True
I need you to calculate 9! if possible,factorial,power,0.51559544,False
"I want to calculate calculate CAGR if 1,548,096 grows to 4,801,985 in 1 years for me",cagr,cagr,0.99935454,True
"Tell me find the compound annual growth rate from 1,656,080 to 4,803,114 over 13 years",cagr,cagr,0.99611145,True
"Tell me calculate CI for 4,876,197 with rate 18.3% and time 13 years for me",compound_interest,compound_interest,0.99879575,True
"Could you find the base 10 log of 100,000?",logarithm,logarithm,0.9591396,True
Help me calculate the sine of 277.89 degrees,trigonometry,trigonometry,0.9999356,True
"I'd like to know subtract 88.17% from 1,198,782 for me",percent_decrease,percent_decrease,0.9960561,True
"Figure out how much compound interest does 5,219,554 earn at 20.2% for 14 years?",compound_interest,compound_interest,0.9964007,True
"I want to calculate subtract 15,695 from 913,279 please",subtraction,subtraction,0.99492455,True
"Please tell me 13.02 percent of 1,593,641 if possible",percentage,percentage,0.9875702,True
I want to calculate find the factorial for 12 if possible,factorial,factorial,0.9962081,True
"Could you decrease 1,001,280 by 2.85% for me",percent_decrease,percent_decrease,0.9995383,True
"I need you to calculate CI for 2,607,863 with rate 19.49% and time 21 years",compound_interest,compound_interest,0.99795306,True
"Please what remains after reducing 260,440 by 59.75%?",percent_decrease,percent_decrease,0.88396615,True
"I need you to calculate the minimum of -19,227, 15,530, 13,669?",statistics,statistics,0.9797453,True
"Could you what is the natural log of 29,567.21 for me",logarithm,logarithm,0.69789886,True
"I'd like to know simple interest on 2,832,242 at 6.18% for 2 years exactly",simple_interest,simple_interest,0.99879956,True
"I want to calculate grow 1,154,774 by 96.15 percent?",percent_increase,percentage,0.37612802,False
"Can you calculate CI for 7,819,925 with rate 13.19% and time 20 years please",compound_interest,compound_interest,0.9980447,True
Help me work out the following expression: 2181 * 24 + 125 please,generic_expression,generic_expression,0.9924716,True
"Could you subtract 3,754 from 1,872,033 exactly",subtraction,subtraction,0.9959126,True
"Tell me calculate CI for 2,266,183 with rate 4.75% and time 8 years if possible",compound_interest,compound_interest,0.998725,True
"Tell me what is 1,363,867 plus 3,753 for me",addition,addition,0.99337983,True
"I need you to how much simple interest does 2,584,604 earn at 2.36% for 13 years?",simple_interest,simple_interest,0.99774665,True
"Please what remains after reducing 80,510 by 62.41% please",percent_decrease,percent_decrease,0.8840539,True
"Figure out reduce 1,818,682 by 49.14 percent",percent_decrease,percent_decrease,0.99467695,True
I need you to evaluate cos at 355 degrees if possible,trigonometry,trigonometry,0.9998491,True
Help me give me the value of 2594^3 + 133 if possible,generic_expression,power,0.8127455,False
"Work out how much simple interest does 3,402,725 earn at 20.85% for 3 years exactly",simple_interest,simple_interest,0.99638003,True
"Work out find the total of 874,209 and 14,438 for me",addition,addition,0.99825305,True
Help me find tangent for an angle of 273.68 degrees,trigonometry,trigonometry,0.9999449,True
"I'd like to know compound interest on 6,159,924 at 8.51% for 3 years please",compound_interest,compound_interest,0.9984126,True
Please what does (2029 + 739) * 5 come to please,generic_expression,multiplication,0.6508025,False
"Tell me what does 982,600 become after a 67.64% increase if possible",percent_increase,percent_increase,0.9985133,True
"Can you what does 798,478 become after a 36.09% increase",percent_increase,percent_increase,0.99923503,True
"I'd like to know what is 943,026 times 277 exactly",multiplication,multiplication,0.9941841,True
"Could you what value of x satisfies 7x - 792 = -2,689?",equation,equation,0.99970716,True
"I need you to work out the average from these numbers 2,193, -14,371, -9,844, -10,783, 14,075, 16,595 for me",statistics,statistics,0.9927517,True
I want to calculate what is 643 power 10?,power,power,0.9993418,True
"I want to calculate how much compound interest does 840,123 earn at 9.09% for 24 years",compound_interest,compound_interest,0.9973648,True
"Tell me what is the natural log of 100,000 exactly",logarithm,logarithm,0.824307,True
"I'd like to know calculate the EMI on 450,421 at 21.12% for 11 years if possible",emi,emi,0.6304212,True
I'd like to know evaluate cos at 290.49 degrees exactly,trigonometry,trigonometry,0.99854195,True
"Tell me CAGR from 725,945 to 2,870,987 over 14 years if possible",cagr,cagr,0.99399406,True
"I'd like to know find the compound annual growth rate from 752,088 to 2,889,609 over 18 years for me",cagr,cagr,0.99736315,True
"Tell me calculate 1,933,917 + 10,777 if possible",addition,addition,0.99709105,True
"Can you evaluate ln(1,000) please",logarithm,logarithm,0.9907946,True
"Figure out what does 971,964 become after a 90.36% increase if possible",percent_increase,percent_increase,0.99794394,True
"Can you how much compound interest does 609,546 earn at 8.79% for 15 years please",compound_interest,compound_interest,0.9965963,True
"Can you take 22,433 away from 282,478 please",subtraction,subtraction,0.9996228,True
"Can you what value of x satisfies 28x + 769 = -8,639?",equation,equation,0.9996152,True
"Work out how much simple interest does 6,638,058 earn at 5.49% for 19 years if possible",simple_interest,simple_interest,0.99796814,True
"Convert 48,082.06 Celsius to Fahrenheit please",unit_conversion,unit_conversion,0.9364806,True
I need you to evaluate this expression: 1643 - (700 / 12)?,generic_expression,generic_expression,0.99885345,True
"Please what value of x satisfies 81x + 412 = -24,941",equation,equation,0.99965596,True
"Tell me evaluate ln(1,000) for me",logarithm,logarithm,0.98401326,True
"Could you calculate 1,908,395 + 11,670",addition,addition,0.9983986,True
"Could you what is 549,570 times 5,189 please",multiplication,multiplication,0.9969773,True
"I need you to what monthly payment would I have for 2,705,492 at 3.69% over 24 years?",emi,emi,0.9972,True
"Could you what amount is 78% of 639,863",percentage,percentage,0.99995613,True
"Can you find the square root of 403,225",square_root,square_root,0.9999659,True
"Please what amount is 55.3% of 1,104,763 exactly",percentage,percentage,0.9999521,True
"Please determine x from 47x + 13 = -4,452 exactly",equation,equation,0.999731,True
"Help me calculate CI for 360,260 with rate 20.57% and time 15 years please",compound_interest,compound_interest,0.99794227,True
"Please evaluate ln(10,000) please",logarithm,logarithm,0.9605239,True
"Convert 78,632.63 miles into km if possible",unit_conversion,unit_conversion,0.9835175,True
I want to calculate evaluate ln(10)?,logarithm,logarithm,0.9162123,True
"Figure out what is the root of 986,049?",square_root,square_root,0.97953355,True
"I need you to simple interest on 2,458,182 at 9.33% for 17 years for me",simple_interest,simple_interest,0.99924445,True
"I'd like to know work out the median from these numbers -3,066, 7,803, 9,616, -7,436, -9,740, -9,372, 5,856, -18,709, -12,465, 9,567, 18,388, 8,768 if possible",statistics,statistics,0.9863994,True
Figure out what is tan(282.86) please,trigonometry,percentage,0.41233787,False
"I'd like to know what is the natural log of 1,000 please",logarithm,logarithm,0.80180675,True
Work out find the factorial for 14?,factorial,factorial,0.99690175,True
Please evaluate factorial(15) exactly,factorial,factorial,0.9971762,True
"Please calculate 1,225,718 / 1,932 for me",division,division,0.99824417,True
"I need you to increase 1,050,345 by 90.25%?",percent_increase,percent_increase,0.9996792,True
"Please how much compound interest does 218,065 earn at 13.04% for 10 years",compound_interest,compound_interest,0.9976445,True
Can you find sine for an angle of 311.08 degrees exactly,trigonometry,trigonometry,0.9995415,True
"Can you calculate log10(1,000) exactly",logarithm,logarithm,0.9995179,True
"Convert 28,724.52 Celsius to Fahrenheit exactly",unit_conversion,unit_conversion,0.9543724,True
"Figure out calculate CI for 5,786,077 with rate 20.21% and time 1 years if possible",compound_interest,compound_interest,0.99838555,True
"Can you what is 140,586 minus 24,577",subtraction,subtraction,0.99809605,True
"I need you to monthly EMI for a loan of 6,847,537 at 4.3% over 12 years if possible",emi,emi,0.9999938,True
"Please CAGR from 1,166,539 to 2,207,000 over 12 years for me",cagr,cagr,0.9907313,True
"Please what is the root of 8,099,716 please",square_root,square_root,0.9864053,True
Figure out factorial of 8 for me,factorial,factorial,0.9976889,True
Figure out what is tan(135.11) if possible,trigonometry,percentage,0.48753992,False
"Could you find the compound annual growth rate from 1,200,845 to 1,521,707 over 6 years?",cagr,cagr,0.99375916,True
Figure out raise 865 to the 12th power,power,power,0.9999548,True
"Tell me calculate 298,898 / 1,507?",division,division,0.9988187,True
"I'd like to know what does 180,402 become after a 39.32% increase?",percent_increase,percent_increase,0.9988379,True
I want to calculate calculate the tangent of 121.82 degrees for me,trigonometry,trigonometry,0.99993396,True
"I need you to calculate CAGR if 643,829 grows to 2,886,862 in 8 years exactly",cagr,cagr,0.99931645,True
"I'd like to know increase 350,602 by 36.13% exactly",percent_increase,percent_increase,0.99934345,True
Figure out raise 354 to the 3th power exactly,power,power,0.9998696,True
"Can you tell me 53.65 percent of 763,002 for me",percentage,percentage,0.97733057,True
"Tell me take 13,959 away from 813,636 for me",subtraction,subtraction,0.9992495,True
"Please what is the root of 24,790,441",square_root,square_root,0.98984057,True
"Please find the quotient of 1,795,982 and 1,417?",division,division,0.9993618,True
"Help me what monthly payment would I have for 5,316,352 at 20.96% over 3 years for me",emi,emi,0.99812084,True
"Tell me work out the minimum from these numbers 532, -12,414, 3,547, 10,630, -7,669, 13,684",statistics,statistics,0.99674326,True
"I need you to what is the root of 24,956,131 if possible",square_root,square_root,0.98640245,True
"Figure out subtract 56.65% from 188,003",percent_decrease,percent_decrease,0.99718094,True
"Figure out divide 1,157,583 by 2,480 please",division,division,0.99931896,True
"Can you grow 1,154,392 by 66.83 percent please",percent_increase,percentage,0.36431816,False
"I need you to calculate 588,611 / 227 if possible",division,division,0.99674904,True
Help me raise 94 to the 6th power exactly,power,power,0.9999391,True
"I want to calculate increase 1,078,874 by 93.72% if possible",percent_increase,percent_increase,0.99972206,True
"I'd like to know what value of x satisfies 57x + 387 = 24,384 for me",equation,equation,0.9996195,True
"I want to calculate what is 1,258,783 plus 159 for me",addition,addition,0.99286836,True
Help me calculate the cosine of 10.45 degrees for me,trigonometry,trigonometry,0.9999529,True
"Figure out calculate 84,611 + 11,847 exactly",addition,addition,0.993937,True
Help me what is 330 power 7 please,power,power,0.9991036,True
"Please what is the root of 19,474,569 please",square_root,square_root,0.98576075,True
"Work out calculate the mode of -19,891, -10,893, -9,090 if possible",statistics,statistics,0.99566144,True
"I need you to compound interest on 6,495,144 at 17.76% for 25 years",compound_interest,compound_interest,0.9989221,True
"Please subtract 59.81% from 1,142,953?",percent_decrease,percent_decrease,0.99800104,True
"Help me what does 1,663,026 become after a 26.18% increase exactly",percent_increase,percent_increase,0.9973584,True
"Help me calculate 55.61 percent of 1,523,811 please",percentage,percentage,0.99574935,True
"Work out evaluate the square root of 24,718,278 for me",square_root,square_root,0.99959546,True
"Help me add 94.14% to 1,713,366",percent_increase,percent_increase,0.9988167,True
"Help me compound interest on 1,592,694 at 9.58% for 15 years for me",compound_interest,compound_interest,0.9993569,True
I'd like to know raise 919 to the 2th power exactly,power,power,0.99992824,True
"Can you solve 31x - 603 = -3,641",equation,equation,0.99979633,True
"Tell me find x where 94x - 120 equals 10,878 exactly",equation,addition,0.28661126,False
"Figure out find the compound annual growth rate from 645,785 to 2,626,655 over 10 years",cagr,cagr,0.9961767,True
Can you what is 378 power 11 exactly,power,power,0.9971949,True
Could you calculate the cosine of 51.42 degrees?,trigonometry,trigonometry,0.9998647,True
"Please find the compound annual growth rate from 919,652 to 2,342,253 over 16 years please",cagr,cagr,0.9948613,True
I'd like to know evaluate factorial(10) for me,factorial,factorial,0.9933169,True
"I need you to grow 850,982 by 36.88 percent for me",percent_increase,percent_increase,0.3127545,True
Work out factorial of 3 please,factorial,factorial,0.9992791,True
"I need you to calculate the average of -18,181, 8,971, 8,240 please",statistics,statistics,0.993782,True
"Tell me find x where 96x - 764 equals 3,076",equation,addition,0.23655064,False
"I need you to what is 1,245,160 divided by 1,177 for me",division,division,0.9984112,True
"I want to calculate find x where 64x + 46 equals -5,330?",equation,statistics,0.2237849,False
"I'd like to know add 243,674 to 20,249 if possible",addition,addition,0.9846613,True
"Turn 42,312.68 degrees F into Celsius for me",unit_conversion,trigonometry,0.95784587,False
"Figure out what is the maximum in this list: -131, 11,082, 12,422, -18,183, 12,430, 2,763",statistics,statistics,0.741087,True
"Figure out work out 53.46% of 1,712,771 please",percentage,percentage,0.9981505,True
Can you raise 590 to the 3th power please,power,power,0.9999571,True
"Please what is the maximum in this list: -18,590, 12,183, 5,056, 17,642, 1,768, 5,720, 7,942, 1,896, 6,073, 16,611?",statistics,statistics,0.8937106,True
"Figure out evaluate the square root of 1,014,049",square_root,square_root,0.9998282,True
"Please find the product of 1,336,987 and 7,935 exactly",multiplication,multiplication,0.99805176,True
"I need you to CAGR from 515,246 to 774,819 over 16 years if possible",cagr,cagr,0.9893583,True
"I need you to divide 1,744,828 by 1,660 for me",division,division,0.99914086,True
"Figure out calculate 118,526 * 5,930 please",multiplication,multiplication,0.99775225,True
"Convert 55,023.48 Celsius to Fahrenheit",unit_conversion,unit_conversion,0.9663097,True
"Help me decrease 1,213,263 by 54.46%?",percent_decrease,percent_decrease,0.9997644,True
"Help me how much simple interest does 3,744,564 earn at 12.88% for 12 years exactly",simple_interest,simple_interest,0.9964306,True
"Work out subtract 20,661 from 556,608 for me",subtraction,subtraction,0.99341536,True
Help me what does 4214 * 7 + 670 come to please,generic_expression,multiplication,0.6101967,False
"Could you calculate 833,242 - 191 please",subtraction,subtraction,0.998024,True
"Could you evaluate the square root of 15,261,545 exactly",square_root,square_root,0.9995883,True
"I want to calculate find the square root of 14,808,777 please",square_root,square_root,0.9998543,True
"How many feet are 52,089.37 meters?",unit_conversion,unit_conversion,0.9962741,True
"Please find the square root of 5,978,025",square_root,square_root,0.99990964,True
"Can you decrease 32,265 by 17.13% please",percent_decrease,percent_decrease,0.99941826,True
"I want to calculate calculate CAGR if 977,908 grows to 1,556,980 in 15 years for me",cagr,cagr,0.9994861,True
"I want to calculate divide 2,079,442 by 443 if possible",division,division,0.99675506,True
I'd like to know what is 189 power 12?,power,power,0.99958473,True
"I need you to compound interest on 7,395,081 at 2.38% for 23 years exactly",compound_interest,compound_interest,0.9979943,True
I need you to work out the following expression: (3391 - 201) / 21?,generic_expression,generic_expression,0.9889691,True
"Could you increase 101,241 by 13.62% exactly",percent_increase,percent_increase,0.99928004,True
"Figure out reduce 1,577,093 by 2.89 percent for me",percent_decrease,percent_decrease,0.9941403,True
"I'd like to know calculate the median of 14,843, 16,436, -19,431, 7,360, 12,372 exactly",statistics,statistics,0.32739922,True
"Could you add 46.44% to 1,824,029 if possible",percent_increase,percent_increase,0.9993013,True
"Tell me evaluate ln(80,361.08)",logarithm,logarithm,0.9798238,True
Figure out what is tan(142.46),trigonometry,percentage,0.4566831,False
"Work out decrease 185,910 by 33.75%",percent_decrease,percent_decrease,0.9995766,True
"Can you solve 55x - 701 = -3,616?",equation,equation,0.9997003,True
"Work out find the standard deviation for 14,075, 19,966, -19,816, 6,113, 15,899 please",statistics,statistics,0.9944273,True
"Figure out add 44.01% to 897,843 if possible",percent_increase,percent_increase,0.99716526,True
"Help me what monthly payment would I have for 1,820,469 at 6.16% over 6 years",emi,emi,0.9983436,True
Work out calculate 20 to the power of 11,power,power,0.99999964,True
"I want to calculate what value of x satisfies 20x - 804 = 6,136?",equation,equation,0.9994702,True
"I'd like to know decrease 1,398,583 by 96.1% please",percent_decrease,percent_decrease,0.99916995,True
"Help me calculate 854,182 - 11,953 exactly",subtraction,subtraction,0.9965184,True
"Figure out grow 1,981,754 by 50.42 percent please",percent_increase,percentage,0.43336767,False
Work out work out the following expression: 2446 - (969 / 8)?,generic_expression,generic_expression,0.9946084,True
"Please find the square root of 14,753,281 if possible",square_root,square_root,0.99978274,True
"Help me how much simple interest does 4,012,030 earn at 21.03% for 20 years exactly",simple_interest,simple_interest,0.99690956,True
"I need you to add 59.92% to 1,424,703 if possible",percent_increase,percent_increase,0.9990803,True
"Figure out what is 1,061,641 times 16,720 please",multiplication,multiplication,0.99380916,True
"Tell me calculate CAGR if 1,584,710 grows to 6,097,067 in 5 years",cagr,cagr,0.99973506,True
"I need you to decrease 97,123 by 13% exactly",percent_decrease,percent_decrease,0.9997515,True
Work out what does 264 - (765 / 24) come to?,generic_expression,generic_expression,0.42091745,True
"Tell me what is 602,032 plus 21,996 exactly",addition,addition,0.9901378,True
"Work out add 80.46% to 1,230,861 please",percent_increase,percent_increase,0.9985757,True
"Help me reduce 698,901 by 66.7 percent",percent_decrease,percent_decrease,0.99664944,True
"Convert 59,567.58 feet into meters for me",unit_conversion,unit_conversion,0.98654455,True
"Could you calculate 75.5 percent of 717,317?",percentage,percentage,0.99524766,True
"I'd like to know solve 77x + 639 = 35,674 if possible",equation,equation,0.9996567,True
"Figure out what is the mean in this list: 9,808, 3,422, 2,514, 3,034, 18,280, -3,891 for me",statistics,statistics,0.89234257,True
"Please find the square root of 1,681 please",square_root,square_root,0.99995697,True
"I need you to CAGR from 1,808,508 to 3,541,504 over 16 years if possible",cagr,cagr,0.990342,True
"I'd like to know evaluate ln(100,000) please",logarithm,logarithm,0.92349833,True
"Help me what does 707,464 become after a 35.73% increase please",percent_increase,percent_increase,0.9981013,True
"Could you calculate 1,964,859 + 14,689 exactly",addition,addition,0.9969374,True
"Figure out evaluate ln(1,000) exactly",logarithm,logarithm,0.98220336,True
Tell me what does (3747 - 685) / 4 come to?,generic_expression,generic_expression,0.3666953,True
"I'd like to know what does 82,596 become after a 96.92% increase exactly",percent_increase,percent_increase,0.99886334,True
"Figure out find the quotient of 2,416,714 and 1,163 please",division,division,0.9982456,True
Help me find the base 10 log of 10,logarithm,logarithm,0.9870472,True
I'd like to know what value of x satisfies 3x + 798 = -42,equation,equation,0.999925,True
"Figure out what is 158,264 divided by 223?",division,division,0.9990086,True
"Could you add 145,743 to 7,659",addition,addition,0.9945305,True
"Can you simple interest on 5,784,999 at 21.37% for 4 years for me",simple_interest,simple_interest,0.99923396,True
"I'd like to know CAGR from 836,627 to 3,251,799 over 4 years please",cagr,cagr,0.9882443,True
"Help me find the maximum for 19,274, 17,085, -11,333, 507, 8,954, 18,419, -2,259, -6,501, 12,658, -495, 7,932, 17,289",statistics,statistics,0.96734816,True
"Please work out 62.73% of 1,434,563 please",percentage,percentage,0.9985298,True
"How many pounds is 36,970.03 kg please",unit_conversion,unit_conversion,0.99506074,True
"Help me compound interest on 442,577 at 7.5% for 20 years please",compound_interest,compound_interest,0.9995111,True
Please calculate 8!,factorial,trigonometry,0.37762445,False
"Help me grow 303,897 by 16.08 percent?",percent_increase,percent_increase,0.27492353,True
"Figure out find the base 10 log of 1,000 exactly",logarithm,logarithm,0.9319853,True
Figure out what does 14 factorial equal for me,factorial,factorial,0.961814,True
"Work out calculate SI for 5,024,591 with rate 21.34% and time 5 years for me",simple_interest,simple_interest,0.99841833,True
Could you find cosine for an angle of 167.97 degrees,trigonometry,trigonometry,0.9999211,True
Can you give me the value of sin(84) please,generic_expression,generic_expression,0.5101018,True
"I want to calculate solve 64x + 991 = -5,217 exactly",equation,equation,0.99925536,True
"Figure out grow 905,206 by 88.71 percent exactly",percent_increase,percentage,0.460252,False
"Can you calculate CAGR if 1,323,755 grows to 3,311,941 in 17 years if possible",cagr,cagr,0.9996557,True
"Work out find the compound annual growth rate from 527,445 to 544,203 over 19 years for me",cagr,cagr,0.9961434,True
"Help me subtract 6,513 from 1,032,695",subtraction,subtraction,0.99758565,True
I'd like to know evaluate tan at 295.09 degrees,trigonometry,trigonometry,0.9996444,True
"Could you calculate sqrt(18,115,019) please",square_root,square_root,0.9958813,True
Figure out evaluate factorial(12),factorial,factorial,0.9852821,True
Figure out evaluate ln(306.94)?,logarithm,logarithm,0.9918868,True
"Tell me calculate sqrt(22,983,257)",square_root,square_root,0.9969772,True
"I want to calculate what is 844,028 minus 11,285?",subtraction,subtraction,0.99332184,True
Figure out calculate 17! for me,factorial,factorial,0.28610668,True
"Please find the quotient of 2,729,364 and 2,046",division,division,0.998348,True
I'd like to know factorial of 8 exactly,factorial,factorial,0.99879503,True
"Could you calculate 89.53 percent of 753,840 please",percentage,percentage,0.9955942,True
Tell me find sine for an angle of 304.09 degrees?,trigonometry,trigonometry,0.99948585,True
"I want to calculate add 70.91% to 1,509,677 exactly",percent_increase,percent_increase,0.9975502,True
"Can you find the total of 52,097 and 7,562 please",addition,addition,0.9993799,True
"Could you compound interest on 279,127 at 20.85% for 10 years if possible",compound_interest,compound_interest,0.9986443,True
"Can you what value of x satisfies 34x + 147 = 11,979 if possible",equation,equation,0.99975735,True
"Help me find the quotient of 5,053,824 and 1,712",division,division,0.99877435,True
"I'd like to know determine x from 83x - 272 = 20,727 please",equation,equation,0.99970156,True
"I need you to solve 25x + 131 = -5,294?",equation,equation,0.99966264,True
Could you give me the value of (3855 - 22) / 5 exactly,generic_expression,generic_expression,0.86972475,True
"I want to calculate find the total of 1,184,306 and 8,772 for me",addition,addition,0.99760497,True
"Can you decrease 1,615,042 by 86.84% please",percent_decrease,percent_decrease,0.999511,True
"Work out add 39.93% to 1,562,078",percent_increase,percent_increase,0.9983986,True
"Figure out simple interest on 4,803,422 at 10.19% for 19 years please",simple_interest,simple_interest,0.99917823,True
"Please what amount is 4.76% of 1,360,427",percentage,percentage,0.9999243,True
"I need you to what is 1,543,030 plus 10,133 please",addition,addition,0.9970988,True
"Could you grow 1,297,772 by 50.85 percent?",percent_increase,percentage,0.26882645,False
"Please what is the root of 16,630,084 please",square_root,square_root,0.9850354,True
"I want to calculate what does 952,966 become after a 82.15% increase",percent_increase,percent_increase,0.9988445,True
Help me evaluate sin at 40.4 degrees exactly,trigonometry,trigonometry,0.9996086,True
I want to calculate calculate 74 to the power of 4 if possible,power,power,0.9999988,True
Figure out evaluate sin at 158.52 degrees,trigonometry,trigonometry,0.9998147,True
"Figure out evaluate the square root of 9,517,225 please",square_root,square_root,0.99982554,True
Please give me the value of sin(111) exactly,generic_expression,generic_expression,0.41337833,True
Figure out find the factorial for 15?,factorial,factorial,0.99374795,True
Work out what is 706 power 12 if possible,power,power,0.9988575,True
Tell me calculate 3! exactly,factorial,factorial,0.99377835,True
"Help me determine x from 84x - 513 = -20,337?",equation,equation,0.9996754,True
"Work out what is the root of 18,427,291?",square_root,square_root,0.97880185,True
"Tell me calculate the EMI on 6,010,787 at 14.7% for 19 years please",emi,emi,0.64407355,True
"Could you add 1,972,020 to 11,863 for me",addition,addition,0.995411,True
"I want to calculate what is the mode in this list: -7,223, -13,685, 2,224 if possible",statistics,statistics,0.990408,True
"Tell me what does 1,350,556 become after a 16.32% increase please",percent_increase,percent_increase,0.99731344,True
"Could you find the square root of 6,511,912",square_root,square_root,0.9998807,True
Work out what does (2669 - 268) / 7 come to?,generic_expression,generic_expression,0.40439934,True
"Could you tell me 32.07 percent of 1,764,886 for me",percentage,percentage,0.9854881,True
"Help me compound interest on 4,312,338 at 10.17% for 24 years exactly",compound_interest,compound_interest,0.9987245,True
"I'd like to know how much compound interest does 1,706,504 earn at 2.97% for 15 years please",compound_interest,compound_interest,0.9953673,True
Tell me what is cos(313.86)?,trigonometry,percentage,0.46464342,False
Please find the factorial for 17?,factorial,factorial,0.9980642,True
I want to calculate evaluate 583^6 for me,power,power,0.999959,True
"Help me subtract 82.61% from 1,900,317 exactly",percent_decrease,percent_decrease,0.9970482,True
"Help me work out the variance from these numbers -19,366, 1,485, 3,094, 7,340, 3,724 if possible",statistics,statistics,0.76991975,True
"Figure out multiply 1,656,958 by 16,654 for me",multiplication,multiplication,0.9991942,True
"Tell me multiply 1,845,995 by 18,947 please",multiplication,multiplication,0.99958473,True
"Please subtract 50.84% from 1,987,522",percent_decrease,percent_decrease,0.99826944,True
"Please calculate 1,546,637 - 2,447 please",subtraction,subtraction,0.9972253,True
"Tell me monthly EMI for a loan of 1,689,854 at 1.74% over 22 years",emi,emi,0.99999464,True
"I want to calculate calculate 22.61 percent of 583,897 please",percentage,percentage,0.9908851,True
"How many feet are 81,251.63 meters exactly",unit_conversion,unit_conversion,0.9968562,True
Figure out what does 17 factorial equal,factorial,factorial,0.8935752,True
"I need you to calculate log10(10,000) for me",logarithm,logarithm,0.99846715,True
"Figure out calculate CAGR if 1,990,015 grows to 4,835,235 in 8 years please",cagr,cagr,0.999516,True
"I'd like to know simple interest on 930,736 at 21.37% for 10 years please",simple_interest,simple_interest,0.99919516,True
"I want to calculate calculate 593,989 + 9,579 exactly",addition,addition,0.9909079,True
"I want to calculate what is 9,956 times 1,946?",multiplication,multiplication,0.99233377,True
Please give me the value of 2012 * 8 + 513 exactly,generic_expression,generic_expression,0.8028928,True
"Tell me evaluate the square root of 17,201,286 for me",square_root,square_root,0.99973327,True
"Help me tell me 23.66 percent of 1,207,329 please",percentage,percentage,0.9909636,True
"Help me what is 171,245 divided by 1,403 if possible",division,division,0.9994153,True
"I'd like to know decrease 1,536,808 by 5.38% please",percent_decrease,percent_decrease,0.9993511,True
"Please CAGR from 1,427,833 to 3,043,792 over 10 years",cagr,cagr,0.9885867,True
"Can you what is 120,944 minus 18,438 please",subtraction,subtraction,0.99845505,True
"Could you find the base 10 log of 602,378.88 exactly",logarithm,logarithm,0.82634276,True
"Can you what value of x satisfies 15x + 223 = 6,403 please",equation,equation,0.9997819,True
"Could you take 2,374 away from 992,527?",subtraction,subtraction,0.9994491,True
"Can you what amount is 91.9% of 1,644,594 for me",percentage,percentage,0.99991214,True
I need you to evaluate factorial(3) for me,factorial,factorial,0.9893723,True
I'd like to know calculate the sine of 54.77 degrees for me,trigonometry,trigonometry,0.9998498,True
"I want to calculate multiply 215,705 by 5,380 for me",multiplication,multiplication,0.9986883,True
"I'd like to know evaluate the square root of 4,198,401 please",square_root,square_root,0.99959105,True
"Work out simple interest on 3,916,786 at 20.56% for 14 years exactly",simple_interest,simple_interest,0.9990421,True
"Help me calculate the EMI on 5,302,676 at 9.83% for 8 years?",emi,emi,0.63730013,True
"Work out what does 1,060,425 become after a 34.06% increase?",percent_increase,percent_increase,0.9980909,True
"I want to calculate solve 16x + 890 = 3,562?",equation,equation,0.99960774,True
"Could you find the square root of 8,839,522 please",square_root,square_root,0.99980754,True
"I need you to calculate the EMI on 4,027,604 at 9.63% for 24 years if possible",emi,emi,0.6087077,True
"Figure out what is the root of 23,668,225 exactly",square_root,square_root,0.97450715,True
"Tell me find the square root of 17,780,856 please",square_root,square_root,0.99976593,True
"I'd like to know what is 901,222 minus 3,204?",subtraction,subtraction,0.99747497,True
"How many miles are 93,761.38 km please",unit_conversion,unit_conversion,0.99386615,True
"Tell me subtract 5.09% from 1,911,679 for me",percent_decrease,percent_decrease,0.9963554,True
"Could you CAGR from 829,377 to 3,632,123 over 19 years",cagr,cagr,0.9836842,True
"I want to calculate what is the natural log of 10,000 exactly",logarithm,logarithm,0.7787288,True
"Figure out simple interest on 7,802,219 at 17.63% for 21 years",simple_interest,simple_interest,0.99943906,True
"Please determine x from 72x + 599 = -29,137 please",equation,equation,0.99960285,True
"Help me calculate 79.47 percent of 298,283 please",percentage,percentage,0.993669,True
Can you calculate 6! please,factorial,factorial,0.97174937,True
"I want to calculate what is 739,748 minus 19,560 please",subtraction,subtraction,0.9919906,True
"Figure out find the square root of 356,409 for me",square_root,square_root,0.99989104,True
"How many pounds is 73,697.03 kg for me",unit_conversion,unit_conversion,0.99605185,True
"Could you simple interest on 3,632,281 at 14.98% for 17 years for me",simple_interest,simple_interest,0.99917907,True
"I want to calculate monthly EMI for a loan of 2,753,201 at 19.22% over 5 years if possible",emi,emi,0.99998844,True
"Figure out add 1,535,322 to 10,371 for me",addition,addition,0.996021,True
Help me what does 13 factorial equal for me,factorial,factorial,0.9743046,True
"Could you work out the minimum from these numbers -13,913, 12,114, -847 for me",statistics,statistics,0.9938168,True
"Can you find the quotient of 2,974,514 and 733 please",division,division,0.9991567,True
"Tell me what is 454,877 plus 12,285",addition,addition,0.99564517,True
"I need you to multiply 1,037,987 by 2,705 if possible",multiplication,multiplication,0.9990613,True
"Work out multiply 919,025 by 23,918 if possible",multiplication,multiplication,0.99914384,True
"I'd like to know what is 907,572 plus 17,049 for me",addition,addition,0.99652535,True
I want to calculate raise 428 to the 10th power,power,power,0.9999857,True
"Tell me what amount is 2.99% of 138,700 please",percentage,percentage,0.99991214,True
"I want to calculate what is the mode in this list: 4,524, -8,906, -10,205, 5,543, -13,333, 4,252, 7,360, 9,755, -6,169, -12,529, 394, -19,899 for me",statistics,statistics,0.9974663,True
"Can you what is the root of 20,232,004 for me",square_root,square_root,0.9879866,True
Work out calculate the tangent of 66.69 degrees exactly,trigonometry,trigonometry,0.99991274,True
Work out what is sin(45.33) if possible,trigonometry,percentage,0.50186145,False
"Work out calculate the EMI on 269,158 at 5.38% for 6 years?",emi,emi,0.63717043,True
"Can you evaluate the square root of 354,025",square_root,square_root,0.9999578,True
"Work out solve 67x - 786 = -9,630?",equation,equation,0.99966943,True
"How many feet are 23,279.85 meters",unit_conversion,unit_conversion,0.9984207,True
"Tell me find the base 10 log of 999,357.57 if possible",logarithm,logarithm,0.8172972,True
I'd like to know evaluate 761^11,power,power,0.9999944,True
"I need you to calculate the EMI on 7,362,595 at 2.08% for 3 years exactly",emi,emi,0.64131385,True
I need you to raise 369 to the 9th power exactly,power,power,0.99993634,True
"Please add 1,561,833 to 21,959 exactly",addition,addition,0.9909191,True
"Can you what monthly payment would I have for 3,727,138 at 11.56% over 12 years",emi,emi,0.9981427,True
Please calculate 227 to the power of 11 please,power,power,0.9999908,True
"Work out CAGR from 1,765,671 to 4,977,745 over 18 years if possible",cagr,cagr,0.9951037,True
I need you to calculate log10(10) if possible,logarithm,logarithm,0.99909604,True
"Can you reduce 201,462 by 25.01 percent",percent_decrease,percent_decrease,0.9962663,True
"Help me find the quotient of 1,019,965 and 1,254 for me",division,division,0.99883217,True
Help me calculate the cosine of 60.62 degrees,trigonometry,trigonometry,0.99996793,True
"I'd like to know calculate CI for 4,488,253 with rate 9.27% and time 2 years if possible",compound_interest,compound_interest,0.99756587,True
"Could you work out 44.81% of 1,989,875",percentage,percentage,0.99899703,True
"I need you to what is 1,840,393 times 14,712 if possible",multiplication,multiplication,0.9910653,True
"I want to calculate what is 930,806 times 12,128 if possible",multiplication,multiplication,0.9849828,True
Please calculate the cosine of 69.96 degrees for me,trigonometry,trigonometry,0.9999478,True
"Tell me evaluate ln(100,000) for me",logarithm,logarithm,0.93680024,True
"I need you to find the quotient of 767,415 and 1,931",division,division,0.9988703,True
"Could you what monthly payment would I have for 3,480,413 at 17.97% over 12 years exactly",emi,emi,0.9963355,True
"I'd like to know calculate the EMI on 3,143,157 at 18.45% for 10 years?",emi,emi,0.6373694,True
I'd like to know calculate 844 to the power of 7 if possible,power,power,0.9999938,True
"I need you to CAGR from 1,215,942 to 5,019,453 over 2 years?",cagr,cagr,0.9783547,True
"Could you evaluate ln(1,000) if possible",logarithm,logarithm,0.99537426,True
"Please monthly EMI for a loan of 3,457,714 at 2.81% over 8 years?",emi,emi,0.9999931,True
Figure out find sine for an angle of 335.57 degrees,trigonometry,trigonometry,0.9999031,True
"Work out grow 1,151,209 by 12.35 percent for me",percent_increase,percentage,0.32403147,False
Can you what does sin(201) come to,generic_expression,addition,0.19663036,False
"I need you to grow 1,315,734 by 4.8 percent please",percent_increase,percent_increase,0.31644738,True
"Figure out what does 1,712,742 become after a 45.28% increase exactly",percent_increase,percent_increase,0.9964874,True
"I need you to monthly EMI for a loan of 3,401,960 at 13.33% over 1 years if possible",emi,emi,0.9999852,True
"Please what monthly payment would I have for 7,771,596 at 3.53% over 9 years exactly",emi,emi,0.9976839,True
"Figure out add 1,503,467 to 18,518 please",addition,addition,0.99620026,True
Could you work out the following expression: log10(10) + 290 if possible,generic_expression,generic_expression,0.91224605,True
"Figure out subtract 47.68% from 1,146,264 please",percent_decrease,percent_decrease,0.99728584,True
"Could you find the standard deviation for -10,974, -3,922, -6,333 for me",statistics,statistics,0.9991315,True
"I want to calculate monthly EMI for a loan of 2,862,795 at 14.82% over 17 years if possible",emi,emi,0.99998164,True
"I need you to increase 823,779 by 7.89% for me",percent_increase,percent_increase,0.9993358,True
I need you to work out the following expression: log10(1000) + 526 exactly,generic_expression,generic_expression,0.939031,True
Tell me work out the following expression: log10(100) + 344 for me,generic_expression,generic_expression,0.932806,True
Could you what is 370 power 6 if possible,power,power,0.9989064,True
"I want to calculate work out 48.55% of 1,749,281 if possible",percentage,percentage,0.99896145,True
"Figure out what is 766,052 minus 17,369 please",subtraction,subtraction,0.99768066,True
Could you what is the natural log of 100 for me,logarithm,logarithm,0.86001605,True
"I'd like to know simple interest on 3,528,383 at 9.27% for 8 years",simple_interest,simple_interest,0.99932885,True
"Please monthly EMI for a loan of 5,037,832 at 11.2% over 15 years for me",emi,emi,0.99999464,True
"I want to calculate reduce 1,371,365 by 11.44 percent for me",percent_decrease,percent_decrease,0.9886077,True
"Could you monthly EMI for a loan of 2,791,997 at 10.09% over 22 years for me",emi,emi,0.9999924,True
Please calculate the cosine of 171.29 degrees exactly,trigonometry,trigonometry,0.9998665,True
"Figure out CAGR from 879,183 to 1,603,637 over 20 years if possible",cagr,cagr,0.99389195,True
"Please monthly EMI for a loan of 3,975,735 at 7.58% over 4 years please",emi,emi,0.99999106,True
"Help me CAGR from 867,894 to 2,076,431 over 19 years exactly",cagr,cagr,0.9871552,True
"I need you to what does 1,015,209 become after a 19.46% increase exactly",percent_increase,percent_increase,0.99766976,True
"Work out find the standard deviation for 10,501, 3,027, 1,863 for me",statistics,statistics,0.9977831,True
I need you to work out the following expression: sqrt(1263) + 749,generic_expression,generic_expression,0.8308037,True
"I need you to calculate the EMI on 19,497 at 8.75% for 13 years if possible",emi,emi,0.6467816,True
"Can you calculate 1,581,626 * 21,235",multiplication,multiplication,0.9983328,True
"I need you to add 1,584,347 to 6,006 please",addition,addition,0.9952342,True
"Could you what does 1,695,098 become after a 11.53% increase if possible",percent_increase,percent_increase,0.998214,True
"Tell me CAGR from 316,737 to 401,025 over 14 years",cagr,cagr,0.99013853,True
Work out evaluate tan at 9.16 degrees if possible,trigonometry,trigonometry,0.9998124,True
"Figure out what is the root of 15,046,641 please",square_root,square_root,0.9777591,True
"Can you work out 11.16% of 942,774 if possible",percentage,percentage,0.9954809,True
Please calculate the cosine of 37.34 degrees,trigonometry,trigonometry,0.9999651,True
"Help me solve 33x - 317 = 2,026 please",equation,equation,0.9997633,True
"Can you what is 1,843,019 divided by 773?",division,division,0.99877673,True
"Could you calculate 1,093,063 / 953",division,division,0.9991204,True
I want to calculate evaluate factorial(1) if possible,factorial,factorial,0.9758936,True
"Help me evaluate the square root of 24,740,676 exactly",square_root,square_root,0.999622,True
"Please simple interest on 5,674,176 at 20.01% for 10 years?",simple_interest,simple_interest,0.9990044,True
"Could you what is 1,298,552 divided by 1,418 if possible",division,division,0.9990772,True
"Convert 42,323.59 Celsius to Fahrenheit for me",unit_conversion,unit_conversion,0.9544575,True
I'd like to know determine x from 43x - 167 = 736,equation,equation,0.99989355,True
"Work out monthly EMI for a loan of 4,383,620 at 18.64% over 16 years if possible",emi,emi,0.99999106,True
"I want to calculate what is the mode in this list: -17,385, 13,707, -13,186, -7,393, -4,698, -3,819 if possible",statistics,statistics,0.99500847,True
"Tell me what is the root of 7,036,686?",square_root,square_root,0.97630614,True
"Turn 67,171.21 degrees F into Celsius please",unit_conversion,trigonometry,0.9648212,False
"Help me what does 23,932 become after a 10.26% increase?",percent_increase,percent_increase,0.99873966,True
Please evaluate factorial(11) for me,factorial,factorial,0.9960978,True
"Tell me divide 1,058,923 by 1,734 for me",division,division,0.99926704,True
"Can you calculate sqrt(15,421,329) for me",square_root,square_root,0.98869264,True
"Work out find the compound annual growth rate from 797,824 to 3,549,699 over 12 years for me",cagr,cagr,0.996223,True
"Tell me how much compound interest does 1,605,059 earn at 15.71% for 4 years please",compound_interest,compound_interest,0.99555486,True
"Turn 34,682.02 degrees F into Celsius please",unit_conversion,trigonometry,0.9627238,False
I need you to find the factorial for 7,factorial,factorial,0.99347866,True
"Work out calculate the EMI on 3,338,931 at 20.42% for 13 years if possible",emi,emi,0.58731455,True
"I need you to how much simple interest does 5,787,130 earn at 4.64% for 4 years exactly",simple_interest,simple_interest,0.99697447,True
"Figure out what is the median in this list: 8,279, -1,042, 4,845, -12,344, 755, 6,647, 16,549, -9,527, 19,434, -8,546 exactly",statistics,statistics,0.9503388,True
Please what is tan(192.78)?,trigonometry,percentage,0.34907746,False
"I need you to subtract 4,054 from 1,352,165 for me",subtraction,subtraction,0.99696773,True
"How many feet are 83,060.72 meters?",unit_conversion,unit_conversion,0.9965263,True
"Work out evaluate ln(10,000)?",logarithm,logarithm,0.974459,True
"Please what is 1,218,219 minus 8,344 please",subtraction,subtraction,0.99704534,True
I need you to solve 10x - 92 = -492 for me,equation,equation,0.9998832,True
Tell me calculate 9!?,factorial,trigonometry,0.4040091,False
"Tell me calculate 303,251 - 8,219 for me",subtraction,subtraction,0.9957099,True
"Figure out calculate 1,744,850 - 7,077 exactly",subtraction,subtraction,0.99313474,True
"I'd like to know calculate 1,170,741 * 3,025 for me",multiplication,multiplication,0.9977124,True
"I'd like to know calculate sqrt(5,058,001) please",square_root,square_root,0.992595,True
I want to calculate work out the following expression: log10(1000) + 553 exactly,generic_expression,generic_expression,0.95820284,True
"Work out find the product of 1,500,329 and 21,118 please",multiplication,multiplication,0.99885845,True
"Please take 2,498 away from 13,996 if possible",subtraction,subtraction,0.9995302,True
"I need you to tell me 59.51 percent of 311,911 for me",percentage,percentage,0.9606679,True
Work out find the base 10 log of 10?,logarithm,logarithm,0.95828277,True
"Please multiply 930,858 by 3,235",multiplication,multiplication,0.9994425,True
Please work out the following expression: 1853^3 + 460 exactly,generic_expression,generic_expression,0.95576894,True
"I need you to calculate 839,029 * 14,055 if possible",multiplication,multiplication,0.9977302,True
"Could you calculate sqrt(458,766) for me",square_root,square_root,0.9952495,True
"Work out what is 1,572,443 minus 4,164 if possible",subtraction,subtraction,0.9946767,True
"Figure out evaluate ln(10,000) exactly",logarithm,logarithm,0.9344806,True
"I'd like to know what is the root of 4,661,281 please",square_root,square_root,0.9849688,True
"Can you find the total of 1,052,782 and 4,987 if possible",addition,addition,0.9989893,True
Help me raise 543 to the 9th power,power,power,0.99995995,True
"Can you calculate 865,516 / 1,216 if possible",division,division,0.9987068,True
"Figure out add 1,979,500 to 12,955 for me",addition,addition,0.99656516,True
"Can you decrease 585,399 by 51.17% please",percent_decrease,percent_decrease,0.99932957,True
"Can you multiply 1,752,958 by 20,142?",multiplication,multiplication,0.9991584,True
Help me calculate the tangent of 97.24 degrees exactly,trigonometry,trigonometry,0.99990726,True
"Can you work out 57.96% of 1,270,629 for me",percentage,percentage,0.9970235,True
"I'd like to know find x where 17x + 350 equals 8,527",equation,addition,0.33820915,False
"Help me what is 921,918 plus 23,380",addition,addition,0.99397933,True
I want to calculate what is cos(249.59) if possible,trigonometry,percentage,0.3652037,False
"Convert 33,701.01 Celsius to Fahrenheit",unit_conversion,unit_conversion,0.9622754,True
"Help me add 172,601 to 6,169",addition,addition,0.9962275,True
"Figure out calculate SI for 5,282,875 with rate 19.38% and time 9 years",simple_interest,simple_interest,0.9990783,True
"Tell me what amount is 37.39% of 305,239 please",percentage,percentage,0.99988794,True
"Figure out multiply 1,942,835 by 6,530",multiplication,multiplication,0.9995964,True
"Can you find the maximum for 18,077, 16,367, -16,516, 6,124, -1,601?",statistics,statistics,0.8545723,True
"Figure out calculate 4.47 percent of 1,359,709 please",percentage,percentage,0.996119,True
"Could you monthly EMI for a loan of 4,432,130 at 15.41% over 5 years exactly",emi,emi,0.99998534,True
"Could you find the total of 5,387 and 16,639 please",addition,addition,0.99961394,True
"Work out decrease 1,551,221 by 79.81% if possible",percent_decrease,percent_decrease,0.99969673,True
"I need you to what is the mode in this list: 13,696, -1,849, -8,015, -8,301, 902, 15,738, -14,053, -12,231, -11,615, -12,830, -14,095, -13,679?",statistics,statistics,0.98170125,True
"Figure out tell me 22.48 percent of 1,904,362",percentage,percentage,0.9946833,True
"I need you to find the square root of 13,186,500 please",square_root,square_root,0.9997093,True
"Work out calculate sqrt(20,731,612)",square_root,square_root,0.9951401,True
"Figure out calculate the variance of 3,721, -972, -9,016, 15,349, 8,485, -11,937, -10,949, -14,063, -13,509, -8,679, 6,627, 18,083?",statistics,statistics,0.9400791,True
"Work out calculate 278,132 - 15,504?",subtraction,subtraction,0.9970632,True
"I want to calculate what value of x satisfies 68x + 243 = 6,159",equation,equation,0.99954623,True
I want to calculate factorial of 17 for me,factorial,factorial,0.99886453,True
"Work out evaluate the square root of 1,986,690 exactly",square_root,square_root,0.99961734,True
"Could you compound interest on 1,549,155 at 11.15% for 12 years if possible",compound_interest,compound_interest,0.99822146,True
Figure out what is cos(350.52)?,trigonometry,percentage,0.4644439,False
"Please find the compound annual growth rate from 1,585,417 to 7,130,205 over 9 years for me",cagr,cagr,0.9962065,True
"Please solve 52x + 992 = 13,888 for me",equation,equation,0.99961036,True
"Help me CAGR from 525,245 to 1,873,914 over 10 years?",cagr,cagr,0.98231816,True
Work out evaluate 652^2?,power,power,0.9999466,True
"I'd like to know multiply 1,019,577 by 19,140 if possible",multiplication,multiplication,0.99872977,True
"Can you find the quotient of 461,088 and 1,369 for me",division,division,0.998697,True
"Work out what monthly payment would I have for 7,278,382 at 3.45% over 1 years for me",emi,emi,0.99793077,True
"I need you to find the product of 1,192,685 and 24,883 if possible",multiplication,multiplication,0.9982704,True
Could you what is 962 power 8?,power,power,0.99905044,True
"I'd like to know what monthly payment would I have for 461,586 at 18.46% over 20 years exactly",emi,emi,0.9970926,True
"How many feet are 25,087.46 meters please",unit_conversion,unit_conversion,0.9963726,True
"Tell me monthly EMI for a loan of 4,192,558 at 15.81% over 8 years exactly",emi,emi,0.99998915,True
"Can you solve 19x + 402 = 3,765 exactly",equation,equation,0.99964833,True
"Work out what is 1,885,773 minus 21,763 if possible",subtraction,subtraction,0.99327093,True
"Work out calculate 1,000,681 / 993",division,division,0.99774337,True
"Help me find the total of 1,599,813 and 15,975?",addition,addition,0.99914443,True
"I want to calculate find the compound annual growth rate from 898,653 to 2,878,407 over 20 years for me",cagr,cagr,0.9973954,True
"Work out calculate CI for 2,434,826 with rate 3.33% and time 16 years?",compound_interest,compound_interest,0.99887115,True
"Tell me calculate log10(10,000) for me",logarithm,logarithm,0.9991604,True
"Please find the total of 821,385 and 2,481 please",addition,addition,0.99912983,True
"I need you to what is the average in this list: -448, 15,915, -8,613, 2,922, -11,873",statistics,statistics,0.9947996,True
"Could you simple interest on 139,836 at 20.56% for 21 years exactly",simple_interest,simple_interest,0.9989048,True
"Could you what amount is 32.16% of 7,836 if possible",percentage,percentage,0.9999281,True
Work out what is 537 power 11?,power,power,0.9979888,True
"Could you increase 1,443,130 by 4.92% for me",percent_increase,percent_increase,0.99951506,True
Could you find the factorial for 9,factorial,factorial,0.9983058,True
Figure out what does 2559 * 25 + 699 come to for me,generic_expression,multiplication,0.52554303,False
"Can you what monthly payment would I have for 3,969,230 at 1.67% over 16 years?",emi,emi,0.9975121,True
"How many feet are 42,977.91 meters if possible",unit_conversion,unit_conversion,0.99701035,True
"I want to calculate solve 88x - 728 = 12,384 if possible",equation,equation,0.99971086,True
I'd like to know what is sin(308.68) exactly,trigonometry,percentage,0.19546956,False
"Can you calculate sqrt(179,776)",square_root,square_root,0.99941206,True
"Tell me calculate 1,612,181 * 16,347?",multiplication,multiplication,0.9987897,True
"Work out divide 219,663 by 2,402?",division,division,0.999079,True
I want to calculate find the factorial for 15 for me,factorial,factorial,0.9988342,True
I want to calculate factorial of 11?,factorial,factorial,0.99339324,True
"I need you to calculate 75,517 * 16,239",multiplication,multiplication,0.9989285,True
"Could you what is 1,146,548 divided by 371?",division,division,0.9987226,True
"Convert 68,944.29 Celsius to Fahrenheit exactly",unit_conversion,unit_conversion,0.9607906,True
"I need you to what is the natural log of 100,000",logarithm,logarithm,0.9006046,True
Figure out find the base 10 log of 100 for me,logarithm,logarithm,0.9287511,True
"Can you calculate CAGR if 1,565,160 grows to 2,602,047 in 13 years exactly",cagr,cagr,0.9994863,True
"Figure out how much compound interest does 3,523,603 earn at 20.27% for 19 years please",compound_interest,compound_interest,0.9952242,True
"How many miles are 41,523.97 km",unit_conversion,unit_conversion,0.9972356,True
I need you to calculate the tangent of 222.33 degrees for me,trigonometry,trigonometry,0.9999391,True
"Work out find the quotient of 577,654 and 154 for me",division,division,0.9986299,True
"Convert 32,029.2 feet into meters for me",unit_conversion,unit_conversion,0.98559326,True
"I need you to decrease 1,985,057 by 10.27% for me",percent_decrease,percent_decrease,0.99923813,True
"I want to calculate what is 1,547,121 minus 23,585?",subtraction,subtraction,0.98600173,True
"Please work out the mean from these numbers 11,876, 29, 17,794, -1,460, -7,212, 19,327, 1,803, -19,239, 14,315, 372 please",statistics,statistics,0.78939396,True
"I want to calculate find the total of 1,897,155 and 3,468 for me",addition,addition,0.99734586,True
"I want to calculate how much simple interest does 7,746,468 earn at 5.11% for 21 years please",simple_interest,simple_interest,0.997684,True
"Convert 78,374.06 feet into meters for me",unit_conversion,unit_conversion,0.98762286,True
Could you what is 345 power 2 for me,power,power,0.99909914,True
"I want to calculate grow 553,151 by 12.46 percent if possible",percent_increase,percentage,0.5286712,False
"Tell me find the average for 8,691, -11,944, -15,565, -3,903, -7,190, -8,028 for me",statistics,statistics,0.9992694,True
"Tell me find the total of 1,034,130 and 22,281 if possible",addition,addition,0.9981704,True
"Help me increase 1,516,853 by 71.86% please",percent_increase,percent_increase,0.99974245,True
"Can you divide 292,496 by 1,616 please",division,division,0.99958664,True
"Figure out calculate CAGR if 1,508,474 grows to 2,635,165 in 13 years please",cagr,cagr,0.99952805,True
Figure out evaluate this expression: 1421 * 6 + 425 please,generic_expression,generic_expression,0.9997104,True
Tell me factorial of 0,factorial,factorial,0.99967635,True
"Can you simple interest on 1,971,892 at 3.01% for 12 years",simple_interest,simple_interest,0.9995254,True
"Figure out how much simple interest does 3,021,282 earn at 6.84% for 4 years",simple_interest,simple_interest,0.9981926,True
"I need you to calculate 720,853 + 3,736 if possible",addition,addition,0.99655414,True
"Please find the compound annual growth rate from 397,917 to 843,023 over 8 years exactly",cagr,cagr,0.9951383,True
I'd like to know calculate 868 to the power of 4 exactly,power,power,0.9999336,True
"Convert 46,543.1 Celsius to Fahrenheit exactly",unit_conversion,unit_conversion,0.9382289,True
"Tell me CAGR from 136,678 to 521,147 over 9 years exactly",cagr,cagr,0.98555285,True
"I need you to what is 665,680 times 11,568?",multiplication,multiplication,0.99659806,True
"Work out calculate the average of -8,514, -2,181, 19,769, -17,136, 2,903, 10,417, 13,257, -19,680 for me",statistics,statistics,0.9963175,True
"Please what remains after reducing 1,791,815 by 91.78%",percent_decrease,percent_decrease,0.8871498,True
"Work out what is 965,889 times 22,190?",multiplication,multiplication,0.99247885,True
"I'd like to know calculate log10(10,000) for me",logarithm,logarithm,0.998184,True
"I want to calculate divide 400,360 by 1,052 for me",division,division,0.9984475,True
"Tell me calculate 5,427,176 / 1,192 if possible",division,division,0.99712914,True
Could you what is cos(76.73),trigonometry,percentage,0.38586184,False
"Work out monthly EMI for a loan of 5,006,768 at 7.25% over 14 years for me",emi,emi,0.9999957,True
"Tell me monthly EMI for a loan of 7,803,945 at 11.89% over 22 years if possible",emi,emi,0.9999919,True
"I want to calculate divide 1,412,613 by 1,389 if possible",division,division,0.9988971,True
Tell me what is tan(55.99),trigonometry,percentage,0.52516663,False
"Work out divide 1,802,799 by 2,362 for me",division,division,0.99867505,True
"Work out simple interest on 835,379 at 15.46% for 12 years?",simple_interest,simple_interest,0.9995074,True
"I want to calculate calculate the minimum of 7,364, -9,272, 13,935, -5,769, 11,340, 13,346, -2,424, -8,567, -7,259, 3,171, 17,670, -16,915 please",statistics,statistics,0.99906796,True
"I want to calculate what value of x satisfies 77x + 567 = -18,529?",equation,equation,0.99919516,True
"I'd like to know take 13,929 away from 1,094,974 exactly",subtraction,subtraction,0.99875546,True
"Convert 32,304.54 feet into meters",unit_conversion,unit_conversion,0.9922867,True
"Can you find the quotient of 1,487,531 and 885 for me",division,division,0.9986915,True
"Please find the variance for -10,047, -5,541, -10,366, -14,386, 15,021, 13,153, 14,523, 6,174, 11,414, 14,441",statistics,statistics,0.706755,True
"Help me what is the root of 17,422,276 exactly",square_root,square_root,0.9577914,True
"Convert 23,722.88 miles into km if possible",unit_conversion,unit_conversion,0.9839976,True
"I'd like to know what is 122,721 times 3,589 please",multiplication,multiplication,0.9967325,True
"Tell me grow 775,150 by 10.32 percent",percent_increase,percentage,0.50226694,False
"Figure out calculate 64.55 percent of 1,955,197",percentage,percentage,0.99833655,True
"Help me monthly EMI for a loan of 794,439 at 13.09% over 19 years?",emi,emi,0.9999933,True
I'd like to know what is 942 power 10,power,power,0.99977344,True
"Work out how much compound interest does 2,558,510 earn at 15.59% for 5 years for me",compound_interest,compound_interest,0.9966613,True
"I need you to find the quotient of 862,977 and 2,189 if possible",division,division,0.9978052,True
"Please calculate 1,102,131 - 3,884?",subtraction,subtraction,0.99767464,True
"Help me increase 1,310,464 by 21.96% exactly",percent_increase,percent_increase,0.9995307,True
"I need you to what monthly payment would I have for 4,265,806 at 1.87% over 5 years exactly",emi,emi,0.99685067,True
"Help me calculate sqrt(2,819,041) for me",square_root,square_root,0.99534637,True
I'd like to know find the base 10 log of 100 please,logarithm,logarithm,0.9243352,True
Please calculate the sine of 57.11 degrees,trigonometry,trigonometry,0.9999552,True
"I need you to evaluate the square root of 13,409,265?",square_root,square_root,0.99977046,True
Tell me calculate 401 to the power of 12 for me,power,power,0.99999213,True
"I need you to take 4,109 away from 211,608",subtraction,subtraction,0.99939334,True
Could you find the base 10 log of 100 for me,logarithm,logarithm,0.9540588,True
Help me give me the value of (3970 + 979) * 14 please,generic_expression,generic_expression,0.7623218,True
Tell me calculate 8! for me,factorial,factorial,0.6175702,True
"I'd like to know reduce 1,166,306 by 40.6 percent please",percent_decrease,percent_decrease,0.99415994,True
"Work out how much simple interest does 540,874 earn at 16.02% for 2 years for me",simple_interest,simple_interest,0.9984028,True
"Work out what remains after reducing 785,845 by 85.33% please",percent_decrease,percent_decrease,0.83549386,True
"I'd like to know calculate CI for 7,010,669 with rate 21.07% and time 19 years",compound_interest,compound_interest,0.9989887,True
Work out evaluate this expression: (1869 - 205) / 5 please,generic_expression,generic_expression,0.9995266,True
Help me give me the value of 4603 * 18 + 128 exactly,generic_expression,generic_expression,0.8299839,True
"How many pounds is 88,477.88 kg?",unit_conversion,unit_conversion,0.9953615,True
"Help me simple interest on 3,493,032 at 10.3% for 16 years if possible",simple_interest,simple_interest,0.9995484,True
I want to calculate what does sqrt(3275) + 26 come to please,generic_expression,square_root,0.9738082,False
"Can you how much simple interest does 2,471,225 earn at 14.56% for 1 years please",simple_interest,simple_interest,0.99792296,True
Could you raise 915 to the 2th power,power,power,0.9999821,True
"Tell me determine x from 51x - 96 = -16,620",equation,equation,0.9998293,True
"Could you find the total of 1,066,003 and 11,005?",addition,addition,0.99912804,True
"I need you to what is the root of 631,425",square_root,square_root,0.9903757,True
Can you calculate 17! for me,factorial,factorial,0.47800896,True
"Can you calculate the variance of -19,821, 11,813, -14,813, 6,236, 7,131 please",statistics,statistics,0.5557849,True
"I want to calculate what is 1,138,107 plus 15,184 if possible",addition,addition,0.99069715,True
"Could you simple interest on 6,480,587 at 9.61% for 3 years if possible",simple_interest,simple_interest,0.9993488,True
"I want to calculate work out the standard deviation from these numbers -17,224, -11,635, 8,861 for me",statistics,statistics,0.9976369,True
"Work out find the total of 60,937 and 5,736 if possible",addition,addition,0.9985819,True
"Tell me evaluate the square root of 13,408,855 please",square_root,square_root,0.9997843,True
"Figure out CAGR from 289,137 to 1,090,872 over 5 years for me",cagr,cagr,0.9928986,True
"Work out simple interest on 1,652,401 at 14.73% for 10 years for me",simple_interest,simple_interest,0.9994167,True
Work out give me the value of log10(1000) + 700 please,generic_expression,logarithm,0.5103454,False
"Can you reduce 564,157 by 22.72 percent",percent_decrease,percent_decrease,0.9951409,True
"I'd like to know add 991,168 to 13,113",addition,addition,0.99423075,True
"Can you what remains after reducing 1,801,063 by 20.03% for me",percent_decrease,percent_decrease,0.8524184,True
"I need you to find x where 84x - 93 equals -4,041 for me",equation,addition,0.24756046,False
"Can you subtract 1.65% from 1,206,460 exactly",percent_decrease,percent_decrease,0.99622226,True
Figure out give me the value of sin(58) please,generic_expression,generic_expression,0.52167106,True
"I want to calculate calculate CAGR if 1,974,091 grows to 5,711,745 in 4 years for me",cagr,cagr,0.9994678,True
"Figure out what is the natural log of 100,000",logarithm,logarithm,0.80916464,True
"Work out solve 57x - 427 = 13,652 for me",equation,equation,0.9996797,True
"Tell me find the compound annual growth rate from 1,196,568 to 4,255,391 over 6 years?",cagr,cagr,0.99436015,True
"I'd like to know calculate CAGR if 1,200,039 grows to 5,324,556 in 17 years for me",cagr,cagr,0.9995858,True
"Please solve 85x + 647 = 42,042 for me",equation,equation,0.99970573,True
"Help me calculate 1,159,809 - 3,275 if possible",subtraction,subtraction,0.9970816,True
"Tell me what is 1,037,639 minus 18,722 please",subtraction,subtraction,0.996527,True
I want to calculate find cosine for an angle of 205.05 degrees?,trigonometry,trigonometry,0.99977845,True
"Please calculate the median of 1,540, 14,029, -18,912, -7,140, 15,882 for me",statistics,statistics,0.5796077,True
Could you raise 484 to the 6th power please,power,power,0.9999516,True
"Figure out subtract 86.16% from 1,753,776 please",percent_decrease,percent_decrease,0.9974126,True
"I need you to what value of x satisfies 83x + 184 = -8,614 exactly",equation,equation,0.9995285,True
"Could you calculate SI for 2,553,088 with rate 10.09% and time 24 years for me",simple_interest,simple_interest,0.99761,True
"I need you to what remains after reducing 883,287 by 7.06% for me",percent_decrease,percent_decrease,0.8408522,True
"Could you what is 1,074,607 times 549 if possible",multiplication,multiplication,0.99475914,True
Work out calculate the cosine of 73.64 degrees exactly,trigonometry,trigonometry,0.9998965,True
Could you calculate 168 to the power of 4 exactly,power,power,0.9999751,True
"Can you increase 951,190 by 37.35% please",percent_increase,percent_increase,0.999482,True
"Please divide 1,581,209 by 384?",division,division,0.9995339,True
"Tell me what is the root of 6,363,489?",square_root,square_root,0.9771304,True
"Figure out calculate 1,346,468 * 1,179 if possible",multiplication,multiplication,0.9976342,True
"I need you to find the compound annual growth rate from 1,254,063 to 5,348,260 over 8 years exactly",cagr,cagr,0.99334455,True
"Convert 83,508.29 pounds into kilograms?",unit_conversion,unit_conversion,0.9347532,True
"Help me decrease 1,805,510 by 51.09% for me",percent_decrease,percent_decrease,0.99958354,True
"Please what is 1,025,008 plus 23,835 if possible",addition,addition,0.99435955,True
"Work out increase 1,757,615 by 47.16% if possible",percent_increase,percent_increase,0.9997737,True
"Please what monthly payment would I have for 2,290,264 at 17.78% over 5 years",emi,emi,0.99841964,True
"Could you solve 44x + 164 = 5,796 for me",equation,equation,0.9996903,True
"Help me find the median for 10,544, -13,934, -9,583, -12,463, 5,080, -2,545, -18,887, 10,289, 15,221, -6,982, -4,319, 11,839?",statistics,statistics,0.96174765,True
"I need you to what value of x satisfies 54x - 271 = 11,231 if possible",equation,equation,0.9997081,True
"I want to calculate increase 1,885,353 by 33.46% if possible",percent_increase,percent_increase,0.9996568,True
"I want to calculate divide 224,811 by 2,074",division,division,0.9981477,True
I need you to work out the following expression: log10(1000) + 766 exactly,generic_expression,generic_expression,0.9395557,True
"I want to calculate what is the mode in this list: -16,059, 2,364, 1,787, 16,657, -4,679, -5,091, -5,085, -9,562 if possible",statistics,statistics,0.99658006,True
"Help me calculate 944,412 / 1,674 please",division,division,0.998004,True
"Help me what remains after reducing 465,220 by 89.02% exactly",percent_decrease,percent_decrease,0.8336343,True
"Help me what remains after reducing 1,098,712 by 63.03% please",percent_decrease,percent_decrease,0.8378301,True
Tell me work out the following expression: log10(100) + 930 for me,generic_expression,generic_expression,0.9403041,True
Figure out calculate the tangent of 317.85 degrees please,trigonometry,trigonometry,0.9999356,True
"Work out find the compound annual growth rate from 1,728,785 to 4,781,265 over 17 years?",cagr,cagr,0.9944823,True
"Figure out find the quotient of 1,224,980 and 1,860 for me",division,division,0.99867517,True
"I'd like to know calculate SI for 7,528,582 with rate 3.5% and time 25 years?",simple_interest,simple_interest,0.9987925,True
"Tell me add 771,977 to 11,898 for me",addition,addition,0.995738,True
Can you calculate 654 to the power of 3?,power,power,0.9999976,True
Tell me evaluate this expression: sqrt(2429) + 532 for me,generic_expression,generic_expression,0.99236006,True
"Figure out calculate 1,393,185 / 46 please",division,division,0.99698144,True
"Figure out what is the root of 1,444 exactly",square_root,square_root,0.9518736,True
"Please subtract 10,262 from 764,067 please",subtraction,subtraction,0.9963839,True
Convert 503.28 miles into km for me,unit_conversion,unit_conversion,0.99057627,True
"Can you grow 1,810,859 by 62.75 percent exactly",percent_increase,percentage,0.3806996,False
"Tell me calculate 1,976,032 * 21,930?",multiplication,multiplication,0.9986131,True
I'd like to know evaluate this expression: 990^4 + 970 please,generic_expression,generic_expression,0.9897886,True
"Work out divide 1,994,414 by 727?",division,division,0.9996588,True
"How many feet are 90,260.2 meters?",unit_conversion,unit_conversion,0.99592125,True
"Tell me how much simple interest does 2,179,666 earn at 10.13% for 15 years for me",simple_interest,simple_interest,0.99760157,True
I need you to what does log10(1000) + 266 come to?,generic_expression,logarithm,0.93470174,False
"I'd like to know calculate 1,271,430 * 20,359",multiplication,multiplication,0.9966419,True
Work out what is 205 power 7 exactly,power,power,0.99484706,True
"I'd like to know decrease 26,915 by 46.41% if possible",percent_decrease,percent_decrease,0.9990208,True
"Figure out what amount is 17.51% of 235,897",percentage,percentage,0.9998678,True
"Figure out calculate 249,911 * 4,262",multiplication,multiplication,0.99748397,True
"Can you find the compound annual growth rate from 1,524,843 to 3,348,030 over 10 years",cagr,cagr,0.9960509,True
Work out find the factorial for 1 if possible,factorial,factorial,0.99822325,True
"Tell me find the total of 1,445,489 and 19,400?",addition,addition,0.99927634,True
"Tell me evaluate ln(297,147.41) exactly",logarithm,logarithm,0.9687146,True
Help me find cosine for an angle of 76.34 degrees,trigonometry,trigonometry,0.9999417,True
"Convert 77,641.81 miles into km for me",unit_conversion,unit_conversion,0.979536,True
"Help me find the compound annual growth rate from 933,284 to 1,182,958 over 5 years for me",cagr,cagr,0.9961098,True
"I'd like to know calculate the maximum of 3,772, 13,688, -16,791, 17,769, -13,470 exactly",statistics,statistics,0.654166,True
Figure out what does 20 factorial equal if possible,factorial,factorial,0.8683434,True
"I'd like to know what is 354,863 divided by 1,800",division,division,0.99928856,True
